suite,seed,rho,rate_per_s,n_arrivals,api_limit_scale,tier,hardware,arrivals,load_basis,budget_frac,budget_per_hour,lambda,router,acc_slo,sim_s,acc_slo_dataset_avg,worst_group_acc,slo_attainment,api_spend,api_spend_per_hour,self_hosted_cost,ttft_p50,ttft_p95,ttft_p99,e2e_p50,frac_ok,frac_late,frac_abandoned,frac_failed,refusals_429,refusals_queue_full,refusals_budget,share_Llama-3.1-8B-Instruct,share_Qwen3-8B,share_NVIDIA-Nemotron-Nano-9B-v2,share_deepseek-v3-0324,share_qwen3-235b-a22b-2507,share_gpt-5-chat,share_gpt-5,share_gemini-2.5-pro
v1,0,0.3,6.193775849732025,11149,1.0,t1,h100,burstgpt,total,0.1,75.03665787446963,5.820419271287392,oracle_unconstrained,0.931159745268634,,,,,,,,,,,,,,,,,,,,,,,,,,
v1,0,0.3,6.193775849732025,11149,1.0,t1,h100,burstgpt,total,0.1,75.03665787446963,5.820419271287392,predictor_unconstrained,0.8118216880437708,,,,,,,,,,,,,,,,,,,,,,,,,,
v1,0,0.3,6.193775849732025,11149,1.0,t1,h100,burstgpt,total,0.1,75.03665787446963,5.820419271287392,fluid_ceiling,0.8945,,,,,,,,,,,,,,,,,,,,,,,,,,
v1,0,0.3,6.193775849732025,11149,1.0,t1,h100,burstgpt,total,0.1,75.03665787446963,5.820419271287392,random,0.2390797380931025,0.8699264120004955,0.2273561887191797,0.12325931501693639,0.5134092743743833,37.562097997459205,75.12282497003764,4.716706493794518,0.9135253154049039,29.991013715870622,105.72009641551567,21.522009369657326,0.5134092743743833,0.02556283074715221,0.2762579603551888,0.18476993452327564,0.0,0.0009866355726971029,0.996143151852184,0.20638622297963943,0.12019015158310162,0.08350524710736389,0.02663916046282178,0.025921607319042066,0.022692618172033368,0.025921607319042066,0.027715490178491346
v1,0,0.3,6.193775849732025,11149,1.0,t1,h100,burstgpt,total,0.1,75.03665787446963,5.820419271287392,always_best_api,0.04915239034891022,0.9028619679993426,0.05034652107153714,0.01957094467444486,0.05749394564534936,37.615377040056046,75.22938111053449,4.401991235147748,18.089635076645983,133.35832948037526,262.1897782038217,22.26240848566121,0.05749394564534936,0.03157233832630729,0.0,0.9109337160283434,0.0,0.0,2.7593506144048794,0.0,0.0,0.0,0.0,0.0,0.0,0.08906628397165665,0.0
v1,0,0.3,6.193775849732025,11149,1.0,t1,h100,burstgpt,total,0.1,75.03665787446963,5.820419271287392,always_best_self,0.11462911471880886,0.7143946680007502,0.1203918091242601,0.044787354158825746,0.19472598439321911,0.0,0.0,4.617163093727136,26.118119750082144,29.995716341870462,30.014172721030924,73.21568295006546,0.19472598439321911,0.008520943582384071,0.3773432594851556,0.4194098125392412,0.0,1.397703829939905,0.0,0.0,0.2032469279756032,0.0,0.0,0.0,0.0,0.0,0.0
v1,0,0.3,6.193775849732025,11149,1.0,t1,h100,burstgpt,total,0.1,75.03665787446963,5.820419271287392,threshold,0.13844290967799802,0.723799000003055,0.13709562589780536,0.10707564922845314,0.22010942685442642,28.0250636942219,56.04910446742345,4.652694661807505,27.037947746759016,50.230750682750156,82.06469688044446,59.9089657037718,0.22010942685442642,0.04215624719705803,0.3639788321822585,0.37375549376625705,0.0,1.1835142165216612,0.06969234908960445,0.0,0.18898555924298144,0.0,0.0,0.0,0.0,0.07328011480850301,0.0
v1,0,0.3,6.193775849732025,11149,1.0,t1,h100,burstgpt,total,0.1,75.03665787446963,5.820419271287392,static_qc,0.5093281908691363,0.7581459360008012,0.4904250699760613,0.43370165745856354,0.6743205668669836,28.19569410933218,56.39035906959614,4.728225789087244,2.263619860638414,27.037730888991195,62.20117992296246,17.672585339066472,0.6743205668669836,0.01264687415911741,0.07372858552336532,0.23930397345053367,0.04278410619786528,0.0,0.6953986904655126,0.0,0.08682393039734505,0.029868149609830478,0.04466768320028702,0.37384518790922955,0.039196340478966724,0.11256614943044219,0.0
v1,0,0.3,6.193775849732025,11149,1.0,t1,h100,burstgpt,total,0.1,75.03665787446963,5.820419271287392,static_qc_fallback,0.4939007982778725,0.7869443090021377,0.4792178402791767,0.42194323144104806,0.6565611265584357,28.199404560464245,56.397779836427986,4.763766148758733,2.260499799246304,29.393330355091553,64.49528766960145,17.793232410144356,0.6565611265584357,0.013723203874786977,0.14826441833348283,0.18145125123329447,0.013005650731007266,0.0031392950040362365,0.6657996232845995,0.0,0.08709301282626244,0.030854785182527582,0.045385236344066736,0.35635483002959906,0.04054175262355368,0.10996501928424074,8.96941429724639e-05
v1,0,0.3,6.193775849732025,11149,1.0,t1,h100,burstgpt,total,0.1,75.03665787446963,5.820419271287392,shortest_queue,0.45448022244147457,0.5906400200001372,0.4400503767893607,0.31990967256304104,0.8750560588393578,3.423408718952487,6.846692482729918,4.687920022796753,2.0556884120456402,26.17619062798633,29.887294722807518,19.52990906482796,0.8750560588393578,0.002690824289173917,0.054085568212395733,0.06816754865907257,0.233563548300296,0.0,0.0,0.2933895416629294,0.17328908422280026,0.06269620593775227,0.0,0.3483720513050498,0.0,0.0,0.0
v1,0,0.3,6.193775849732025,11149,1.0,t1,h100,burstgpt,total,0.1,75.03665787446963,5.820419271287392,capacity_greedy,0.6878643824558256,0.7952433499995095,0.6586352123512115,0.5614973262032086,0.9584716118037492,25.252864497153496,50.504807259170185,4.761859721800833,2.1063941494136316,15.991915689008957,29.698077228155803,14.926446142450573,0.9584716118037492,0.0064579782940174,0.028881514037133377,0.006188895865100009,0.03363530361467396,0.0,0.0,0.04161808233922325,0.08852811911382187,0.030047537895775404,0.12019015158310162,0.5049780249349718,0.04403982419947977,0.13543815588842048,8.96941429724639e-05
v1,0,0.3,6.193775849732025,11149,1.0,t1,h100,burstgpt,total,0.1,75.03665787446963,5.820419271287392,batch_lp@2s,0.6879540765987981,3.1981855310004903,0.6625983958694328,0.5775401069518716,0.9609830478069782,26.094717348038103,52.18848223312424,4.8055114870377915,3.150727302392056,19.534378767826638,29.84651246379181,16.293433276374003,0.9609830478069782,0.007265225580769576,0.029599067180913086,0.0021526594313391336,0.014440757018566688,0.0,0.0018835770024217418,0.050318414207552245,0.0877208718270697,0.03040631446766526,0.14718808861781327,0.4692797560319311,0.041169611624360926,0.14216521661135528,0.0
v1,0,0.3,6.193775849732025,11149,1.0,t1,h100,burstgpt,total,0.1,75.03665787446963,5.820419271287392,A:knn_capacity_greedy,0.5431428827697551,3.1435076560010202,0.5136607759297979,0.4728682170542636,0.8409722845098215,27.719961242246427,55.43891069977945,4.676254856771297,1.9804347248800696,29.702391107115908,41.902023681235974,18.303999679696403,0.8409722845098215,0.017669746165575387,0.09265404969055521,0.048703919634047896,0.007803390438604359,0.17705623822764374,0.0,0.12673782402009148,0.09408915597811462,0.06933357251771459,0.1691631536460669,0.28056327921786706,0.046820342631626155,0.06978204323257692,0.0021526594313391336
v1,0,0.3,6.193775849732025,11149,1.0,t1,h100,burstgpt,total,0.5,375.18328937234816,3.3891535146758542,oracle_unconstrained,0.931159745268634,,,,,,,,,,,,,,,,,,,,,,,,,,
v1,0,0.3,6.193775849732025,11149,1.0,t1,h100,burstgpt,total,0.5,375.18328937234816,3.3891535146758542,predictor_unconstrained,0.8118216880437708,,,,,,,,,,,,,,,,,,,,,,,,,,
v1,0,0.3,6.193775849732025,11149,1.0,t1,h100,burstgpt,total,0.5,375.18328937234816,3.3891535146758542,fluid_ceiling,0.8945,,,,,,,,,,,,,,,,,,,,,,,,,,
v1,0,0.3,6.193775849732025,11149,1.0,t1,h100,burstgpt,total,0.5,375.18328937234816,3.3891535146758542,random,0.41864741232397523,0.6738005590013927,0.3875087014142446,0.2887700534759358,0.7127096600591981,140.75271572109705,281.50029393695405,4.999039400639505,1.1941365340663879,75.01629188369765,135.8768749893916,15.454358058893263,0.7127096600591981,0.08637545968248274,0.15140371333751906,0.04951116692080007,0.048614225491075434,0.0,0.2675576284868598,0.1548120907704727,0.10476275899183783,0.06978204323257692,0.10637725356534218,0.10431428827697552,0.05883935778993632,0.09875325141268275,0.10144407570185666
v1,0,0.3,6.193775849732025,11149,1.0,t1,h100,burstgpt,total,0.5,375.18328937234816,3.3891535146758542,always_best_api,0.4143869405327832,0.7765469890000531,0.3560017541063476,0.14640572073767408,0.47340568660866444,110.40235132939415,220.80067294855812,4.478196952209981,8.238546764878166,60.641372426190486,151.84592057015305,9.94330994805091,0.47340568660866444,0.0765091039555117,0.0,0.45008520943582386,1.4772625347564805,0.0,0.0,0.0,0.0,0.0,0.0,0.0,0.0,0.5499147905641761,0.0
v1,0,0.3,6.193775849732025,11149,1.0,t1,h100,burstgpt,total,0.5,375.18328937234816,3.3891535146758542,always_best_self,0.11462911471880886,0.7003869619984471,0.1203918091242601,0.044787354158825746,0.19472598439321911,0.0,0.0,4.617163093727136,26.118119750082144,29.995716341870462,30.014172721030924,73.21568295006546,0.19472598439321911,0.008520943582384071,0.3773432594851556,0.4194098125392412,0.0,1.397703829939905,0.0,0.0,0.2032469279756032,0.0,0.0,0.0,0.0,0.0,0.0
v1,0,0.3,6.193775849732025,11149,1.0,t1,h100,burstgpt,total,0.5,375.18328937234816,3.3891535146758542,threshold,0.3119562292582294,0.6787069279998832,0.2619254522908456,0.20165745856353592,0.4141178581038658,91.68941123748664,183.3754757911933,4.649973199152153,14.156690729429101,59.946125276387875,132.75249314257908,27.755709788169042,0.4141178581038658,0.08108350524710736,0.24782491703291776,0.25697371961610904,0.5573594044308907,0.33124046999730916,0.0,0.0,0.16315364606691182,0.0,0.0,0.0,0.0,0.33204771728406135,0.0
v1,0,0.3,6.193775849732025,11149,1.0,t1,h100,burstgpt,total,0.5,375.18328937234816,3.3891535146758542,static_qc,0.6445421114001255,0.7248814839986153,0.6312998846828931,0.39088397790055246,0.796394295452507,92.55090579548232,185.09843346244287,5.154944620970656,3.4117638723492973,38.17519856031593,118.98873572456404,14.86722916060421,0.796394295452507,0.054354650641313125,0.0014351062875594225,0.1478159476186205,0.49977576464256884,0.0,0.0,0.0,0.03480132747331599,0.020719347026639162,0.0014351062875594225,0.3726791640505875,0.052381379495918916,0.36810476275899184,0.0006278590008072473
v1,0,0.3,6.193775849732025,11149,1.0,t1,h100,burstgpt,total,0.5,375.18328937234816,3.3891535146758542,static_qc_fallback,0.6953986904655126,0.7168170820004889,0.6713836422057983,0.5750545851528385,0.8981971477262535,95.47077009728491,190.93805549035554,5.155495603159411,3.1546128648644753,34.56592165307217,113.51880282438033,15.109999934346433,0.8981971477262535,0.05641761592967979,0.03955511705085658,0.005830119293210153,0.2104224594134003,0.0,0.0,0.0,0.0454749304870392,0.02116781774150148,0.03847878733518701,0.42846892097946004,0.05327832092564356,0.36415822046820345,0.003587765718898556
v1,0,0.3,6.193775849732025,11149,1.0,t1,h100,burstgpt,total,0.5,375.18328937234816,3.3891535146758542,shortest_queue,0.45448022244147457,0.6156763059989316,0.4400503767893607,0.31990967256304104,0.8750560588393578,3.423408718952487,6.846692482729918,4.687920022796753,2.0556884120456402,26.17619062798633,29.887294722807518,19.52990906482796,0.8750560588393578,0.002690824289173917,0.054085568212395733,0.06816754865907257,0.233563548300296,0.0,0.0,0.2933895416629294,0.17328908422280026,0.06269620593775227,0.0,0.3483720513050498,0.0,0.0,0.0
v1,0,0.3,6.193775849732025,11149,1.0,t1,h100,burstgpt,total,0.5,375.18328937234816,3.3891535146758542,capacity_greedy,0.7106466947708314,0.7986573390007834,0.686272360234605,0.6096256684491979,0.9571261996591622,34.720017096920856,69.43876690554211,4.739909959851844,2.2840761638339018,18.51179719665902,31.378976465462447,15.327972455692247,0.9571261996591622,0.011839626872365235,0.02547313660417975,0.005561036864292762,0.030047537895775404,0.0,0.0,0.0,0.08440218853708853,0.02556283074715221,0.11489819714772626,0.4887433850569558,0.058032110503184145,0.19643017310969593,0.000896941429724639
v1,0,0.3,6.193775849732025,11149,1.0,t1,h100,burstgpt,total,0.5,375.18328937234816,3.3891535146758542,batch_lp@2s,0.7149071665620235,3.1316799169981095,0.6907214409457283,0.6168122270742358,0.959009776661584,35.94815897974149,71.89500584373316,4.7630228871877485,3.301085333995644,19.36857743428817,32.15988231588085,16.120367105325386,0.959009776661584,0.012019015158310163,0.026280383890931923,0.002690824289173917,0.019463629025024666,0.0,0.0,0.0,0.08458157682303345,0.02529374831823482,0.135348461745448,0.46219391873710647,0.0571351690734595,0.20504081083505246,0.0014351062875594225
v1,0,0.3,6.193775849732025,11149,1.0,t1,h100,burstgpt,total,0.5,375.18328937234816,3.3891535146758542,A:knn_capacity_greedy,0.6734684725087452,3.099048895001033,0.6489089543275198,0.5911602209944752,0.9224145663288187,59.545897646281446,119.08962185413499,4.713095100574849,1.8210534181172306,29.178496060479574,66.85653668108903,15.93401093446829,0.9224145663288187,0.039465422907884115,0.03471163333034353,0.003408377432953628,0.017310969593685534,0.0,0.0,0.0004484707148623195,0.08673423625437258,0.06700152480043053,0.22943761772356266,0.3261279038478787,0.06305498250964212,0.18378329895057852,0.00529195443537537
v1,0,0.7,14.452143649374724,26014,1.0,t1,h100,burstgpt,total,0.1,175.08553504042914,5.820419271287392,oracle_unconstrained,0.9292111939724763,,,,,,,,,,,,,,,,,,,,,,,,,,
v1,0,0.7,14.452143649374724,26014,1.0,t1,h100,burstgpt,total,0.1,175.08553504042914,5.820419271287392,predictor_unconstrained,0.8147151533789498,,,,,,,,,,,,,,,,,,,,,,,,,,
v1,0,0.7,14.452143649374724,26014,1.0,t1,h100,burstgpt,total,0.1,175.08553504042914,5.820419271287392,fluid_ceiling,0.888,,,,,,,,,,,,,,,,,,,,,,,,,,
v1,0,0.7,14.452143649374724,26014,1.0,t1,h100,burstgpt,total,0.1,175.08553504042914,5.820419271287392,random,0.16074037056969323,2.1284627739987627,0.1566119211897359,0.09214158142555609,0.3386253555777658,87.96906202221726,175.93716751614585,4.706097040691027,5.123104196437488,45.08965889374732,124.28698848301835,24.003902211394518,0.3386253555777658,0.02710079188129469,0.27143076804797417,0.3628430844929653,0.016568001845160298,0.26001383870223727,1.1571845929115092,0.1466518028753748,0.06769431844391481,0.03352041208579996,0.02671638348581533,0.027023910202198815,0.011493811024832783,0.026601060967171523,0.026024448373952486
v1,0,0.7,14.452143649374724,26014,1.0,t1,h100,burstgpt,total,0.1,175.08553504042914,5.820419271287392,always_best_api,0.1467094641346967,2.2443161439987307,0.11709943775661058,0.034934497816593885,0.16437302990697317,80.60112842696253,161.20138044058535,4.938028885084262,6.449287822061407,57.91865176258117,191.53643518089422,7.730132082999376,0.16437302990697317,0.024448373952487123,0.0,0.8111785961405397,1.1408856769431845,0.0,1.3653032982240332,0.0,0.0,0.0,0.0,0.0,0.0,0.18882140385946028,0.0
v1,0,0.7,14.452143649374724,26014,1.0,t1,h100,burstgpt,total,0.1,175.08553504042914,5.820419271287392,always_best_self,0.04378411624509879,2.0319184100007988,0.04656701573422913,0.019970774476376036,0.07495963711847467,0.0,0.0,4.65681758331724,29.02824055943657,29.998246099552745,30.018002099267242,81.41937432530244,0.07495963711847467,0.0036134389175059584,0.22449450295994464,0.6969324210040747,0.0,2.1885907588221727,0.0,0.0,0.07857307603598063,0.0,0.0,0.0,0.0,0.0,0.0
v1,0,0.7,14.452143649374724,26014,1.0,t1,h100,burstgpt,total,0.1,175.08553504042914,5.820419271287392,threshold,0.07303759514107788,2.0900799829978496,0.0647491396447833,0.04670912951167728,0.11539940032290305,69.33339737239294,138.66604085069616,4.6610273663150465,28.71280461940637,56.04369333414417,91.36886244970908,47.13371705077151,0.11539940032290305,0.04017067732759284,0.22118859075882216,0.623241331590682,0.051433843315138006,1.915660798031829,0.0,0.0,0.07330668101791343,0.0,0.0,0.0,0.0,0.08226339663258246,0.0
v1,0,0.7,14.452143649374724,26014,1.0,t1,h100,burstgpt,total,0.1,175.08553504042914,5.820419271287392,static_qc,0.48101022526331977,1.873571094001818,0.4515248380622133,0.33711901726735427,0.6283924040901053,71.10310599859986,142.2054388602498,4.765437535505951,2.599949077496376,26.679647679904548,72.09631355017196,13.902542108059379,0.6283924040901053,0.014953486584146998,0.11935880679634044,0.23729530252940725,0.6443453525024987,0.04313062197278388,0.08326285846082879,0.0,0.04489890059198893,0.015145690781886677,0.060505881448450836,0.3514645959867764,0.028792188821403858,0.14253863304374567,0.0
v1,0,0.7,14.452143649374724,26014,1.0,t1,h100,burstgpt,total,0.1,175.08553504042914,5.820419271287392,static_qc_fallback,0.5208541554547551,2.03179602399905,0.48551072526684563,0.3497508401900568,0.6921273160605828,73.82744730415106,147.65409184832944,4.762128063344892,2.333511924284494,26.721142860264955,60.05304210706347,13.713413240800406,0.6921273160605828,0.016452679326516492,0.15756900130698853,0.1338510033059122,0.2913046820942569,0.07492119627892674,0.32617052356423465,0.0,0.04739755516260475,0.016491120166064428,0.14134696701775967,0.33362804643653415,0.027638963634965787,0.14077035442454064,0.0013069885446298148
v1,0,0.7,14.452143649374724,26014,1.0,t1,h100,burstgpt,total,0.1,175.08553504042914,5.820419271287392,shortest_queue,0.3117552087337587,1.9845495049994497,0.29804280150470014,0.23721383341451535,0.5762281848235565,6.09522835410462,12.190390431972885,4.666673661678429,2.810872999023104,26.761196412622315,29.725672597209837,18.431428311600655,0.5762281848235565,0.0016145152610133006,0.04078573076035981,0.38137156915507037,1.218843699546398,0.0,0.0,0.19666333512723919,0.06977012377950334,0.03182901514569078,0.0,0.27958022603213656,0.0,0.0,0.0
v1,0,0.7,14.452143649374724,26014,1.0,t1,h100,burstgpt,total,0.1,175.08553504042914,5.820419271287392,capacity_greedy,0.6583954793572692,1.9581657279995852,0.6182599063776383,0.517467248908297,0.9270777273775659,67.34674848659597,134.6927646808542,4.757581973383501,1.8470414217033522,18.021695924169375,29.98157870776343,13.47941506087409,0.9270777273775659,0.009148919812408703,0.023410471284692858,0.04036288152533251,0.023948643038363956,0.11835934496809411,0.0,0.023218267086953178,0.04520642730837242,0.01610671177058507,0.30172214961174754,0.3701084031675252,0.029099715537787344,0.14853540401322365,0.0022295686937802723
v1,0,0.7,14.452143649374724,26014,1.0,t1,h100,burstgpt,total,0.1,175.08553504042914,5.820419271287392,batch_lp@2s,0.6657953409702468,5.59645065499717,0.6198985387095844,0.5152838427947598,0.9344199277312216,68.99017178989016,137.97959341774109,4.766732091871554,2.8775904602508717,19.126551189648406,30.61037760500468,14.485285819667752,0.9344199277312216,0.010571230875682324,0.05397093872530176,0.0010379026677942646,0.00980241408472361,0.00034596755593142153,0.00038440839547935725,0.024948104866610286,0.05028061812869993,0.018374721303913277,0.3323594987314523,0.33324363804105483,0.02510186822480203,0.16060582763127546,7.688167909587145e-05
v1,0,0.7,14.452143649374724,26014,1.0,t1,h100,burstgpt,total,0.1,175.08553504042914,5.820419271287392,A:knn_capacity_greedy,0.5631198585377105,4.515316582001105,0.530514241019752,0.45633187772925765,0.823594987314523,72.19306895072259,144.38535291282406,4.73830290212768,1.7175562597238923,27.71196925743443,43.747168063484416,14.640184123310569,0.823594987314523,0.016029830091489197,0.0390558929807027,0.12131928961328516,0.03371261628353963,0.3566925501652956,0.0,0.051049434919658646,0.055816099023602676,0.02852310294456831,0.3019912354885831,0.28507726608749134,0.02725455523948643,0.08629968478511571,0.0036134389175059584
v1,0,0.7,14.452143649374724,26014,1.0,t1,h100,burstgpt,total,0.5,875.4276752021457,3.3891535146758542,oracle_unconstrained,0.9292111939724763,,,,,,,,,,,,,,,,,,,,,,,,,,
v1,0,0.7,14.452143649374724,26014,1.0,t1,h100,burstgpt,total,0.5,875.4276752021457,3.3891535146758542,predictor_unconstrained,0.8147151533789498,,,,,,,,,,,,,,,,,,,,,,,,,,
v1,0,0.7,14.452143649374724,26014,1.0,t1,h100,burstgpt,total,0.5,875.4276752021457,3.3891535146758542,fluid_ceiling,0.888,,,,,,,,,,,,,,,,,,,,,,,,,,
v1,0,0.7,14.452143649374724,26014,1.0,t1,h100,burstgpt,total,0.5,875.4276752021457,3.3891535146758542,random,0.44649035134927345,1.6689972460007994,0.4189130111609682,0.3471615720524017,0.7138079495656185,282.10779367815485,564.2125198678211,4.759066484646685,2.434907484450463,61.307529796020845,131.2944450818671,15.950206771910302,0.7138079495656185,0.07396017529022834,0.17913431229338048,0.03309756285077266,0.23210578919043592,0.0721918966710233,0.0,0.1318905204889675,0.062389482586299685,0.03363573460444376,0.16206657953409703,0.15768432382563236,0.03786422695471669,0.11151687552856154,0.09072038133312832
v1,0,0.7,14.452143649374724,26014,1.0,t1,h100,burstgpt,total,0.5,875.4276752021457,3.3891535146758542,always_best_api,0.2466556469593296,2.158051209000405,0.19532260782575864,0.056768558951965066,0.27638963634965785,101.4762246744358,202.95134595095763,4.937841753958778,6.042382039366657,46.00290745978856,118.33516387307048,7.243861055105185,0.27638963634965785,0.027023910202198815,0.0,0.6965864534481433,2.1971630660413624,0.0,0.0,0.0,0.0,0.0,0.0,0.0,0.0,0.3034135465518567,0.0
v1,0,0.7,14.452143649374724,26014,1.0,t1,h100,burstgpt,total,0.5,875.4276752021457,3.3891535146758542,always_best_self,0.04378411624509879,2.0311754329995892,0.04656701573422913,0.019970774476376036,0.07495963711847467,0.0,0.0,4.65681758331724,29.02824055943657,29.998246099552745,30.018002099267242,81.41937432530244,0.07495963711847467,0.0036134389175059584,0.22449450295994464,0.6969324210040747,0.0,2.1885907588221727,0.0,0.0,0.07857307603598063,0.0,0.0,0.0,0.0,0.0,0.0
v1,0,0.7,14.452143649374724,26014,1.0,t1,h100,burstgpt,total,0.5,875.4276752021457,3.3891535146758542,threshold,0.18490043822557084,2.0630597499985015,0.13661880661128442,0.07855626326963906,0.23625739986161298,101.15141247014981,202.30172507421895,4.947270287193258,11.798125192411021,54.33739977152905,132.1485107041295,16.85218715563343,0.23625739986161298,0.035327131544552935,0.1720227569770124,0.5563927116168217,0.9388406242792342,0.8288229414930423,0.0,0.0,0.06573383562697009,0.0,0.0,0.0,0.0,0.20585069577919582,0.0
v1,0,0.7,14.452143649374724,26014,1.0,t1,h100,burstgpt,total,0.5,875.4276752021457,3.3891535146758542,static_qc,0.4914661336203583,2.1493873950021225,0.4822628791468441,0.25796568627450983,0.6052894595217959,108.2521228652331,216.503068655078,4.936675278472683,3.1372128341929937,25.82841690900946,91.14686267641305,12.607379857511773,0.6052894595217959,0.023987083877911895,0.02041208579995387,0.3503113708003383,1.1497270700392097,0.0,0.0,0.0,0.027638963634965787,0.012108864457599754,0.0013454293841777504,0.3186361190128392,0.0315214884293073,0.23733374336895519,0.0006919351118628431
v1,0,0.7,14.452143649374724,26014,1.0,t1,h100,burstgpt,total,0.5,875.4276752021457,3.3891535146758542,static_qc_fallback,0.5830514338433151,2.2081806019996293,0.5283855454046424,0.4279475982532751,0.7616283539632506,132.53288137289383,265.0643216544847,4.93822598961785,2.7419589702951725,27.065374483252437,77.81703754536424,12.666113269987363,0.7616283539632506,0.028984393019143538,0.11124778965172599,0.0981394633658799,0.7199200430537402,0.03194433766433459,0.0,0.0,0.033136003690320597,0.012224186976243561,0.11682171138617667,0.34193126777888827,0.03363573460444376,0.23268240178365496,0.020181440762666255
v1,0,0.7,14.452143649374724,26014,1.0,t1,h100,burstgpt,total,0.5,875.4276752021457,3.3891535146758542,shortest_queue,0.3117552087337587,2.011608728000283,0.29804280150470014,0.23721383341451535,0.5762281848235565,6.09522835410462,12.190390431972885,4.666673661678429,2.810872999023104,26.761196412622315,29.725672597209837,18.431428311600655,0.5762281848235565,0.0016145152610133006,0.04078573076035981,0.38137156915507037,1.218843699546398,0.0,0.0,0.19666333512723919,0.06977012377950334,0.03182901514569078,0.0,0.27958022603213656,0.0,0.0,0.0
v1,0,0.7,14.452143649374724,26014,1.0,t1,h100,burstgpt,total,0.5,875.4276752021457,3.3891535146758542,capacity_greedy,0.6980279849311909,1.964107610998326,0.6560874255794861,0.537117903930131,0.9653648035673099,84.03535662041759,168.0697994855443,4.745216872925114,1.8694295848972615,16.95162882557048,32.27575248900555,13.350586844975709,0.9653648035673099,0.012224186976243561,0.017798108710694243,0.004612900745752287,0.039248097178442375,0.0,0.0,0.0,0.0449757822710848,0.013954024755900669,0.3264396094410702,0.36019066656415777,0.031098639194280003,0.19466441147074653,0.006265856846313524
v1,0,0.7,14.452143649374724,26014,1.0,t1,h100,burstgpt,total,0.5,875.4276752021457,3.3891535146758542,batch_lp@2s,0.7007572845390944,5.061714942003164,0.654110616921141,0.537117903930131,0.9668255554701315,84.73342165987924,169.46592197408364,4.727523648435899,2.8364908206869472,18.35968736058524,33.48036801183307,14.35980634301859,0.9668255554701315,0.014223110632736218,0.017567463673406628,0.0013838702237256861,0.014069347274544477,0.0,0.0,0.0,0.04528330898746829,0.014184669793188283,0.3648804489890059,0.33089874682863074,0.028292457907280695,0.19197355270239103,0.0055354808949027445
v1,0,0.7,14.452143649374724,26014,1.0,t1,h100,burstgpt,total,0.5,875.4276752021457,3.3891535146758542,A:knn_capacity_greedy,0.6711001768278619,4.428996938000637,0.6357103116609716,0.5764192139737991,0.938379334204659,105.94333576263489,211.88551955439135,4.745069459674997,1.5627065175741564,23.516287862148282,50.36590995428507,13.640207262175608,0.938379334204659,0.023295148766049052,0.02744675943722611,0.01087875759206581,0.06373491197047744,0.0,0.0,0.0003075267163834858,0.04789728607672791,0.026524179288075652,0.3898285538556162,0.3041823633428154,0.03459675559314215,0.14849696317367572,0.009840854924271546
v1,0,1.0,20.64591949910675,37163,1.0,t1,h100,burstgpt,total,0.1,250.1221929148988,5.820419271287392,oracle_unconstrained,0.9288270591717569,,,,,,,,,,,,,,,,,,,,,,,,,,
v1,0,1.0,20.64591949910675,37163,1.0,t1,h100,burstgpt,total,0.1,250.1221929148988,5.820419271287392,predictor_unconstrained,0.8128649463175739,,,,,,,,,,,,,,,,,,,,,,,,,,
v1,0,1.0,20.64591949910675,37163,1.0,t1,h100,burstgpt,total,0.1,250.1221929148988,5.820419271287392,fluid_ceiling,0.8909347764987533,,,,,,,,,,,,,,,,,,,,,,,,,,
v1,0,1.0,20.64591949910675,37163,1.0,t1,h100,burstgpt,total,0.1,250.1221929148988,5.820419271287392,random,0.20950945833221216,3.3046807819991955,0.2001873815804798,0.1480099502487562,0.3824771950596023,125.20790478473464,250.41348551556212,4.768808899552848,3.5616758647443696,33.530403947468336,112.09616181110472,19.600544908643446,0.3824771950596023,0.02567069396980868,0.25062562225869817,0.3412264887118909,0.1518714850792455,0.31418346204558295,0.900842235556871,0.12033474154400882,0.04969997040066733,0.026155046686220165,0.07327180259935957,0.06113607620482738,0.011328471867179722,0.03748351855339989,0.028738261173748083
v1,0,1.0,20.64591949910675,37163,1.0,t1,h100,burstgpt,total,0.1,250.1221929148988,5.820419271287392,always_best_api,0.1461937949035331,3.368374754998513,0.11588436045629665,0.03765264586160109,0.16357667572585635,101.88641991914483,203.7709486674989,4.420261862719068,6.153816237295814,55.29193849339322,136.30544414939195,7.354820329720571,0.16357667572585635,0.021150068616634824,0.0,0.8152732556575089,1.6192987649005732,0.0,0.9041250706347711,0.0,0.0,0.0,0.0,0.0,0.0,0.1847267443424912,0.0
v1,0,1.0,20.64591949910675,37163,1.0,t1,h100,burstgpt,total,0.1,250.1221929148988,5.820419271287392,always_best_self,0.030621855070903856,3.264844550998532,0.03346355408584763,0.00983717774762551,0.05241772730942066,0.0,0.0,4.6075361601527565,29.139789362414945,30.00524564531598,30.02073477081778,81.3508413125968,0.05241772730942066,0.003740279310066464,0.18343513709872722,0.7604068562817856,0.0,2.33127034954121,0.0,0.0,0.056158006619487125,0.0,0.0,0.0,0.0,0.0,0.0
v1,0,1.0,20.64591949910675,37163,1.0,t1,h100,burstgpt,total,0.1,250.1221929148988,5.820419271287392,threshold,0.057234345989290426,3.1770149389994913,0.050101523634409416,0.033795493934142114,0.09229610096063288,79.37435110239312,158.7472288930882,4.660483377731903,28.299409204487233,54.18674003890106,83.8775361237632,43.553837105104535,0.09229610096063288,0.030191319322982538,0.18160536017006162,0.695907219546323,0.0844388235610688,2.0608669913623765,0.0,0.0,0.0512875709711272,0.0,0.0,0.0,0.0,0.07119984931248823,0.0
v1,0,1.0,20.64591949910675,37163,1.0,t1,h100,burstgpt,total,0.1,250.1221929148988,5.820419271287392,static_qc,0.41884401151683126,3.002192717998696,0.3849261022401762,0.28751525010166734,0.5493636143476038,86.15712124093807,172.31264327139024,4.747205223976566,2.6520073025892827,24.661310296053955,60.41226741242458,13.029710726471478,0.5493636143476038,0.011328471867179722,0.12194925059871377,0.3173586631865027,0.9355810887172725,0.08172106665231547,0.0,0.0,0.03274762532626537,0.010924844603503485,0.06170115437397412,0.2921992304173506,0.024971073379436538,0.13814815811425343,0.0
v1,0,1.0,20.64591949910675,37163,1.0,t1,h100,burstgpt,total,0.1,250.1221929148988,5.820419271287392,static_qc_fallback,0.5472378440922423,3.5335082579986192,0.47722657867561075,0.3323529411764706,0.7394182385706213,96.7251867347477,193.44857809923874,4.746818138473089,1.99861767410016,22.19443428450995,37.05927350008123,12.286710534614492,0.7394182385706213,0.011947367004816618,0.15865242310900626,0.0899819713155558,0.6096924360250787,0.11062077873153406,0.036730080994537576,0.0,0.03414686650700966,0.011812824583591206,0.2481231332239055,0.28240454215214056,0.02696230121357264,0.1451174555337298,0.0027984823614885775
v1,0,1.0,20.64591949910675,37163,1.0,t1,h100,burstgpt,total,0.1,250.1221929148988,5.820419271287392,shortest_queue,0.25299356887226543,3.2004488769998716,0.2445461853859492,0.1926729986431479,0.4662702149987891,7.570574447210674,15.141008372757371,4.644076074740319,2.9192023627627037,27.16696755909509,29.809319091114247,18.89860737617314,0.4662702149987891,0.001183973306783629,0.03056803810241369,0.5019777735920136,1.5876543874283562,0.0,0.0,0.1529209159648037,0.050265048569814064,0.022899120092565187,0.0,0.2413691036783898,0.0,0.0,0.0
v1,0,1.0,20.64591949910675,37163,1.0,t1,h100,burstgpt,total,0.1,250.1221929148988,5.820419271287392,capacity_greedy,0.6697790813443478,2.8149671319988556,0.622168575525292,0.48970588235294116,0.9592336463687,96.11001388060322,192.21824380951696,4.702249806121297,1.4996550588433024,18.67721030235984,29.951477766098993,12.669090688955027,0.9592336463687,0.008503081021446061,0.02922261389015957,0.0030406587196943197,0.026827758792347226,0.0009148884643328042,0.0,0.020854075289938916,0.03570755859322444,0.01415386271291338,0.4438554476226354,0.2781799101256626,0.021257702553615154,0.1506606032882168,0.003067567203939402
v1,0,1.0,20.64591949910675,37163,1.0,t1,h100,burstgpt,total,0.1,250.1221929148988,5.820419271287392,batch_lp@2s,0.680098485052337,6.575943232001009,0.6218067175219734,0.47941176470588237,0.9660414928827059,95.1455896968655,190.28941334325788,4.682511511727544,2.5515038372371635,17.077328659940548,29.98072905995708,13.497185346428012,0.9660414928827059,0.009660145843984608,0.023006754029545516,0.0012916072437639588,0.013427333638296155,0.0,0.0,0.02120388558512499,0.03449667680219573,0.013212065764335494,0.47555364206334255,0.2620617280628582,0.018109409896940504,0.15063369480397168,0.0004305357479213196
v1,0,1.0,20.64591949910675,37163,1.0,t1,h100,burstgpt,total,0.1,250.1221929148988,5.820419271287392,A:knn_capacity_greedy,0.627573123805936,5.423858312999073,0.5836806007883126,0.47205882352941175,0.9059548475634368,103.38195792903389,206.7619969277601,4.666471522054715,1.3149586164422544,24.606617457104424,38.39014540269506,12.967529806424324,0.9059548475634368,0.01315824879584533,0.033608696822108014,0.047278206818609905,0.0419234184538385,0.1297527110297877,0.0,0.027204477571778383,0.04143906573742701,0.02184968920700697,0.46713128649463176,0.24096547641471355,0.023464198261711918,0.09100449371686893,0.006054408955143557
v1,0,1.0,20.64591949910675,37163,1.0,t1,h100,burstgpt,total,0.5,1250.610964574494,3.3891535146758542,oracle_unconstrained,0.9288270591717569,,,,,,,,,,,,,,,,,,,,,,,,,,
v1,0,1.0,20.64591949910675,37163,1.0,t1,h100,burstgpt,total,0.5,1250.610964574494,3.3891535146758542,predictor_unconstrained,0.8128649463175739,,,,,,,,,,,,,,,,,,,,,,,,,,
v1,0,1.0,20.64591949910675,37163,1.0,t1,h100,burstgpt,total,0.5,1250.610964574494,3.3891535146758542,fluid_ceiling,0.8909347764987533,,,,,,,,,,,,,,,,,,,,,,,,,,
v1,0,1.0,20.64591949910675,37163,1.0,t1,h100,burstgpt,total,0.5,1250.610964574494,3.3891535146758542,random,0.4241718913973576,2.696529835000547,0.39718490144868585,0.3235294117647059,0.6706670613244355,325.7460482042243,651.4860500539683,4.768594169662346,2.5434600892659773,52.963580956282016,127.82879174057761,16.01445322931761,0.6706670613244355,0.059144848370691276,0.18994699028603718,0.08024110001883594,0.34617764981298604,0.1692005489330786,0.0,0.10634232973656593,0.04910798374727551,0.025859053359524257,0.17982940020988616,0.16637515808734493,0.03046040416543336,0.09832360143153136,0.07351397895756533
v1,0,1.0,20.64591949910675,37163,1.0,t1,h100,burstgpt,total,0.5,1250.610964574494,3.3891535146758542,always_best_api,0.20353577482980384,3.3966382250000606,0.16243549168496677,0.045793758480325644,0.22713451551274116,102.29057625762653,204.5792538426906,4.416371129312392,5.7479064931633275,40.91708758180712,94.9250288722925,6.877074367781702,0.22713451551274116,0.018001775959960175,0.0,0.7548637085272987,2.3620536555175846,0.0,0.0,0.0,0.0,0.0,0.0,0.0,0.0,0.24513629147270136,0.0
v1,0,1.0,20.64591949910675,37163,1.0,t1,h100,burstgpt,total,0.5,1250.610964574494,3.3891535146758542,always_best_self,0.030621855070903856,3.1252973869995913,0.03346355408584763,0.00983717774762551,0.05241772730942066,0.0,0.0,4.6075361601527565,29.139789362414945,30.00524564531598,30.02073477081778,81.3508413125968,0.05241772730942066,0.003740279310066464,0.18343513709872722,0.7604068562817856,0.0,2.33127034954121,0.0,0.0,0.056158006619487125,0.0,0.0,0.0,0.0,0.0,0.0
v1,0,1.0,20.64591949910675,37163,1.0,t1,h100,burstgpt,total,0.5,1250.610964574494,3.3891535146758542,threshold,0.15557140166294434,3.2277790080006525,0.11444469827173027,0.05799256505576208,0.19705083012673896,104.12585593725089,208.24977913628737,4.664631495222569,9.79561022172506,47.443261940625625,104.68682558378877,13.744858312920343,0.19705083012673896,0.02424454430481931,0.1454134488604257,0.633291176708016,1.0344697683179507,0.9551973737319377,0.0,0.0,0.04824691225143288,0.0,0.0,0.0,0.0,0.1730484621801254,0.0
v1,0,1.0,20.64591949910675,37163,1.0,t1,h100,burstgpt,total,0.5,1250.610964574494,3.3891535146758542,static_qc,0.4174985873045771,3.4489378440011933,0.3992809973952622,0.19930675909878684,0.5126335333530663,110.13782538178566,220.2736064338316,4.732294529751176,3.168794788846583,22.161583962869678,72.77533631826294,11.466414324597281,0.5126335333530663,0.01598363964157899,0.030729489007884185,0.4406533379974706,1.4328498775663967,0.0,0.0,0.0,0.02131151952210532,0.008556897989936228,0.0013185157280090412,0.27013427333638296,0.025051798832171783,0.20167908941689314,0.000565078169146732
v1,0,1.0,20.64591949910675,37163,1.0,t1,h100,burstgpt,total,0.5,1250.610964574494,3.3891535146758542,static_qc_fallback,0.5209751634690418,3.5456790769967483,0.45498225751981963,0.3397058823529412,0.6900142614966499,155.1932017394356,310.38352285110665,4.730634122071523,2.5851738945166134,25.583067900202135,65.05186096265327,11.960094880354411,0.6900142614966499,0.020854075289938916,0.12824583591206307,0.16088582730134812,0.9531254204450663,0.0631003955547184,0.0,0.0,0.02489034792670129,0.009095067674837877,0.1492344536232274,0.2755966956381347,0.028334633910071846,0.19737373193767996,0.026343406075935744
v1,0,1.0,20.64591949910675,37163,1.0,t1,h100,burstgpt,total,0.5,1250.610964574494,3.3891535146758542,shortest_queue,0.25299356887226543,3.2189764109971293,0.2445461853859492,0.1926729986431479,0.4662702149987891,7.570574447210674,15.141008372757371,4.644076074740319,2.9192023627627037,27.16696755909509,29.809319091114247,18.89860737617314,0.4662702149987891,0.001183973306783629,0.03056803810241369,0.5019777735920136,1.5876543874283562,0.0,0.0,0.1529209159648037,0.050265048569814064,0.022899120092565187,0.0,0.2413691036783898,0.0,0.0,0.0
v1,0,1.0,20.64591949910675,37163,1.0,t1,h100,burstgpt,total,0.5,1250.610964574494,3.3891535146758542,capacity_greedy,0.6860721685547453,2.8893862850018195,0.6378756576047567,0.5029411764705882,0.9644000753437559,112.4815261947897,224.9609645570988,4.711668386750487,1.5253556902478564,15.407969506522202,29.96746168982538,12.662180514292771,0.9644000753437559,0.009606328875494443,0.021257702553615154,0.004735893227134516,0.04003982455668272,0.0,0.0,0.0,0.03161746898797191,0.009929230686435433,0.43336113876705323,0.2886742189812448,0.02478271398972096,0.17603530393132955,0.009606328875494443
v1,0,1.0,20.64591949910675,37163,1.0,t1,h100,burstgpt,total,0.5,1250.610964574494,3.3891535146758542,batch_lp@2s,0.6917229502462127,6.666022580000572,0.638868870090103,0.513235294117647,0.9655033231978043,111.35205837866488,222.70204988953265,4.697997335943941,2.587541303836929,16.23795984927622,31.14000107994586,13.583597845100513,0.9655033231978043,0.01154373974114038,0.02131151952210532,0.001641417538950031,0.015714554799128165,0.0,0.0,0.0,0.032101821704383394,0.009956139170680516,0.47372386513467696,0.264268223770955,0.02176896375427172,0.16747840594139332,0.007749643462583753
v1,0,1.0,20.64591949910675,37163,1.0,t1,h100,burstgpt,total,0.5,1250.610964574494,3.3891535146758542,A:knn_capacity_greedy,0.6700078034604311,5.285709245999897,0.6253546290451742,0.5073529411764706,0.9430347388531604,135.23043232110285,270.45835455456273,4.695055712467057,1.3430243420876051,21.669343657065916,43.17539463983631,12.842470944066918,0.9430347388531604,0.018217043833920834,0.029088071468934155,0.009660145843984608,0.06490326399913893,0.0,0.0,0.0004574442321664021,0.036460996152086755,0.019750827435890538,0.4773565105077631,0.2562764039501655,0.0271775690875333,0.12951053467158194,0.014261496649893712
v1,0,1.3,26.839695348838777,48311,1.0,t1,h100,burstgpt,total,0.1,325.15885078936844,5.820419271287392,oracle_unconstrained,0.9290120262466105,,,,,,,,,,,,,,,,,,,,,,,,,,
v1,0,1.3,26.839695348838777,48311,1.0,t1,h100,burstgpt,total,0.1,325.15885078936844,5.820419271287392,predictor_unconstrained,0.8130342986069425,,,,,,,,,,,,,,,,,,,,,,,,,,
v1,0,1.3,26.839695348838777,48311,1.0,t1,h100,burstgpt,total,0.1,325.15885078936844,5.820419271287392,fluid_ceiling,0.8842793988482638,,,,,,,,,,,,,,,,,,,,,,,,,,
v1,0,1.3,26.839695348838777,48311,1.0,t1,h100,burstgpt,total,0.1,325.15885078936844,5.820419271287392,random,0.2301856720001656,4.321596090998355,0.21283398531026396,0.15137614678899083,0.3963900560948852,162.6400516275644,325.28314408585334,4.792814557575477,2.596784910210431,30.017752447905732,111.50141439102427,16.28821493318746,0.3963900560948852,0.023721305706774855,0.21425762248763222,0.3656310157107077,0.2941566102957919,0.40858189646250337,0.745792883608288,0.10105359027964646,0.03893523214174826,0.019829852414563972,0.11245886030096665,0.06636169816397922,0.010784293432137609,0.04386164641593012,0.026826188652687794
v1,0,1.3,26.839695348838777,48311,1.0,t1,h100,burstgpt,total,0.1,325.15885078936844,5.820419271287392,always_best_api,0.16699095444101758,4.522054098000808,0.13409528701084564,0.036967527932960896,0.18701744944215604,103.61689366825158,207.23572462950509,4.748270324302693,5.666404050277265,36.14603158651726,100.25988271416118,6.76001389147666,0.18701744944215604,0.01333029744778622,0.0,0.7996522531100577,2.491378775020182,0.0,0.0,0.0,0.0,0.0,0.0,0.0,0.0,0.20034774688994225,0.0
v1,0,1.3,26.839695348838777,48311,1.0,t1,h100,burstgpt,total,0.1,325.15885078936844,5.820419271287392,always_best_self,0.023628159218397466,4.227783137001097,0.024792579943420545,0.009209148044692738,0.04005299000227691,0.0,0.0,4.6913275837887145,29.126283390616017,30.002538695916925,30.01796550901571,80.47309282349829,0.04005299000227691,0.0023183125996149947,0.15073171741425348,0.8068969799838546,0.0,2.4714040280681417,0.0,0.0,0.04237130260189191,0.0,0.0,0.0,0.0,0.0,0.0
v1,0,1.3,26.839695348838777,48311,1.0,t1,h100,burstgpt,total,0.1,325.15885078936844,5.820419271287392,threshold,0.049667777524787314,5.851208250998752,0.0420808706995447,0.027266754270696452,0.0792366127796982,83.59927860694006,167.2001202437267,4.652098236197687,27.636819541959312,53.82075241628168,83.84333634655232,41.82860374933347,0.0792366127796982,0.023183125996149946,0.1480201196414895,0.7495601415826624,0.11608122373786509,2.196973774088717,0.0,0.0,0.04129494318064209,0.0,0.0,0.0,0.0,0.06112479559520606,0.0
v1,0,1.3,26.839695348838777,48311,1.0,t1,h100,burstgpt,total,0.1,325.15885078936844,5.820419271287392,static_qc,0.3586346794725839,6.79291061800177,0.3184681025514484,0.25525937948685934,0.47078305147895927,92.1660543006783,184.33383180155775,4.687272585752463,2.656794772324133,24.730354671400114,47.97472541986776,12.41688455872395,0.47078305147895927,0.00916975430026288,0.11467367680238455,0.40537351741839334,1.1595081865413674,0.13514520502577052,0.0,0.0,0.026329407381341725,0.008051996439734222,0.06300842458239324,0.23671627579640248,0.02045082900374656,0.1253958725756039,0.0
v1,0,1.3,26.839695348838777,48311,1.0,t1,h100,burstgpt,total,0.1,325.15885078936844,5.820419271287392,static_qc_fallback,0.5329117592266771,4.5764503220016195,0.44359007154576063,0.26490825688073394,0.7267703007596613,110.55073406974225,221.1035350723551,4.720423034300218,1.7567154904388076,17.066755272853136,33.67150483273566,11.7287418271276,0.7267703007596613,0.010121918403676182,0.1437560803957691,0.11935170044089338,0.7731365527519612,0.16768437829893812,0.0,0.0,0.026722692554490696,0.008403883173604356,0.30440272401730456,0.23671627579640248,0.02403179400136615,0.13324087681894392,0.003373972801225394
v1,0,1.3,26.839695348838777,48311,1.0,t1,h100,burstgpt,total,0.1,325.15885078936844,5.820419271287392,shortest_queue,0.2077787667404939,4.283129535000626,0.19975851408713674,0.1650663407821229,0.37593922709113864,8.020471078403716,16.041092113073656,4.659620044774979,3.09237048920113,27.100228174609814,29.734754469403708,20.058534293872526,0.37593922709113864,0.0006416758088220074,0.023659208047856595,0.5997598890521827,1.8780815963238187,0.0,0.0,0.11781995818757633,0.04057047049326241,0.018898387530790088,0.0,0.19929208668833184,0.0,0.0,0.0
v1,0,1.3,26.839695348838777,48311,1.0,t1,h100,burstgpt,total,0.1,325.15885078936844,5.820419271287392,capacity_greedy,0.6733456148703194,3.6625422920005803,0.6165520179545323,0.4701834862385321,0.9712487839208462,114.85549052120223,229.7131284599745,4.703533694255821,1.2518116385365055,16.250466834736663,29.560886364785926,12.067754092300603,0.9712487839208462,0.006913539359566144,0.019270973484299642,0.0025667032352880296,0.02552213781540436,0.0,0.0,0.01622818819730496,0.02854422388275962,0.010680797333940511,0.5412017966922646,0.22729813086046657,0.018132516404131563,0.1321645173976941,0.003912152511850303
v1,0,1.3,26.839695348838777,48311,1.0,t1,h100,burstgpt,total,0.1,325.15885078936844,5.820419271287392,batch_lp@2s,0.6827016621473371,7.857061968999915,0.6215671564804403,0.4724770642201835,0.9737326902775766,113.2216615108955,226.44543989216558,4.699913165930051,2.4156859021860413,14.875318459294624,29.502510263397806,12.93894246602963,0.9737326902775766,0.00809339487901306,0.017138953861439425,0.0010349609819709797,0.011550164558796133,0.0,6.209765891825878e-05,0.016041895220550186,0.028109540270331808,0.009852828548363727,0.5642193289312993,0.21790068514417008,0.01477924282254559,0.12984620479807912,0.001076359421249819
v1,0,1.3,26.839695348838777,48311,1.0,t1,h100,burstgpt,total,0.1,325.15885078936844,5.820419271287392,A:knn_capacity_greedy,0.630953613048788,6.149360567000258,0.583741772551355,0.45871559633027525,0.911842023555712,124.10443690200918,248.21119414627728,4.700838063560217,1.1512662266175475,19.57417496079938,30.72424642156723,12.198412132531075,0.911842023555712,0.010473805137546314,0.03150421229119662,0.04617995901554511,0.04642834965121815,0.12334664983130136,0.0,0.01771853201134317,0.031380016973360104,0.01579350458487715,0.5491088985945229,0.1963941959388131,0.01978845397528513,0.08381114032000994,0.008321086295046676
v1,0,1.3,26.839695348838777,48311,1.0,t1,h100,burstgpt,total,0.5,1625.7942539468422,3.3891535146758542,oracle_unconstrained,0.9290120262466105,,,,,,,,,,,,,,,,,,,,,,,,,,
v1,0,1.3,26.839695348838777,48311,1.0,t1,h100,burstgpt,total,0.5,1625.7942539468422,3.3891535146758542,predictor_unconstrained,0.8130342986069425,,,,,,,,,,,,,,,,,,,,,,,,,,
v1,0,1.3,26.839695348838777,48311,1.0,t1,h100,burstgpt,total,0.5,1625.7942539468422,3.3891535146758542,fluid_ceiling,0.8842793988482638,,,,,,,,,,,,,,,,,,,,,,,,,,
v1,0,1.3,26.839695348838777,48311,1.0,t1,h100,burstgpt,total,0.5,1625.7942539468422,3.3891535146758542,random,0.40679141396369356,3.7567246520011395,0.3759982882344928,0.268348623853211,0.6310571091469852,343.7740300051246,687.5544874469248,4.713729977480822,2.256114319571342,43.5500335289296,121.66207369100805,14.49489268672189,0.6310571091469852,0.048084287222371715,0.1746393160977831,0.14621928753286,0.47976651280246735,0.2847798637991348,0.0,0.09107656641344622,0.038873134482829995,0.018608598455838215,0.20266605948955724,0.15305003001386847,0.025356544058289004,0.09055908592246072,0.058951377533067006
v1,0,1.3,26.839695348838777,48311,1.0,t1,h100,burstgpt,total,0.5,1625.7942539468422,3.3891535146758542,always_best_api,0.16699095444101758,4.352959436000674,0.13409528701084564,0.036967527932960896,0.18701744944215604,103.61689366825158,207.23572462950509,4.748270324302693,5.666404050277265,36.14603158651726,100.25988271416118,6.76001389147666,0.18701744944215604,0.01333029744778622,0.0,0.7996522531100577,2.491378775020182,0.0,0.0,0.0,0.0,0.0,0.0,0.0,0.0,0.20034774688994225,0.0
v1,0,1.3,26.839695348838777,48311,1.0,t1,h100,burstgpt,total,0.5,1625.7942539468422,3.3891535146758542,always_best_self,0.023628159218397466,4.382977088000189,0.024792579943420545,0.009209148044692738,0.04005299000227691,0.0,0.0,4.6913275837887145,29.126283390616017,30.002538695916925,30.01796550901571,80.47309282349829,0.04005299000227691,0.0023183125996149947,0.15073171741425348,0.8068969799838546,0.0,2.4714040280681417,0.0,0.0,0.04237130260189191,0.0,0.0,0.0,0.0,0.0,0.0
v1,0,1.3,26.839695348838777,48311,1.0,t1,h100,burstgpt,total,0.5,1625.7942539468422,3.3891535146758542,threshold,0.1354556933203618,4.484148366998852,0.09600442926855791,0.0481651376146789,0.1699612924592743,104.39125723054167,208.78446623212122,4.6952032265391965,8.190925767735699,42.891861745271,106.48723394558051,11.347362054050077,0.1699612924592743,0.01769783279170375,0.123822731883008,0.688518142866014,1.1054004264039246,1.0509407795326116,0.0,0.0,0.03889383370246942,0.0,0.0,0.0,0.0,0.14876529154850862,0.0
v1,0,1.3,26.839695348838777,48311,1.0,t1,h100,burstgpt,total,0.5,1625.7942539468422,3.3891535146758542,static_qc,0.346184098859473,4.748280979998526,0.3259030829973782,0.15932982917214192,0.42375442445819794,113.57908945772397,227.16030246854223,4.749285939628258,3.205922899873144,21.8171570680181,72.76387480581451,11.039898891228859,0.42375442445819794,0.012357434124733498,0.036265032808263126,0.5276231086088055,1.695535178323777,0.0,0.0,0.0,0.016931961665045226,0.006934238579205564,0.0012005547390863363,0.21895634534578046,0.020595723541222497,0.170934155782327,0.0005588789302643291
v1,0,1.3,26.839695348838777,48311,1.0,t1,h100,burstgpt,total,0.5,1625.7942539468422,3.3891535146758542,static_qc_fallback,0.4747573016497278,4.90731327800313,0.3999215312987705,0.2786697247706422,0.6336031131626337,172.90240501737935,345.80804273752943,4.74658123587217,2.38277688575873,24.54331099463192,61.0217199678376,11.635031145557043,0.6336031131626337,0.016642172590093353,0.12409182173832047,0.2256628925089524,1.1532156237709839,0.1028958208275548,0.0,0.0,0.020740618078698432,0.007182629214878599,0.17844797251143632,0.22462793152698143,0.023742004926414276,0.16878143693982736,0.026722692554490696
v1,0,1.3,26.839695348838777,48311,1.0,t1,h100,burstgpt,total,0.5,1625.7942539468422,3.3891535146758542,shortest_queue,0.2077787667404939,4.355453673997545,0.19975851408713674,0.1650663407821229,0.37593922709113864,8.020471078403716,16.041092113073656,4.659620044774979,3.09237048920113,27.100228174609814,29.734754469403708,20.058534293872526,0.37593922709113864,0.0006416758088220074,0.023659208047856595,0.5997598890521827,1.8780815963238187,0.0,0.0,0.11781995818757633,0.04057047049326241,0.018898387530790088,0.0,0.19929208668833184,0.0,0.0,0.0
v1,0,1.3,26.839695348838777,48311,1.0,t1,h100,burstgpt,total,0.5,1625.7942539468422,3.3891535146758542,capacity_greedy,0.6854857071888389,3.70454964199962,0.629114196616393,0.4793577981651376,0.9717455651921922,136.13937664238256,272.28129864056876,4.691200979816275,1.2796375591876767,14.369181152415441,29.498541260723957,12.065138933043954,0.9717455651921922,0.007679410486224669,0.016000496781271346,0.00457452754031173,0.038500548529320444,0.0,0.0,0.0,0.02593612220819275,0.00815549253793132,0.5275610109498872,0.23309391235950405,0.020575024321583077,0.1507524166338929,0.013350996667425638
v1,0,1.3,26.839695348838777,48311,1.0,t1,h100,burstgpt,total,0.5,1625.7942539468422,3.3891535146758542,batch_lp@2s,0.689832543313117,7.709081255998171,0.6283872201897086,0.47706422018348627,0.9734842996419035,131.86262472971794,263.7277148541323,4.672726820118345,2.4190380916034258,14.575026961306037,29.904479083105464,13.102173659833255,0.9734842996419035,0.009438844155575336,0.01579350458487715,0.0012833516176440148,0.012191840367618141,0.0,0.0,0.0,0.02695038397052431,0.008072695659373642,0.5627289851172611,0.21922543520109292,0.016973360104324067,0.13928504895365446,0.00968723479124837
v1,0,1.3,26.839695348838777,48311,1.0,t1,h100,burstgpt,total,0.5,1625.7942539468422,3.3891535146758542,A:knn_capacity_greedy,0.6705512202189977,6.01773612100078,0.6208622846147295,0.4954128440366973,0.9519364119972678,162.4144817551878,324.8320001236901,4.688568377824246,1.195103894476233,18.808213069997365,41.3629164115899,12.307491507976906,0.9519364119972678,0.014986235018939786,0.02388689946389021,0.0091904535199023,0.06367079961085467,0.0,0.0,0.0004553828320672311,0.02802674339177413,0.01523462565461282,0.5566641137629111,0.2102212746579454,0.022624247065885617,0.11583283310219204,0.01786342654881911
v1,1,0.3,6.193775849732025,11149,1.0,t1,h100,burstgpt,total,0.1,75.03665787446963,5.427273206834798,oracle_unconstrained,0.924791461117589,,,,,,,,,,,,,,,,,,,,,,,,,,
v1,1,0.3,6.193775849732025,11149,1.0,t1,h100,burstgpt,total,0.1,75.03665787446963,5.427273206834798,predictor_unconstrained,0.8105659700421562,,,,,,,,,,,,,,,,,,,,,,,,,,
v1,1,0.3,6.193775849732025,11149,1.0,t1,h100,burstgpt,total,0.1,75.03665787446963,5.427273206834798,fluid_ceiling,0.8837,,,,,,,,,,,,,,,,,,,,,,,,,,
v1,1,0.3,6.193775849732025,11149,1.0,t1,h100,burstgpt,total,0.1,75.03665787446963,5.427273206834798,random,0.25181630639519237,0.9237437990013859,0.2477979169599012,0.1302748741773132,0.5238137949591891,37.76012860654737,75.51887896005296,4.7132424279813,0.9731766804736708,30.002822037580103,102.46197275383327,25.826414826168048,0.5238137949591891,0.0280742667503812,0.21320297784554668,0.23490896044488294,0.004215624719705803,0.0690644900887972,1.0387478697641044,0.1920351601040452,0.13732173289084224,0.090680778545161,0.02879181989416091,0.02672885460579424,0.020809041169611624,0.027177325320656563,0.02834334917929859
v1,1,0.3,6.193775849732025,11149,1.0,t1,h100,burstgpt,total,0.1,75.03665787446963,5.427273206834798,always_best_api,0.15409453762669298,0.9679425430003903,0.12761668191300482,0.035,0.17248183693604807,37.56730824225815,75.13324526946045,4.04610748506956,6.590029183888489,64.59708278342518,182.48130212509176,7.90181830291057,0.17248183693604807,0.027177325320656563,0.0,0.8003408377432953,1.023768947887703,0.0,1.4573504350165933,0.0,0.0,0.0,0.0,0.0,0.0,0.19965916225670463,0.0
v1,1,0.3,6.193775849732025,11149,1.0,t1,h100,burstgpt,total,0.1,75.03665787446963,5.427273206834798,always_best_self,0.11669208000717553,0.7058370189988636,0.1288207318022109,0.0600077429345722,0.20145304511615392,0.0,0.0,4.66025228884159,27.821509741099675,29.99776381097731,30.01562853595622,76.44826632124273,0.20145304511615392,0.00923849672616378,0.41923042425329626,0.37007803390438604,0.0,1.2023499865458787,0.0,0.0,0.2106915418423177,0.0,0.0,0.0,0.0,0.0,0.0
v1,1,0.3,6.193775849732025,11149,1.0,t1,h100,burstgpt,total,0.1,75.03665787446963,5.427273206834798,threshold,0.13736657996232846,0.7291854750001221,0.1438018816738296,0.11943476577622919,0.2181361557090322,31.993011236656457,63.98485472133007,4.647346709001875,29.079665615966842,54.8402254973221,92.54637073045573,63.46056640377094,0.2181361557090322,0.0509462732083595,0.38550542649564984,0.34541214458695846,0.011929321015337698,1.0356982689030407,0.061530182079110235,0.0,0.2007354919723742,0.0,0.0,0.0,0.0,0.06834693694501749,0.0
v1,1,0.3,6.193775849732025,11149,1.0,t1,h100,burstgpt,total,0.1,75.03665787446963,5.427273206834798,static_qc,0.5483899901336443,0.7552161370003887,0.5257339525326384,0.4457268480351745,0.7389003498071576,27.52987043707435,55.05873602779171,4.683179797045907,2.195184228588687,26.656872247539482,38.45247446548941,16.001615443548346,0.7389003498071576,0.011839626872365235,0.07911023410171315,0.170149789218764,0.30451161539151494,0.0,0.24432684545699165,0.0,0.10234101713158131,0.016683110592878286,0.06637366579962328,0.4064938559512064,0.05471342721320298,0.10413489999103058,0.0
v1,1,0.3,6.193775849732025,11149,1.0,t1,h100,burstgpt,total,0.1,75.03665787446963,5.427273206834798,static_qc_fallback,0.5175352049511167,0.8308778749997145,0.514773441420857,0.4366584226435834,0.7040093281908691,27.582552916741406,55.16409906420367,4.676871359697584,2.1258932015921603,28.450438055860225,42.97321992297097,17.095545206531025,0.7040093281908691,0.014081980446676832,0.11220737285855234,0.1697013185039017,0.06897479594582474,0.03498071575926092,0.5662391245851646,0.0,0.11041348999910305,0.024038030316620326,0.07399766795228271,0.3655036326127904,0.04995963763566239,0.09283343797650014,0.0013454121445869585
v1,1,0.3,6.193775849732025,11149,1.0,t1,h100,burstgpt,total,0.1,75.03665787446963,5.427273206834798,shortest_queue,0.35841779531796575,0.7267901210034324,0.35087583795316063,0.20596205962059622,0.7934343887344156,1.6575123689053726,3.3149642382428537,4.582011887767917,1.780293017826839,22.853174048262616,29.505106037900646,16.336228419546494,0.7934343887344156,0.000896941429724639,0.04251502376894789,0.16315364606691182,0.5604090052919545,0.0,0.0,0.37877836577271506,0.17571082608305677,0.06493855951206386,0.0,0.1749035787963046,0.0,0.0,0.0
v1,1,0.3,6.193775849732025,11149,1.0,t1,h100,burstgpt,total,0.1,75.03665787446963,5.427273206834798,capacity_greedy,0.6733339312942865,0.811442767000699,0.6545950807048367,0.5845012366034625,0.9555117050856579,24.429835900333273,48.85878010625548,4.658673588794898,1.7547046320550503,20.0089776429086,29.76506596822469,15.147363675903442,0.9555117050856579,0.006009507579155081,0.03668490447573773,0.001793882859449278,0.013185039016952192,0.0,0.0,0.02206475917122612,0.12906987173737555,0.0345322450443986,0.19562292582294377,0.4202170598259934,0.05641761592967979,0.10108529912996682,0.0025114360032289893
v1,1,0.3,6.193775849732025,11149,1.0,t1,h100,burstgpt,total,0.1,75.03665787446963,5.427273206834798,batch_lp@2s,0.6741411785810386,3.341373471001134,0.6526700218483755,0.5834020335256939,0.9519239393667593,24.495493315180283,48.99009253943934,4.667224132386139,2.834541167542284,21.648607246800022,29.902126587327906,16.389250442056195,0.9519239393667593,0.006816754865907256,0.03955511705085658,0.001704188716476814,0.011570544443447843,0.0,0.0,0.020809041169611624,0.12862140102251324,0.0345322450443986,0.20315723383263073,0.40505874966364697,0.05345770921158848,0.11301462014530451,8.96941429724639e-05
v1,1,0.3,6.193775849732025,11149,1.0,t1,h100,burstgpt,total,0.1,75.03665787446963,5.427273206834798,A:knn_capacity_greedy,0.558973899004395,3.1715351159982674,0.5512112311894173,0.48337455344874963,0.8302089873531259,29.779211680024673,59.557336412239735,4.706202969267105,1.860369184774541,29.542744495426305,45.636815628928375,18.754040878509386,0.8302089873531259,0.018028522737465243,0.07283164409364068,0.07893084581576823,0.01219840344425509,0.26890304063144677,0.0,0.06556641851287111,0.12996681316710018,0.07758543367118127,0.17876042694412056,0.26594313391335545,0.050318414207552245,0.07857206924387837,0.0015248004305318862
v1,1,0.3,6.193775849732025,11149,1.0,t1,h100,burstgpt,total,0.5,375.18328937234816,3.1946902925992617,oracle_unconstrained,0.924791461117589,,,,,,,,,,,,,,,,,,,,,,,,,,
v1,1,0.3,6.193775849732025,11149,1.0,t1,h100,burstgpt,total,0.5,375.18328937234816,3.1946902925992617,predictor_unconstrained,0.8105659700421562,,,,,,,,,,,,,,,,,,,,,,,,,,
v1,1,0.3,6.193775849732025,11149,1.0,t1,h100,burstgpt,total,0.5,375.18328937234816,3.1946902925992617,fluid_ceiling,0.8837,,,,,,,,,,,,,,,,,,,,,,,,,,
v1,1,0.3,6.193775849732025,11149,1.0,t1,h100,burstgpt,total,0.5,375.18328937234816,3.1946902925992617,random,0.48515561933805723,0.6554916360000789,0.461215410906312,0.38366240805265195,0.7969324603103417,144.89607038182112,289.78685202504107,4.818961493173406,1.5670604138797444,67.9828941515919,132.3325734348513,16.684551805190722,0.7969324603103417,0.09274374383352767,0.09911202798457261,0.011211767871557986,0.1120279845726074,0.0,0.03838909319221455,0.13561754417436542,0.10413489999103058,0.08682393039734505,0.13687326217597992,0.13346488474302629,0.0680778545161001,0.1190241277244596,0.10565970042156247
v1,1,0.3,6.193775849732025,11149,1.0,t1,h100,burstgpt,total,0.5,375.18328937234816,3.1946902925992617,always_best_api,0.4060902323078303,0.8318732970001292,0.34674890218318266,0.165,0.467127096600592,111.20222264813492,222.40038639055967,4.1811280327835805,8.774688397472573,57.597865913653266,133.86544658671684,10.657955225546303,0.467127096600592,0.08538882410978563,0.0,0.44748407928962236,1.468651897031124,0.0,0.0,0.0,0.0,0.0,0.0,0.0,0.0,0.5525159207103776,0.0
v1,1,0.3,6.193775849732025,11149,1.0,t1,h100,burstgpt,total,0.5,375.18328937234816,3.1946902925992617,always_best_self,0.11669208000717553,0.7138614340001368,0.1288207318022109,0.0600077429345722,0.20145304511615392,0.0,0.0,4.66025228884159,27.821509741099675,29.99776381097731,30.01562853595622,76.44826632124273,0.20145304511615392,0.00923849672616378,0.41923042425329626,0.37007803390438604,0.0,1.2023499865458787,0.0,0.0,0.2106915418423177,0.0,0.0,0.0,0.0,0.0,0.0
v1,1,0.3,6.193775849732025,11149,1.0,t1,h100,burstgpt,total,0.5,375.18328937234816,3.1946902925992617,threshold,0.303166203246928,0.7253232119983295,0.2627589349288892,0.19,0.40371333751906,99.46453018893953,198.92542990053855,4.788025883892529,18.44311832988572,62.92704203226083,118.26235315737954,32.64819596211123,0.40371333751906,0.10045744012915957,0.2143690017041887,0.2814602206475917,0.5091936496546775,0.4100816216701049,0.0,0.0,0.16611355278500314,0.0,0.0,0.0,0.0,0.33805722486321643,0.0
v1,1,0.3,6.193775849732025,11149,1.0,t1,h100,burstgpt,total,0.5,375.18328937234816,3.1946902925992617,static_qc,0.6084850659251951,0.7740924829995492,0.590044021208133,0.4331476323119777,0.7561216252578706,102.76129260261041,205.51883439532338,5.23769788590637,3.1944623691820198,52.772299841736285,131.72283480292913,14.971427936996264,0.7561216252578706,0.07166562023499866,0.00367745986187102,0.16853529464525965,0.5724280204502646,0.0,0.0,0.0,0.04179747062516818,0.015517086734236255,0.015517086734236255,0.3672078213292672,0.0648488653690914,0.32289891470087,0.0
v1,1,0.3,6.193775849732025,11149,1.0,t1,h100,burstgpt,total,0.5,375.18328937234816,3.1946902925992617,static_qc_fallback,0.6483989595479415,0.7576674160009134,0.6139415019019738,0.5149766419345975,0.8375639070768679,109.45131887809293,218.8986427588504,5.235149149298877,3.0241902687653237,48.2345692490469,121.40193530555031,15.057483541150198,0.8375639070768679,0.07561216252578706,0.059736299219660956,0.027087631177684098,0.3249618799892367,0.0015248004305318862,0.0,0.0,0.04753789577540587,0.01677280473585075,0.06269620593775227,0.3856848147815948,0.06529733608395372,0.32316799712978744,0.012019015158310163
v1,1,0.3,6.193775849732025,11149,1.0,t1,h100,burstgpt,total,0.5,375.18328937234816,3.1946902925992617,shortest_queue,0.35841779531796575,0.7174148080011946,0.35087583795316063,0.20596205962059622,0.7934343887344156,1.6575123689053726,3.3149642382428537,4.582011887767917,1.780293017826839,22.853174048262616,29.505106037900646,16.336228419546494,0.7934343887344156,0.000896941429724639,0.04251502376894789,0.16315364606691182,0.5604090052919545,0.0,0.0,0.37877836577271506,0.17571082608305677,0.06493855951206386,0.0,0.1749035787963046,0.0,0.0,0.0
v1,1,0.3,6.193775849732025,11149,1.0,t1,h100,burstgpt,total,0.5,375.18328937234816,3.1946902925992617,capacity_greedy,0.6964301731096959,0.809350892999646,0.6719569139489168,0.597691673536686,0.9541662929410709,34.01154529393352,68.02184915894487,4.622524786911426,1.9583781677298688,20.2679702617718,32.131060735888425,15.418264171989296,0.9541662929410709,0.011570544443447843,0.030226926181720334,0.004036236433760876,0.026190689747959458,0.0,0.0,0.0,0.09982958112835232,0.024038030316620326,0.18073369808951475,0.43268454569916587,0.07220378509283344,0.15185218405238138,0.004395013005650731
v1,1,0.3,6.193775849732025,11149,1.0,t1,h100,burstgpt,total,0.5,375.18328937234816,3.1946902925992617,batch_lp@2s,0.6969234908960444,3.2804057800021837,0.6713807236282454,0.5985160758450123,0.9573055879451072,33.0282304029879,66.05525526826453,4.626549606601686,2.994091646490176,20.897835303247902,30.757295541480072,16.26564768968001,0.9573055879451072,0.010942685442640595,0.029599067180913086,0.0021526594313391336,0.01677280473585075,0.0,0.0,0.0,0.10090591084402188,0.023589559601758004,0.2017221275450713,0.4128621401022513,0.06816754865907257,0.16010404520584806,0.000896941429724639
v1,1,0.3,6.193775849732025,11149,1.0,t1,h100,burstgpt,total,0.5,375.18328937234816,3.1946902925992617,A:knn_capacity_greedy,0.6613149161359764,3.1452843170009146,0.6422889855926517,0.5801044242923881,0.918019553323168,54.41442337009903,108.82686060171564,4.706971331756161,1.7165456406234227,27.391777452043467,68.10225273764217,15.744409021196534,0.918019553323168,0.030765091039555117,0.041528388196250786,0.0096869674410261,0.04807606063324065,0.0,0.0,8.96941429724639e-05,0.101892546416719,0.06466947708314646,0.24316082159834962,0.30200017938828594,0.06404161808233923,0.1667414117858104,0.006188895865100009
v1,1,0.7,14.452143649374724,26014,1.0,t1,h100,burstgpt,total,0.1,175.08553504042914,5.427273206834798,oracle_unconstrained,0.9268470823402783,,,,,,,,,,,,,,,,,,,,,,,,,,
v1,1,0.7,14.452143649374724,26014,1.0,t1,h100,burstgpt,total,0.1,175.08553504042914,5.427273206834798,predictor_unconstrained,0.8112746982394096,,,,,,,,,,,,,,,,,,,,,,,,,,
v1,1,0.7,14.452143649374724,26014,1.0,t1,h100,burstgpt,total,0.1,175.08553504042914,5.427273206834798,fluid_ceiling,0.88265,,,,,,,,,,,,,,,,,,,,,,,,,,
v1,1,0.7,14.452143649374724,26014,1.0,t1,h100,burstgpt,total,0.1,175.08553504042914,5.427273206834798,random,0.1903782578611517,2.184388707002654,0.1819611140016744,0.10845861556253097,0.400130698854463,87.83352612721865,175.66609719989304,4.652054617998907,2.161512489878419,34.69570736184585,110.76959558287362,19.5212287854152,0.400130698854463,0.02617821173214423,0.25259475666948566,0.32109633274390714,0.026524179288075652,0.20146844007073114,1.0833397401399247,0.17125394018605367,0.07926501114784347,0.04143922503267471,0.03194433766433459,0.03140616591066349,0.01322364880448989,0.03094487583608826,0.026831706004459138
v1,1,0.7,14.452143649374724,26014,1.0,t1,h100,burstgpt,total,0.1,175.08553504042914,5.427273206834798,always_best_api,0.1042515568540017,2.302901645001839,0.08988655992869304,0.03792415169660679,0.11870531252402552,87.92144846933661,175.84194092810873,4.733959139298127,8.239641736654676,81.5791509627353,212.89836895447817,9.938632861365136,0.11870531252402552,0.028945952179595603,0.0,0.8523487352963789,0.9822018912893058,0.0,1.6317367571307757,0.0,0.0,0.0,0.0,0.0,0.0,0.14765126470362114,0.0
v1,1,0.7,14.452143649374724,26014,1.0,t1,h100,burstgpt,total,0.1,175.08553504042914,5.427273206834798,always_best_self,0.04947336049819328,2.038235130999965,0.05501953476348972,0.022302990252767222,0.08472361036365034,0.0,0.0,4.629890161425217,29.315049774562112,30.00256048698831,30.020087048176755,81.99262890692955,0.08472361036365034,0.005343276697163066,0.2889982317213808,0.6209348812178058,0.0,1.9933881755977552,0.0,0.0,0.09006688706081341,0.0,0.0,0.0,0.0,0.0,0.0
v1,1,0.7,14.452143649374724,26014,1.0,t1,h100,burstgpt,total,0.1,175.08553504042914,5.427273206834798,threshold,0.07305681556085185,2.0354470390011556,0.06885170638227449,0.0519159456118665,0.11413085261782117,73.33213376579806,146.66347015739655,4.63549641319425,29.517339937256565,65.5052774136157,93.04154918187264,55.91609892747965,0.11413085261782117,0.04520642730837242,0.28077189205812253,0.5598908280156839,0.05435534712078112,1.7355270239102023,0.011263165987545167,0.0,0.08756823249019759,0.0,0.0,0.0,0.0,0.071769047435996,0.0
v1,1,0.7,14.452143649374724,26014,1.0,t1,h100,burstgpt,total,0.1,175.08553504042914,5.427273206834798,static_qc,0.508360882601676,1.822658629000216,0.4993712906990764,0.3480181332093456,0.6779810871069424,60.79318134943969,121.58570166650752,4.662208264563207,2.280434755171086,25.384227511249538,41.04006914561694,14.494191129663704,0.6779810871069424,0.011378488506188975,0.10271392327208426,0.20792650111478433,0.5721918966710233,0.10002306450372876,0.0,0.0,0.051318520796494196,0.016145152610133006,0.07707388329361113,0.39590220650419006,0.04266933189820866,0.10625048051049435,0.0
v1,1,0.7,14.452143649374724,26014,1.0,t1,h100,burstgpt,total,0.1,175.08553504042914,5.427273206834798,static_qc_fallback,0.5487622049665565,2.014995410001575,0.508636199903714,0.40230152272463093,0.750019220419774,67.89944841820397,135.79815853430827,4.873422024981903,2.0017088753457273,25.94924367170683,41.60167010796839,13.656811173091995,0.750019220419774,0.012454832013531175,0.13984777427539016,0.09767817329130468,0.3565003459675559,0.062081955869916196,0.19793188283232105,0.0,0.05170292919197355,0.018951333897132314,0.1879757053894057,0.35407857307603596,0.03886368878296302,0.10455908357038518,0.006342738525409395
v1,1,0.7,14.452143649374724,26014,1.0,t1,h100,burstgpt,total,0.1,175.08553504042914,5.427273206834798,shortest_queue,0.369032059660183,1.8564275140015525,0.3577815261603998,0.28283495787212953,0.6805950641962021,7.587675032216794,15.175267560134383,4.634710613459536,2.982065574232024,26.96667596676334,29.852385991082357,20.287897324379685,0.6805950641962021,0.001691396940109172,0.04297685861459214,0.27473668024909664,0.8804489890059198,0.0,0.0,0.22384100868762974,0.08610748058737602,0.037287614361497655,0.0,0.33505035749980777,0.0,0.0,0.0
v1,1,0.7,14.452143649374724,26014,1.0,t1,h100,burstgpt,total,0.1,175.08553504042914,5.427273206834798,capacity_greedy,0.6409625586222804,1.901055416001327,0.6068184263567923,0.5489021956087824,0.9217728915199508,55.89547943400612,111.79035109061802,4.696196666605619,1.6907137765060725,23.334595691153435,29.954944191641292,13.909394674111127,0.9217728915199508,0.006688706081340817,0.05158760667332975,0.019950795725378643,0.022065041900515107,0.06035211809025909,0.0,0.036480356730991,0.053394326132082726,0.028907511340047667,0.3120242946105943,0.360651956638733,0.03632659337279926,0.09433382025063428,0.006342738525409395
v1,1,0.7,14.452143649374724,26014,1.0,t1,h100,burstgpt,total,0.1,175.08553504042914,5.427273206834798,batch_lp@2s,0.6924540631967402,5.103361798999686,0.6550605927294785,0.5786407766990291,0.965902975320981,57.52016869433646,115.0397119452811,4.6863440068453315,2.703435553357533,16.09473235215573,29.082482428777343,14.413366700045344,0.965902975320981,0.005958330129930038,0.02598600753440455,0.0021526870146844007,0.014223110632736218,0.0,0.00034596755593142153,0.0011147843468901361,0.05258706850157607,0.02564003997847313,0.3545014223110633,0.3926347351426155,0.03578842161912816,0.10917198431613746,0.000422849235027293
v1,1,0.7,14.452143649374724,26014,1.0,t1,h100,burstgpt,total,0.1,175.08553504042914,5.427273206834798,A:knn_capacity_greedy,0.6035980625816868,4.243412748000992,0.5696250913913367,0.5049900199600799,0.8844468363189052,71.82226071127843,143.64374046590518,4.681728766854187,1.5384867775323983,28.763424927382665,41.47124173789457,14.267901523805278,0.8844468363189052,0.015952948412393326,0.06496501883601138,0.03463519643269009,0.026331975090335972,0.11397708925962943,0.0,0.05281771353886369,0.06135157991850542,0.03186745598523872,0.36115168755285615,0.26750980241408473,0.0337894979626355,0.08606903974782809,0.005843007611286231
v1,1,0.7,14.452143649374724,26014,1.0,t1,h100,burstgpt,total,0.5,875.4276752021457,3.1946902925992617,oracle_unconstrained,0.9268470823402783,,,,,,,,,,,,,,,,,,,,,,,,,,
v1,1,0.7,14.452143649374724,26014,1.0,t1,h100,burstgpt,total,0.5,875.4276752021457,3.1946902925992617,predictor_unconstrained,0.8112746982394096,,,,,,,,,,,,,,,,,,,,,,,,,,
v1,1,0.7,14.452143649374724,26014,1.0,t1,h100,burstgpt,total,0.5,875.4276752021457,3.1946902925992617,fluid_ceiling,0.88265,,,,,,,,,,,,,,,,,,,,,,,,,,
v1,1,0.7,14.452143649374724,26014,1.0,t1,h100,burstgpt,total,0.5,875.4276752021457,3.1946902925992617,random,0.4515068809102791,1.6953017539999564,0.4138862092297142,0.2994011976047904,0.718843699546398,319.6747395479506,639.3460031246389,4.792702710501345,2.048420339538186,70.35786985248896,138.1107836178146,15.700694286951148,0.718843699546398,0.08480049204274621,0.13954024755900668,0.056815560851849,0.2427539017452141,0.11932036595679249,0.0,0.11597601291612208,0.0712308756823249,0.04209271930498962,0.16679480279849312,0.1466518028753748,0.044591373875605446,0.11320827246867071,0.10309833166756362
v1,1,0.7,14.452143649374724,26014,1.0,t1,h100,burstgpt,total,0.5,875.4276752021457,3.1946902925992617,always_best_api,0.2999346505727685,2.16197513500083,0.25135662612543225,0.09111184536593425,0.3417006227416007,123.55428301362554,247.10722256439976,4.314114138804372,6.867561974491991,42.311890019448754,106.0848102002015,8.254963378993978,0.3417006227416007,0.02833089874682863,0.0,0.6299684785115707,2.010917198431614,0.0,0.0,0.0,0.0,0.0,0.0,0.0,0.0,0.3700315214884293,0.0
v1,1,0.7,14.452143649374724,26014,1.0,t1,h100,burstgpt,total,0.5,875.4276752021457,3.1946902925992617,always_best_self,0.04947336049819328,2.023001926001598,0.05501953476348972,0.022302990252767222,0.08472361036365034,0.0,0.0,4.629890161425217,29.315049774562112,30.00256048698831,30.020087048176755,81.99262890692955,0.08472361036365034,0.005343276697163066,0.2889982317213808,0.6209348812178058,0.0,1.9933881755977552,0.0,0.0,0.09006688706081341,0.0,0.0,0.0,0.0,0.0,0.0
v1,1,0.7,14.452143649374724,26014,1.0,t1,h100,burstgpt,total,0.5,875.4276752021457,3.1946902925992617,threshold,0.21096332743907126,1.964530035998905,0.16877961694720692,0.1145631067961165,0.2731990466671792,118.14557321136817,236.28986177128775,4.673343658134972,13.90210642209263,51.237933413774684,97.21658127711706,20.739277950704604,0.2731990466671792,0.043937879603290535,0.2261858999000538,0.4566771738294764,0.827169985392481,0.6614515261013301,0.0,0.0,0.08003382793880218,0.0,0.0,0.0,0.0,0.23710309833166757,0.0
v1,1,0.7,14.452143649374724,26014,1.0,t1,h100,burstgpt,total,0.5,875.4276752021457,3.1946902925992617,static_qc,0.5116091335434766,2.0815829429993755,0.496712684918093,0.2972805933250927,0.6349273468132544,126.96085097489595,253.92032144575194,4.642438006171626,3.093026183753871,29.257296036117193,83.84871760550077,13.433895123629814,0.6349273468132544,0.030637349119704775,0.011839778580764205,0.3225955254862766,1.0488198662258783,0.0,0.0,0.0,0.035327131544552935,0.014915045744599061,0.016798646882447914,0.31386945490889523,0.04274621357730453,0.24190820327515952,0.0
v1,1,0.7,14.452143649374724,26014,1.0,t1,h100,burstgpt,total,0.5,875.4276752021457,3.1946902925992617,static_qc_fallback,0.6070000768816791,2.0903580779995536,0.5699353194509508,0.4956736711990111,0.8001845160298301,148.7183370336752,297.43505698410377,4.669466132875147,2.7252169496134044,29.566962269482218,75.36963764337683,13.755847317727088,0.8001845160298301,0.034981163988621514,0.07319135849926962,0.09164296148227877,0.6229722457138464,0.04516798646882448,0.0,0.0,0.03571153994003229,0.017605904512954563,0.12174213884831245,0.36134389175059584,0.04289997693549627,0.24071653724917352,0.015145690781886677
v1,1,0.7,14.452143649374724,26014,1.0,t1,h100,burstgpt,total,0.5,875.4276752021457,3.1946902925992617,shortest_queue,0.369032059660183,1.9059474929999851,0.3577815261603998,0.28283495787212953,0.6805950641962021,7.587675032216794,15.175267560134383,4.634710613459536,2.982065574232024,26.96667596676334,29.852385991082357,20.287897324379685,0.6805950641962021,0.001691396940109172,0.04297685861459214,0.27473668024909664,0.8804489890059198,0.0,0.0,0.22384100868762974,0.08610748058737602,0.037287614361497655,0.0,0.33505035749980777,0.0,0.0,0.0
v1,1,0.7,14.452143649374724,26014,1.0,t1,h100,burstgpt,total,0.5,875.4276752021457,3.1946902925992617,capacity_greedy,0.6974321519181979,1.8900647730006312,0.6648328870780428,0.6067864271457086,0.9642115783808718,76.72234109060264,153.44384794371382,4.739399472030607,1.7462080494054852,17.6349899515385,29.987439658857955,13.697306953925498,0.9642115783808718,0.009571769047435995,0.021642192665487815,0.0045744599062043515,0.029983854847389867,0.0,0.0,0.0,0.05243330514338433,0.022641654493734144,0.3179441839009764,0.39028984393019145,0.041862074267702006,0.13584992696240486,0.012762358729914661
v1,1,0.7,14.452143649374724,26014,1.0,t1,h100,burstgpt,total,0.5,875.4276752021457,3.1946902925992617,batch_lp@2s,0.6984123933266703,5.046384279001359,0.6604940410277554,0.5883495145631068,0.967056200507419,71.11931160170025,142.23784989023952,4.660104151919392,2.7732447898177384,17.909467118981734,29.969983385112915,14.62810845645771,0.967056200507419,0.009494887368340124,0.02168063350503575,0.0017682786192050434,0.017144614438379335,0.0,0.0,0.0,0.053240562773890984,0.022141923579610978,0.34592911509187363,0.37491350811101715,0.03705696932421004,0.13854078573076037,0.004728223264396095
v1,1,0.7,14.452143649374724,26014,1.0,t1,h100,burstgpt,total,0.5,875.4276752021457,3.1946902925992617,A:knn_capacity_greedy,0.6686784039363419,4.216963703998772,0.6332540799468377,0.5848303393213573,0.9327669716306605,121.51993440530168,243.03854746816518,4.662799604644045,1.6101850492791527,26.876041119206356,64.68825451743471,13.848135734850757,0.9327669716306605,0.030060736526485738,0.03213654186207427,0.00503574998077958,0.03621127085415545,0.0,0.0,0.0002690858768355501,0.05550857230721919,0.029830091489198123,0.3784500653494272,0.28634581379257323,0.04017067732759284,0.1602214192357961,0.012031982778503883
v1,1,1.0,20.64591949910675,37163,1.0,t1,h100,burstgpt,total,0.1,250.1221929148988,5.427273206834798,oracle_unconstrained,0.9270376449694588,,,,,,,,,,,,,,,,,,,,,,,,,,
v1,1,1.0,20.64591949910675,37163,1.0,t1,h100,burstgpt,total,0.1,250.1221929148988,5.427273206834798,predictor_unconstrained,0.8118693324005058,,,,,,,,,,,,,,,,,,,,,,,,,,
v1,1,1.0,20.64591949910675,37163,1.0,t1,h100,burstgpt,total,0.1,250.1221929148988,5.427273206834798,fluid_ceiling,0.8848597248611021,,,,,,,,,,,,,,,,,,,,,,,,,,
v1,1,1.0,20.64591949910675,37163,1.0,t1,h100,burstgpt,total,0.1,250.1221929148988,5.427273206834798,random,0.15863896886688372,3.0362280090012064,0.15166618849247568,0.09649629972247918,0.32037241342195194,125.6919790617685,251.38162508445666,5.032570617553082,9.003549638929194,46.52247587632067,121.54220275706876,28.482875344843023,0.32037241342195194,0.027984823614885773,0.2717487823910879,0.37989398057207435,0.01967010198315529,0.2854182923875898,1.142588058014692,0.13448860425692222,0.054866399375723164,0.02782337270941528,0.030272044775717783,0.030191319322982538,0.014288405134138794,0.028765169657993164,0.027661921803944785
v1,1,1.0,20.64591949910675,37163,1.0,t1,h100,burstgpt,total,0.1,250.1221929148988,5.427273206834798,always_best_api,0.21756854936361436,3.1496792739999364,0.17869885151804943,0.055215078630897314,0.24615881387401448,115.71704572020099,231.43194355163493,4.928162595467441,6.234309677617517,42.648208753910225,96.78193558843326,7.473711983878616,0.24615881387401448,0.019697010467400373,0.0,0.7341441756585851,2.0758819255711325,0.0,0.23127842208648386,0.0,0.0,0.0,0.0,0.0,0.0,0.26585582434141486,0.0
v1,1,1.0,20.64591949910675,37163,1.0,t1,h100,burstgpt,total,0.1,250.1221929148988,5.427273206834798,always_best_self,0.035277022845303124,2.922829366001679,0.039276091933408565,0.0158418131359852,0.058983397465220785,0.0,0.0,4.640674926105678,29.46288776003621,30.002484106231236,30.017940710456614,79.52434066091132,0.058983397465220785,0.0036595538573312167,0.22132228291580336,0.7160347657616446,0.0,2.2578640045206253,0.0,0.0,0.062642951322552,0.0,0.0,0.0,0.0,0.0,0.0
v1,1,1.0,20.64591949910675,37163,1.0,t1,h100,burstgpt,total,0.1,250.1221929148988,5.427273206834798,threshold,0.056117643893119504,2.9796944089976023,0.052296819570266335,0.03231365790607497,0.08605333261577375,93.5157600492239,187.02978430015378,4.649112078075928,29.59912465118441,65.87788534791397,93.31089111476169,52.08078926780773,0.08605333261577375,0.03982455668272206,0.21903506175497134,0.6550870489465328,0.07884185883809165,1.9929768856120336,0.0021795872238516804,0.0,0.05936011624465194,0.0,0.0,0.0,0.0,0.06651777305384388,0.0
v1,1,1.0,20.64591949910675,37163,1.0,t1,h100,burstgpt,total,0.1,250.1221929148988,5.427273206834798,static_qc,0.44892769690283346,2.7480641699985426,0.4289557771496384,0.30524010382868266,0.5978796114414875,82.44799638767836,164.89446241201048,4.681757147203717,2.3449853683994206,27.373305885073176,55.006127886588125,13.92729675689111,0.5978796114414875,0.012108817910287114,0.10758012001183974,0.28243145063638564,0.7879611441487501,0.12751930683744583,0.0,0.0,0.038317681564997444,0.01587600570459866,0.07730807523612195,0.33832037241342194,0.03576137556171461,0.10440491887092,0.0
v1,1,1.0,20.64591949910675,37163,1.0,t1,h100,burstgpt,total,0.1,250.1221929148988,5.427273206834798,static_qc_fallback,0.5101714070446411,3.0155191230005585,0.46253488071191223,0.3817326411421155,0.6993515055296935,100.18211659508779,200.3623736539115,4.688684948498056,1.8989292575674313,27.8132245382263,49.19030999147733,13.210031553585168,0.6993515055296935,0.015041842693001102,0.1470817748836208,0.1385248768936846,0.48160805101848614,0.08667222775341064,0.27858353738933883,0.0,0.03890966821838926,0.02424454430481931,0.22936791970508302,0.2771842962085946,0.031240750208540752,0.1047009121976159,0.008745257379651804
v1,1,1.0,20.64591949910675,37163,1.0,t1,h100,burstgpt,total,0.1,250.1221929148988,5.427273206834798,shortest_queue,0.2982267308882491,5.644266039998911,0.287719314194024,0.23126734505087881,0.5512741167290046,8.47075300436336,16.94134877834538,4.660899246541438,3.1860461654634946,26.76889467424031,29.806827800604307,20.97242219536909,0.5512741167290046,0.0011570648225385464,0.027581196351209536,0.41998762209724727,1.3615693028011733,0.0,0.0,0.18712159944030352,0.06148588650001345,0.028711352689503,0.0,0.2751123429217232,0.0,0.0,0.0
v1,1,1.0,20.64591949910675,37163,1.0,t1,h100,burstgpt,total,0.1,250.1221929148988,5.427273206834798,capacity_greedy,0.6479697548637086,3.310555860000022,0.6113646971166099,0.5390835579514824,0.926916556790356,87.04042090973053,174.07922621355627,4.702127580670329,1.4960896310899443,20.962612020995987,29.906568427934374,12.988879310465336,0.926916556790356,0.006727121061270619,0.0360842773726556,0.030272044775717783,0.025751419422543928,0.08912089981971316,0.0,0.020692624384468422,0.03934020396631058,0.023733283104162742,0.40090950676748377,0.3077792427952533,0.03064876355514894,0.1011759007615101,0.0093641525172887
v1,1,1.0,20.64591949910675,37163,1.0,t1,h100,burstgpt,total,0.1,250.1221929148988,5.427273206834798,batch_lp@2s,0.68350240830934,6.007848155997635,0.6395642111045142,0.5673854447439353,0.9644808007964911,87.53598113038606,175.0703374564971,4.692316485656749,2.600395276571362,17.647317022294637,29.85340630505948,13.935777758143786,0.9644808007964911,0.007803460431073918,0.025805236391034093,0.0019105023814008557,0.018459220192126577,2.6908484245082476e-05,0.0002152678739606598,0.01097866157199365,0.037994779754056456,0.022038048596722547,0.4444743427602723,0.30379678712698116,0.028038640583375938,0.12407502085407529,0.0008879799800877217
v1,1,1.0,20.64591949910675,37163,1.0,t1,h100,burstgpt,total,0.1,250.1221929148988,5.427273206834798,A:knn_capacity_greedy,0.5869144041116164,4.915356982000958,0.5515975831804081,0.45148247978436656,0.8610714958426392,101.2225515188693,202.44322418938032,4.701144501721137,1.4273151584540855,29.04792380749029,42.42918746935301,13.555846240790967,0.8610714958426392,0.016252724484029816,0.056050372682506795,0.06662540699082421,0.033581788337862926,0.2203266689987353,0.0,0.046793854102198426,0.044318273551650834,0.02176896375427172,0.4054839490891478,0.24247235153243818,0.024540537631515216,0.08586497322605817,0.006081317439388639
v1,1,1.0,20.64591949910675,37163,1.0,t1,h100,burstgpt,total,0.5,1250.610964574494,3.1946902925992617,oracle_unconstrained,0.9270376449694588,,,,,,,,,,,,,,,,,,,,,,,,,,
v1,1,1.0,20.64591949910675,37163,1.0,t1,h100,burstgpt,total,0.5,1250.610964574494,3.1946902925992617,predictor_unconstrained,0.8118693324005058,,,,,,,,,,,,,,,,,,,,,,,,,,
v1,1,1.0,20.64591949910675,37163,1.0,t1,h100,burstgpt,total,0.5,1250.610964574494,3.1946902925992617,fluid_ceiling,0.8848597248611021,,,,,,,,,,,,,,,,,,,,,,,,,,
v1,1,1.0,20.64591949910675,37163,1.0,t1,h100,burstgpt,total,0.5,1250.610964574494,3.1946902925992617,random,0.4235260877754756,2.373089158001676,0.4008520883868769,0.3390957446808511,0.6727390146113069,378.0886643529484,756.1703107908606,5.183208300599561,2.204307785237006,61.953698435770896,129.90488140171098,15.097470631702208,0.6727390146113069,0.07152275112342922,0.16885073863789252,0.08688749562737132,0.32987110836046607,0.16056292549040713,0.0,0.1160832010332858,0.051852649140273925,0.028872803594973497,0.17743454511207385,0.14382584828996584,0.035277022845303124,0.10639614670505611,0.08451954901380405
v1,1,1.0,20.64591949910675,37163,1.0,t1,h100,burstgpt,total,0.5,1250.610964574494,3.1946902925992617,always_best_api,0.24422140300836853,3.0527297189983074,0.200562261065104,0.06452358926919519,0.2762694077442618,119.79424543393543,239.586267299921,4.927085016984745,6.232772431746902,36.3574054756941,87.53274759595341,7.472159663626343,0.2762694077442618,0.018539945644861826,0.0,0.7051906466108764,2.229394828189328,0.0,0.0,0.0,0.0,0.0,0.0,0.0,0.0,0.29480935338912356,0.0
v1,1,1.0,20.64591949910675,37163,1.0,t1,h100,burstgpt,total,0.5,1250.610964574494,3.1946902925992617,always_best_self,0.035277022845303124,2.824497052002698,0.039276091933408565,0.0158418131359852,0.058983397465220785,0.0,0.0,4.640674926105678,29.46288776003621,30.002484106231236,30.017940710456614,79.52434066091132,0.058983397465220785,0.0036595538573312167,0.22132228291580336,0.7160347657616446,0.0,2.2578640045206253,0.0,0.0,0.062642951322552,0.0,0.0,0.0,0.0,0.0,0.0
v1,1,1.0,20.64591949910675,37163,1.0,t1,h100,burstgpt,total,0.5,1250.610964574494,3.1946902925992617,threshold,0.1724295670424885,2.802917779998097,0.13049208076453364,0.07277628032345014,0.22320587681295911,120.92020775587298,241.83817104418003,4.662299886916067,11.199297524794645,46.87596912027479,96.58744423183754,16.061414377115852,0.22320587681295911,0.02774264725668003,0.18830557274708715,0.5607459031832737,0.9394020934800743,0.8604795091892473,0.0,0.0,0.05438204665931168,0.0,0.0,0.0,0.0,0.19656647741032748,0.0
v1,1,1.0,20.64591949910675,37163,1.0,t1,h100,burstgpt,total,0.5,1250.610964574494,3.1946902925992617,static_qc,0.46609530985119607,2.995469712997874,0.4500173966703442,0.24816889271865575,0.5779673331001265,132.8892401583853,265.776013685304,4.928142072814549,3.0136303937165962,25.804640344353427,72.2724114322192,12.52303963682867,0.5779673331001265,0.019777735920135618,0.019427925624949546,0.38282700535478836,1.2442483114926137,0.0004574442321664021,0.0,0.0,0.02857681026827759,0.014772757850550279,0.017813416570244597,0.29569733336921133,0.03578828404595969,0.20509646691601863,0.0
v1,1,1.0,20.64591949910675,37163,1.0,t1,h100,burstgpt,total,0.5,1250.610964574494,3.1946902925992617,static_qc_fallback,0.571939832629228,3.079700996997417,0.5180596177554474,0.42183288409703507,0.7595726932701881,174.07483235912878,348.14643361799295,4.926499774063221,2.514908310102328,27.405247892180743,69.94275188433629,12.856412463450056,0.7595726932701881,0.024944164895191454,0.08688749562737132,0.12859564620724914,0.8081963243010521,0.05946775018163227,0.0,0.0,0.029976051449021875,0.018459220192126577,0.15426634017705781,0.32085676613836345,0.0360842773726556,0.20393940209348008,0.020934800742674165
v1,1,1.0,20.64591949910675,37163,1.0,t1,h100,burstgpt,total,0.5,1250.610964574494,3.1946902925992617,shortest_queue,0.2982267308882491,2.78116561600109,0.287719314194024,0.23126734505087881,0.5512741167290046,8.47075300436336,16.94134877834538,4.660899246541438,3.1860461654634946,26.76889467424031,29.806827800604307,20.97242219536909,0.5512741167290046,0.0011570648225385464,0.027581196351209536,0.41998762209724727,1.3615693028011733,0.0,0.0,0.18712159944030352,0.06148588650001345,0.028711352689503,0.0,0.2751123429217232,0.0,0.0,0.0
v1,1,1.0,20.64591949910675,37163,1.0,t1,h100,burstgpt,total,0.5,1250.610964574494,3.1946902925992617,capacity_greedy,0.6922745741732368,2.699310834002972,0.6532619406341247,0.5795148247978437,0.965395689260824,115.71506487885745,231.42798190571537,4.719078388440151,1.5856127867041323,18.476672983552454,33.500706903201255,13.125582674541874,0.965395689260824,0.012189543363022361,0.017786508085999516,0.004628259290154185,0.0359228264671851,0.0,0.0,0.0,0.03847913247046794,0.022091865565212712,0.39665796625676075,0.3316470683206415,0.032263272609853885,0.14253424104620185,0.01391168635470764
v1,1,1.0,20.64591949910675,37163,1.0,t1,h100,burstgpt,total,0.5,1250.610964574494,3.1946902925992617,batch_lp@2s,0.6955574092511368,6.387737363998895,0.6542954053186357,0.5829285218598196,0.967682910421656,110.96109205497851,221.9201244991044,4.726014991863634,2.6618119222864323,18.817293955873613,33.24781522823981,14.074389056251675,0.967682910421656,0.012243360331512526,0.01784032505448968,0.002233404192341845,0.020746441352958587,0.0,0.0,0.0,0.03907111912385975,0.02314129645077093,0.43075101579528025,0.2972042084869359,0.027016118182062804,0.1553695880311062,0.007372924683152598
v1,1,1.0,20.64591949910675,37163,1.0,t1,h100,burstgpt,total,0.5,1250.610964574494,3.1946902925992617,A:knn_capacity_greedy,0.6763043887737804,4.869074112997623,0.6421435428303,0.5754716981132075,0.9492775071980195,146.29346698678637,292.58421853875956,4.687070507282014,1.4896769081022967,23.476075542375863,49.256535388611326,13.176011123420857,0.9492775071980195,0.022064957080967628,0.018351586255146247,0.010305949465866588,0.0634232973656594,0.0,0.0,0.0004574442321664021,0.042488496622985227,0.02182278072276189,0.43473347146355246,0.2855797432930603,0.03021822780722762,0.14339531254204452,0.012646987595188763
v1,1,1.3,26.839695348838777,48311,1.0,t1,h100,burstgpt,total,0.1,325.15885078936844,5.427273206834798,oracle_unconstrained,0.9268800066237503,,,,,,,,,,,,,,,,,,,,,,,,,,
v1,1,1.3,26.839695348838777,48311,1.0,t1,h100,burstgpt,total,0.1,325.15885078936844,5.427273206834798,predictor_unconstrained,0.8127755583614498,,,,,,,,,,,,,,,,,,,,,,,,,,
v1,1,1.3,26.839695348838777,48311,1.0,t1,h100,burstgpt,total,0.1,325.15885078936844,5.427273206834798,fluid_ceiling,0.8813335903810406,,,,,,,,,,,,,,,,,,,,,,,,,,
v1,1,1.3,26.839695348838777,48311,1.0,t1,h100,burstgpt,total,0.1,325.15885078936844,5.427273206834798,random,0.14942766657697004,3.9505107029981446,0.14356500001067315,0.09611269614835949,0.2919003953550951,162.83147363315584,325.66599167599423,4.675340785316417,9.587282079575004,48.330360222091564,123.60250104161199,28.44826033350617,0.2919003953550951,0.02666059489557244,0.2522613897456066,0.42917762000372583,0.039556208730930846,0.3718407816025336,1.1525946471818012,0.11014054770135166,0.043012978410713915,0.023555711949659497,0.03554056012088344,0.035292169485210405,0.012647223199685372,0.03046925130922564,0.027902548073937612
v1,1,1.3,26.839695348838777,48311,1.0,t1,h100,burstgpt,total,0.1,325.15885078936844,5.427273206834798,always_best_api,0.20650576473266957,4.068740617000003,0.16847213009479992,0.051578102710413694,0.2326178303077974,119.00426217773929,238.01074934134868,4.307748286070645,6.127794103096221,30.752643934679217,74.66356207893074,7.347046841252904,0.2326178303077974,0.01273002007824305,0.0,0.7546521496139595,2.377926352176523,0.0,0.0,0.0,0.0,0.0,0.0,0.0,0.0,0.24534785038604046,0.0
v1,1,1.3,26.839695348838777,48311,1.0,t1,h100,burstgpt,total,0.1,325.15885078936844,5.427273206834798,always_best_self,0.028295833247086583,3.8994100029995025,0.030055090100244503,0.011947218259629102,0.04769100204922275,0.0,0.0,4.659964215385016,29.458126005726115,30.00260410908039,30.01739259974777,77.98223357890924,0.04769100204922275,0.0027115977727639666,0.178530769389994,0.7710666307880193,0.0,2.417482560907454,0.0,0.0,0.050402599821986714,0.0,0.0,0.0,0.0,0.0,0.0
v1,1,1.3,26.839695348838777,48311,1.0,t1,h100,burstgpt,total,0.1,325.15885078936844,5.427273206834798,threshold,0.05031980294342903,3.9839075970012345,0.045946365441494615,0.0322152108933909,0.07534515948748732,101.81813503289595,203.63817372796012,4.63250092556506,29.548926496227068,64.3025447971731,92.94246846971647,47.72253622156882,0.07534515948748732,0.0326426693713647,0.17581917161723004,0.7161929995239179,0.10707706319471756,2.150027943946513,0.0,0.0,0.04856036927407837,0.0,0.0,0.0,0.0,0.059427459584773655,0.0
v1,1,1.3,26.839695348838777,48311,1.0,t1,h100,burstgpt,total,0.1,325.15885078936844,5.427273206834798,static_qc,0.3937302063712198,3.7857745270011947,0.36440689561421125,0.27953566747800035,0.5219101239883256,94.50607021897486,189.01390738870447,4.667929195855951,2.352548941361988,25.182647443090072,43.68505296460846,13.540635690719142,0.5219101239883256,0.010453105917906895,0.10355819585601622,0.36407857423775125,1.0095009418144936,0.16768437829893812,0.0,0.0,0.030966032580571713,0.01577280536523773,0.07809815569953013,0.2773488439485831,0.029392891887975822,0.100784500424334,0.0
v1,1,1.3,26.839695348838777,48311,1.0,t1,h100,burstgpt,total,0.1,325.15885078936844,5.427273206834798,static_qc_fallback,0.5383970524311233,4.055030390001775,0.46825628796596513,0.3542319749216301,0.7420256256339136,130.29579144600575,260.5940189921107,4.851409376508541,1.7572682560293913,23.62395159601618,39.048450853487616,12.61521019994342,0.7420256256339136,0.012812816956800728,0.14075469354805323,0.10440686386123244,0.6463952308997951,0.10964376643000559,0.10034981681190619,0.0,0.03065554428598042,0.019560762559251516,0.2921073875514893,0.2572085032394279,0.029413591107615242,0.11473577446130281,0.011156879385647162
v1,1,1.3,26.839695348838777,48311,1.0,t1,h100,burstgpt,total,0.1,325.15885078936844,5.427273206834798,shortest_queue,0.24473722340667756,3.9363316769995436,0.2350733156836152,0.19378566333808844,0.4455921011777856,9.313068325493077,18.626310774543178,4.632777652846182,3.2840252027187375,26.78917394493008,29.729049020777545,20.84845227278049,0.4455921011777856,0.0007244726873796858,0.023700606487135435,0.5299828196476993,1.6969427252592577,0.0,0.0,0.14417006478855748,0.04632485355302105,0.022023969696342446,0.0,0.2337976858272443,0.0,0.0,0.0
v1,1,1.3,26.839695348838777,48311,1.0,t1,h100,burstgpt,total,0.1,325.15885078936844,5.427273206834798,capacity_greedy,0.6732214195524828,3.4514830840016657,0.6295331685648069,0.5339602925809822,0.9596779201424106,120.81448085894044,241.63122054884957,4.716569945753167,1.3335170385823858,18.619559929281564,29.717487890914843,12.478983891292273,0.9596779201424106,0.006375359648941235,0.021196000910765664,0.01275071929788247,0.02748856368114922,0.031214423216244746,0.0,0.010763594212498189,0.03106952867876881,0.016828465566848128,0.4912338804827058,0.27089068742108424,0.02645360269917824,0.10693216865724162,0.011881352073026846
v1,1,1.3,26.839695348838777,48311,1.0,t1,h100,burstgpt,total,0.1,325.15885078936844,5.427273206834798,batch_lp@2s,0.6907950570263501,7.4853245909980615,0.6364511018402716,0.5381400208986415,0.9715799714350769,112.28024003121936,224.56257933134714,4.713433960332092,2.462744290401119,16.066617420514937,29.560456888259154,13.482224778617905,0.9715799714350769,0.007161929995239179,0.019229575045020802,0.00202852352466312,0.017056156982881744,0.0,0.0,0.0,0.03144211463227836,0.018153215623770983,0.5241870381486617,0.2596510111568794,0.02241725486949142,0.12173211069942663,0.0011591562998074973
v1,1,1.3,26.839695348838777,48311,1.0,t1,h100,burstgpt,total,0.1,325.15885078936844,5.427273206834798,A:knn_capacity_greedy,0.6404442052534619,5.675960690001375,0.6018179836148809,0.5057471264367817,0.9217362505433545,135.5871555980557,271.176846227209,4.678233944879638,1.2451659819560064,23.935756190189796,38.61054029450919,12.627407544416485,0.9217362505433545,0.014013371695887065,0.03247707561424934,0.03177330214650908,0.043385564364223465,0.09449193765395045,0.0,0.020119641489515845,0.03506447806917679,0.01833950860052576,0.5120365962203225,0.22760861915505787,0.023742004926414276,0.0905383867028213,0.008300387075407258
v1,1,1.3,26.839695348838777,48311,1.0,t1,h100,burstgpt,total,0.5,1625.7942539468422,3.1946902925992617,oracle_unconstrained,0.9268800066237503,,,,,,,,,,,,,,,,,,,,,,,,,,
v1,1,1.3,26.839695348838777,48311,1.0,t1,h100,burstgpt,total,0.5,1625.7942539468422,3.1946902925992617,predictor_unconstrained,0.8127755583614498,,,,,,,,,,,,,,,,,,,,,,,,,,
v1,1,1.3,26.839695348838777,48311,1.0,t1,h100,burstgpt,total,0.5,1625.7942539468422,3.1946902925992617,fluid_ceiling,0.8813335903810406,,,,,,,,,,,,,,,,,,,,,,,,,,
v1,1,1.3,26.839695348838777,48311,1.0,t1,h100,burstgpt,total,0.5,1625.7942539468422,3.1946902925992617,random,0.4075676347001718,3.3644368999994185,0.3810366726964238,0.3019853709508882,0.6363975078139554,399.51778797723455,799.0430456149403,4.74153125093059,2.259887434721648,52.38969396347092,125.52396358417002,15.185391095831669,0.6363975078139554,0.05723334230299518,0.1806627890128542,0.12570636087019518,0.42611413549709176,0.22947154892260563,0.0,0.09786591045517584,0.04201941586802178,0.022831239262279812,0.19138498478607358,0.14141706857651468,0.029910372378961315,0.09914926207281985,0.06905259671710376
v1,1,1.3,26.839695348838777,48311,1.0,t1,h100,burstgpt,total,0.5,1625.7942539468422,3.1946902925992617,always_best_api,0.20650576473266957,4.1659897940007795,0.16847213009479992,0.051578102710413694,0.2326178303077974,119.00426217773929,238.01074934134868,4.307748286070645,6.127794103096221,30.752643934679217,74.66356207893074,7.347046841252904,0.2326178303077974,0.01273002007824305,0.0,0.7546521496139595,2.377926352176523,0.0,0.0,0.0,0.0,0.0,0.0,0.0,0.0,0.24534785038604046,0.0
v1,1,1.3,26.839695348838777,48311,1.0,t1,h100,burstgpt,total,0.5,1625.7942539468422,3.1946902925992617,always_best_self,0.028295833247086583,3.962767969998822,0.030055090100244503,0.011947218259629102,0.04769100204922275,0.0,0.0,4.659964215385016,29.458126005726115,30.00260410908039,30.01739259974777,77.98223357890924,0.04769100204922275,0.0027115977727639666,0.178530769389994,0.7710666307880193,0.0,2.417482560907454,0.0,0.0,0.050402599821986714,0.0,0.0,0.0,0.0,0.0,0.0
v1,1,1.3,26.839695348838777,48311,1.0,t1,h100,burstgpt,total,0.5,1625.7942539468422,3.1946902925992617,threshold,0.1516114342489288,3.9430721840035403,0.11127787514182498,0.05945945945945946,0.1955455279335969,121.83096070273314,243.66419924124412,4.7152029137409945,9.710117000926402,39.67769690435205,82.76404912267688,13.533669476109282,0.1955455279335969,0.01995404773240049,0.15932189356461263,0.62517853076939,1.011695059096272,0.9950321872865393,0.0,0.0,0.043985841733766635,0.0,0.0,0.0,0.0,0.17151373393223077,0.0
v1,1,1.3,26.839695348838777,48311,1.0,t1,h100,burstgpt,total,0.5,1625.7942539468422,3.1946902925992617,static_qc,0.4065533729378402,4.2317370399978245,0.3820238783358754,0.19528395881766855,0.5016662871809733,134.18211121369677,268.366731188811,4.729378314429571,3.0407082786439332,23.322054542497785,65.42329003174737,12.054301598174504,0.5016662871809733,0.013930574817329386,0.024673469810188156,0.4597296681915092,1.4814017511539814,0.0036016642172590095,0.0,0.0,0.02254145018732794,0.014613649065430234,0.018194614063049824,0.24957049119248204,0.02914450125230279,0.18153215623770985,0.0
v1,1,1.3,26.839695348838777,48311,1.0,t1,h100,burstgpt,total,0.5,1625.7942539468422,3.1946902925992617,static_qc_fallback,0.5337914760613525,4.410372433001612,0.4680769971035254,0.3605015673981191,0.7113907805675727,196.35265801090645,392.70898716670837,4.703011899786715,2.383275930434543,25.192656320959525,56.41961369608482,12.3647961483166,0.7113907805675727,0.019229575045020802,0.09813500031048829,0.1712446440769183,0.9899815776945209,0.0785949369708762,0.0,0.0,0.023597110388938337,0.01728384839891536,0.18567200016559376,0.26532259733808033,0.030138063794994927,0.18320879302850282,0.02539794249756784
v1,1,1.3,26.839695348838777,48311,1.0,t1,h100,burstgpt,total,0.5,1625.7942539468422,3.1946902925992617,shortest_queue,0.24473722340667756,3.9374219329984044,0.2350733156836152,0.19378566333808844,0.4455921011777856,9.313068325493077,18.626310774543178,4.632777652846182,3.2840252027187375,26.78917394493008,29.729049020777545,20.84845227278049,0.4455921011777856,0.0007244726873796858,0.023700606487135435,0.5299828196476993,1.6969427252592577,0.0,0.0,0.14417006478855748,0.04632485355302105,0.022023969696342446,0.0,0.2337976858272443,0.0,0.0,0.0
v1,1,1.3,26.839695348838777,48311,1.0,t1,h100,burstgpt,total,0.5,1625.7942539468422,3.1946902925992617,capacity_greedy,0.6875038811036824,3.4372280570023577,0.6410424583828177,0.5350052246603971,0.9674194282875536,149.6655646217423,299.3339274942399,4.704017325214857,1.38862220660792,17.817600563030016,30.627918606909184,12.664869066589915,0.9674194282875536,0.010453105917906895,0.017532239034588396,0.00459522675995115,0.03467119289602782,0.0,0.0,0.0,0.030821138043095775,0.01728384839891536,0.47641323922088136,0.2736229844134876,0.02649500113845708,0.1341516424830784,0.019084680507544867
v1,1,1.3,26.839695348838777,48311,1.0,t1,h100,burstgpt,total,0.5,1625.7942539468422,3.1946902925992617,batch_lp@2s,0.6912400902485977,7.651348701001552,0.6394750686073941,0.5475444096133751,0.9679576079981784,139.06785409811164,278.1383083048638,4.75863686070531,2.515447172848667,17.52038268864158,30.79526409028565,13.624383797708532,0.9679576079981784,0.011032684067810643,0.01885698909151125,0.002152718842499638,0.01771853201134317,0.0,0.0,0.0,0.030966032580571713,0.018008321086295048,0.5082900374655875,0.2498395810477945,0.021071805592929146,0.1407132951087744,0.010101219184036761
v1,1,1.3,26.839695348838777,48311,1.0,t1,h100,burstgpt,total,0.5,1625.7942539468422,3.1946902925992617,A:knn_capacity_greedy,0.6745254703897663,5.712025540000468,0.6353062219778159,0.5464994775339603,0.9535509511291425,175.81397493970144,351.63123701889555,4.6744856447891925,1.3183330871794396,21.57433810805385,42.59397968473199,12.749648966133691,0.9535509511291425,0.018173914843410403,0.01672496946865103,0.011550164558796133,0.0699426631615988,0.0,0.0,0.0005795781499037487,0.0347539897745855,0.01728384839891536,0.5052472521785929,0.24207737368301216,0.02541864171720726,0.12968061104096376,0.016683571029372193
v1,2,0.3,6.193775849732025,11149,1.0,t1,h100,burstgpt,total,0.1,75.03665787446963,5.438216687965905,oracle_unconstrained,0.9274374383352767,,,,,,,,,,,,,,,,,,,,,,,,,,
v1,2,0.3,6.193775849732025,11149,1.0,t1,h100,burstgpt,total,0.1,75.03665787446963,5.438216687965905,predictor_unconstrained,0.8126737824020092,,,,,,,,,,,,,,,,,,,,,,,,,,
v1,2,0.3,6.193775849732025,11149,1.0,t1,h100,burstgpt,total,0.1,75.03665787446963,5.438216687965905,fluid_ceiling,0.88875,,,,,,,,,,,,,,,,,,,,,,,,,,
v1,2,0.3,6.193775849732025,11149,1.0,t1,h100,burstgpt,total,0.1,75.03665787446963,5.438216687965905,random,0.24827338774778007,0.8941209850017913,0.2431749911215024,0.12716763005780346,0.5057852722217239,37.836799295342644,75.67221753914642,4.674163547770169,0.5905984646726239,29.987975238817263,109.95930007632546,22.033750320667004,0.5057852722217239,0.02457619517445511,0.24118755045295542,0.22845098215086554,0.0012557180016144946,0.05148443806619428,1.0459234012019014,0.19113821867432057,0.1324782491703292,0.07839268095793345,0.027536101892546416,0.025652524890124675,0.02367925374473047,0.025114360032289892,0.026370078033904384
v1,2,0.3,6.193775849732025,11149,1.0,t1,h100,burstgpt,total,0.1,75.03665787446963,5.438216687965905,always_best_api,0.06166472329356893,0.9564848059999349,0.052114786236375256,0.025380710659898477,0.07175531437797111,37.81431544711813,75.62725066336283,4.960167264610429,13.17875033829283,116.77678595977771,278.35312303693837,16.18978564559314,0.07175531437797111,0.030675396896582652,0.0,0.8975692887254463,0.05058749663646964,0.0,2.662570634137591,0.0,0.0,0.0,0.0,0.0,0.0,0.10243071127455378,0.0
v1,2,0.3,6.193775849732025,11149,1.0,t1,h100,burstgpt,total,0.1,75.03665787446963,5.438216687965905,always_best_self,0.10000896941429725,0.7004431140012457,0.10016777689452666,0.04431599229287091,0.1739169432236075,0.0,0.0,4.615066422246877,29.56496964428264,29.998833737704842,30.018217381070677,79.85916730187137,0.1739169432236075,0.008700331868328998,0.44586958471611804,0.3715131401919455,0.0,1.192393936675935,0.0,0.0,0.1826172750919365,0.0,0.0,0.0,0.0,0.0,0.0
v1,2,0.3,6.193775849732025,11149,1.0,t1,h100,burstgpt,total,0.1,75.03665787446963,5.438216687965905,threshold,0.12306036415822047,0.725869279998733,0.11799387208252693,0.10891089108910891,0.19669925553861334,25.856688803527504,51.71243383219753,4.654582766062672,29.506402256964293,53.68714992819254,83.47382431563558,65.24575958454437,0.19669925553861334,0.04081083505247107,0.4092743743833528,0.35321553502556285,0.008251861153466678,1.0074446138667146,0.10754327742398422,0.0,0.177684097228451,0.0,0.0,0.0,0.0,0.05982599336263342,0.0
v1,2,0.3,6.193775849732025,11149,1.0,t1,h100,burstgpt,total,0.1,75.03665787446963,5.438216687965905,static_qc,0.47255359225042604,0.8411865729976853,0.44934166006478876,0.40609137055837563,0.6311776840972284,26.27498252661462,52.5490060105584,4.678183707257254,2.3470363257986264,25.660414955842416,40.41030507688157,16.448590385160287,0.6311776840972284,0.01058390887075074,0.06843663108798996,0.28980177594403084,0.16566508207014083,0.0,0.7386312673782403,0.0,0.09077047268813347,0.020988429455556554,0.04072114090949861,0.32765270427841064,0.05471342721320298,0.10691541842317696,0.0
v1,2,0.3,6.193775849732025,11149,1.0,t1,h100,burstgpt,total,0.1,75.03665787446963,5.438216687965905,static_qc_fallback,0.45963763566239124,0.882681908999075,0.45187471309646127,0.3967435549525102,0.6219391873710647,26.399127129698172,52.797290685420045,4.691375812114309,2.305369116944121,29.469457371054386,43.889604841758754,16.467304439873942,0.6219391873710647,0.012108709301282626,0.14638084133106108,0.21957126199659163,0.05489281549914791,0.012826262445062337,0.7661673692707867,0.0,0.09202619068974796,0.026280383890931923,0.05175352049511167,0.30890662839716565,0.054354650641313125,0.10072652255807696,0.0
v1,2,0.3,6.193775849732025,11149,1.0,t1,h100,burstgpt,total,0.1,75.03665787446963,5.438216687965905,shortest_queue,0.3967171943672078,0.6759713709980133,0.39084555386483344,0.23699421965317918,0.8622297963942954,2.180266428611503,4.3604532770163695,4.653297572740788,0.8141395937759626,24.598858725448373,29.714194051678845,15.402019620562214,0.8622297963942954,0.0014351062875594225,0.029957843752802943,0.10637725356534218,0.35967351331958025,0.0,0.0,0.4064041618082339,0.16387119921069154,0.06780877208718271,0.0,0.22558076957574671,0.0,0.0,0.0
v1,2,0.3,6.193775849732025,11149,1.0,t1,h100,burstgpt,total,0.1,75.03665787446963,5.438216687965905,capacity_greedy,0.6139115615750291,0.8543181200002437,0.5822746906505084,0.5025380710659898,0.924208449188268,22.658263670280576,45.315700308928115,4.694508866586102,2.021319183396713,26.33806988873588,29.95294987435044,15.624397957122824,0.924208449188268,0.006816754865907256,0.04924208449188268,0.019732711453942058,0.017580052022602925,0.05821149878912907,0.0,0.11346309086016683,0.10628755942236971,0.03614673961790295,0.1458426764732263,0.36980895147546866,0.056238227643734866,0.10305857027536101,0.0001793882859449278
v1,2,0.3,6.193775849732025,11149,1.0,t1,h100,burstgpt,total,0.1,75.03665787446963,5.438216687965905,batch_lp@2s,0.610189254641672,3.4249415209997096,0.5775216245894568,0.49746192893401014,0.9168535294645259,22.663373915856937,45.32592061355574,4.693446952151354,3.2180261286172254,27.182235833049234,29.988331065393005,17.185270965547147,0.9168535294645259,0.007713696295631896,0.07462552695308997,0.000807247286752175,0.008520943582384071,0.0005381648578347834,0.006816754865907256,0.11866535115256974,0.10072652255807696,0.03516010404520585,0.14647053547403355,0.36927078661763385,0.05148443806619428,0.10269979370347117,8.96941429724639e-05
v1,2,0.3,6.193775849732025,11149,1.0,t1,h100,burstgpt,total,0.1,75.03665787446963,5.438216687965905,A:knn_capacity_greedy,0.5095524262265674,3.169748984997568,0.4874636806633296,0.44477611940298506,0.8119113821867432,26.143097761132594,52.285241293417435,4.685320597488305,1.8954612694892035,29.451037879087323,41.4244710744037,17.490605023355783,0.8119113821867432,0.015517086734236255,0.09355099112027984,0.0790205399587407,0.005830119293210153,0.2593954614763656,0.0,0.1374114270338147,0.10888868956857117,0.06556641851287111,0.152749125482106,0.2449547044577989,0.046551260202708764,0.06915418423176967,0.0021526594313391336
v1,2,0.3,6.193775849732025,11149,1.0,t1,h100,burstgpt,total,0.5,375.18328937234816,3.1315309607962263,oracle_unconstrained,0.9274374383352767,,,,,,,,,,,,,,,,,,,,,,,,,,
v1,2,0.3,6.193775849732025,11149,1.0,t1,h100,burstgpt,total,0.5,375.18328937234816,3.1315309607962263,predictor_unconstrained,0.8126737824020092,,,,,,,,,,,,,,,,,,,,,,,,,,
v1,2,0.3,6.193775849732025,11149,1.0,t1,h100,burstgpt,total,0.5,375.18328937234816,3.1315309607962263,fluid_ceiling,0.88875,,,,,,,,,,,,,,,,,,,,,,,,,,
v1,2,0.3,6.193775849732025,11149,1.0,t1,h100,burstgpt,total,0.5,375.18328937234816,3.1315309607962263,random,0.4352856758453673,0.7218124290011474,0.41335781168028857,0.3325626204238921,0.7349538075163692,120.93593600996792,241.86745783153611,4.724841941930434,1.3139102491206813,61.35031879215182,131.16250820789787,15.757076423763294,0.7349538075163692,0.07390797380931025,0.13902592160731905,0.052112297067001524,0.07928962238765809,0.0,0.2625347564804018,0.15445331419858283,0.11166920800071756,0.07615032738362185,0.10933716028343349,0.11238676114449726,0.058032110503184145,0.09355099112027984,0.09328190869136245
v1,2,0.3,6.193775849732025,11149,1.0,t1,h100,burstgpt,total,0.5,375.18328937234816,3.1315309607962263,always_best_api,0.3917391694322361,0.8339464110031258,0.3323141486570246,0.15228426395939088,0.45035429186474124,108.64841075142613,217.2928558118409,4.9599512429758175,8.425495093150516,59.324126388538666,133.0613237098364,10.204747779902902,0.45035429186474124,0.08368463539330882,0.0,0.46596107274195,1.5136783568033008,0.0,0.0,0.0,0.0,0.0,0.0,0.0,0.0,0.53403892725805,0.0
v1,2,0.3,6.193775849732025,11149,1.0,t1,h100,burstgpt,total,0.5,375.18328937234816,3.1315309607962263,always_best_self,0.10000896941429725,0.6895616539986804,0.10016777689452666,0.04431599229287091,0.1739169432236075,0.0,0.0,4.615066422246877,29.56496964428264,29.998833737704842,30.018217381070677,79.85916730187137,0.1739169432236075,0.008700331868328998,0.44586958471611804,0.3715131401919455,0.0,1.192393936675935,0.0,0.0,0.1826172750919365,0.0,0.0,0.0,0.0,0.0,0.0
v1,2,0.3,6.193775849732025,11149,1.0,t1,h100,burstgpt,total,0.5,375.18328937234816,3.1315309607962263,threshold,0.288097587227554,0.7122332910003024,0.24019459924718678,0.18154761904761904,0.3877477800699614,103.46696332457941,206.930150082124,4.669059050923328,19.497805795072622,64.92125978671532,198.55439848513225,33.82424284274233,0.3877477800699614,0.09803569826890304,0.24701766974616557,0.26719885191496995,0.4873979729123688,0.3788680599156875,0.0,0.0,0.16162884563637994,0.0,0.0,0.0,0.0,0.3241546327024845,0.0
v1,2,0.3,6.193775849732025,11149,1.0,t1,h100,burstgpt,total,0.5,375.18328937234816,3.1315309607962263,static_qc,0.6079917481388465,0.763836980000633,0.5947201678176605,0.40773809523809523,0.7632074625526953,106.65508546160163,213.30627798900562,4.651382432916797,3.108410989746176,52.044373785929906,161.16649261164955,15.221752988138228,0.7632074625526953,0.07220378509283344,0.02206475917122612,0.14252399318324513,0.4749304870391963,0.0,0.0,0.0,0.07094806709121894,0.0023320477172840614,0.01793882859449278,0.34989685173558166,0.07211409094986097,0.3221813615570903,0.0
v1,2,0.3,6.193775849732025,11149,1.0,t1,h100,burstgpt,total,0.5,375.18328937234816,3.1315309607962263,static_qc_fallback,0.6705534128621401,0.7372843720004312,0.6443254864298685,0.5272727272727272,0.8602565252489013,113.07604289590199,226.1479584912405,4.695326652003762,2.928942706772318,48.89518001587288,152.16452209555993,15.256296028663883,0.8602565252489013,0.07507399766795228,0.04960086106377254,0.015068616019373935,0.24612072831644094,0.0,0.0,0.0,0.07265225580769576,0.010225132298860884,0.052291685352946454,0.39716566508207013,0.07184500852094358,0.32271952641492513,0.008431249439411606
v1,2,0.3,6.193775849732025,11149,1.0,t1,h100,burstgpt,total,0.5,375.18328937234816,3.1315309607962263,shortest_queue,0.3967171943672078,0.6589911200026108,0.39084555386483344,0.23699421965317918,0.8622297963942954,2.180266428611503,4.3604532770163695,4.653297572740788,0.8141395937759626,24.598858725448373,29.714194051678845,15.402019620562214,0.8622297963942954,0.0014351062875594225,0.029957843752802943,0.10637725356534218,0.35967351331958025,0.0,0.0,0.4064041618082339,0.16387119921069154,0.06780877208718271,0.0,0.22558076957574671,0.0,0.0,0.0
v1,2,0.3,6.193775849732025,11149,1.0,t1,h100,burstgpt,total,0.5,375.18328937234816,3.1315309607962263,capacity_greedy,0.7212306036415822,0.810328458002914,0.679827379674029,0.5939086294416244,0.9669925553861333,43.21701756875518,86.4324577068151,4.689046496022213,2.214836018597339,20.37736241143276,50.58157682849657,15.690479023341481,0.9669925553861333,0.017131581307740604,0.01219840344425509,0.00367745986187102,0.02439680688851018,0.0,0.0,0.0,0.09247466140461028,0.026100995604986993,0.1513140191945466,0.4525069512960804,0.07148623194905372,0.1878195353843394,0.002421741860256525
v1,2,0.3,6.193775849732025,11149,1.0,t1,h100,burstgpt,total,0.5,375.18328937234816,3.1315309607962263,batch_lp@2s,0.7226208628576554,3.2220065260007686,0.6870769980079657,0.6345177664974619,0.9712978742488115,38.47702616967399,76.95264791938665,4.686886880760721,3.239150805992807,19.919723206533522,36.628190513073335,16.313767853046556,0.9712978742488115,0.013543815588842049,0.013005650731007266,0.0021526594313391336,0.013095344873979729,0.0,0.0,0.0,0.09229527311866535,0.026190689747959458,0.16665171764283793,0.43869405327832095,0.06933357251771459,0.19095883038837563,0.0007175531437797112
v1,2,0.3,6.193775849732025,11149,1.0,t1,h100,burstgpt,total,0.5,375.18328937234816,3.1315309607962263,A:knn_capacity_greedy,0.674186025652525,3.196918134999578,0.6420582481586278,0.5803571428571429,0.9301282626244506,61.622906156282625,123.24356306286754,4.694986562235429,1.918092296916484,28.36549185353067,82.1016342963636,15.597316699131511,0.9301282626244506,0.037850928334379766,0.026280383890931923,0.00574042515023769,0.031123867611444974,0.0,0.0,0.0,0.09301282626244506,0.05982599336263342,0.23930397345053367,0.31715848955063236,0.0665530540855682,0.18611534666786259,0.006009507579155081
v1,2,0.7,14.452143649374724,26014,1.0,t1,h100,burstgpt,total,0.1,175.08553504042914,5.438216687965905,oracle_unconstrained,0.92942261858999,,,,,,,,,,,,,,,,,,,,,,,,,,
v1,2,0.7,14.452143649374724,26014,1.0,t1,h100,burstgpt,total,0.1,175.08553504042914,5.438216687965905,predictor_unconstrained,0.8139271161682171,,,,,,,,,,,,,,,,,,,,,,,,,,
v1,2,0.7,14.452143649374724,26014,1.0,t1,h100,burstgpt,total,0.1,175.08553504042914,5.438216687965905,fluid_ceiling,0.8923,,,,,,,,,,,,,,,,,,,,,,,,,,
v1,2,0.7,14.452143649374724,26014,1.0,t1,h100,burstgpt,total,0.1,175.08553504042914,5.438216687965905,random,0.18968632274928884,3.8107569940002577,0.17726874063590073,0.10474724562540505,0.40097639732451756,87.74823499357444,175.4955158600146,4.676039845065712,7.254163428053719,30.98600398926785,116.74355004675094,24.893294237562806,0.40097639732451756,0.024871223187514415,0.24782809256554164,0.3263242869224264,0.024486814792035058,0.21084800492042746,1.0985238717613592,0.173445068040286,0.07788114092411778,0.04328438533097563,0.03328976704851234,0.028369339586376566,0.013992465595448604,0.026870146844007074,0.028715307142307987
v1,2,0.7,14.452143649374724,26014,1.0,t1,h100,burstgpt,total,0.1,175.08553504042914,5.438216687965905,always_best_api,0.15818405473975553,4.762891221998871,0.12926932150409096,0.04555808656036447,0.179441839009764,80.05119993205881,160.1015294304047,4.68591940365289,6.663967700981402,52.502644829067656,119.33035655833207,7.971531688164305,0.179441839009764,0.0230260628892135,0.0,0.7975320981010225,1.4409164296148227,0.0,1.0237948796801721,0.0,0.0,0.0,0.0,0.0,0.0,0.20246790189897748,0.0
v1,2,0.7,14.452143649374724,26014,1.0,t1,h100,burstgpt,total,0.1,175.08553504042914,5.438216687965905,always_best_self,0.0502998385484739,3.9731806320014584,0.0481716557717641,0.02146791963707064,0.08537710463596525,0.0,0.0,4.639794327513415,29.566780714455717,30.001151792881956,30.018103295882554,77.52520289453446,0.08537710463596525,0.0049973091412316446,0.2965710771123241,0.613054509110479,0.0,1.9475666948566157,0.0,0.0,0.09037441377719689,0.0,0.0,0.0,0.0,0.0,0.0
v1,2,0.7,14.452143649374724,26014,1.0,t1,h100,burstgpt,total,0.1,175.08553504042914,5.438216687965905,threshold,0.07213423541170139,2.141845990998263,0.06844371780840154,0.05466970387243736,0.11366956254324595,68.63987754518166,137.27900873723536,4.635578197375707,29.593239584257617,62.175162837395675,92.06987129123522,54.70710269968296,0.11366956254324595,0.04240024602137311,0.2896517259936957,0.5542784654416852,0.0525101868224802,1.6681402321826708,0.0337894979626355,0.0,0.08333974013992465,0.0,0.0,0.0,0.0,0.0727300684246944,0.0
v1,2,0.7,14.452143649374724,26014,1.0,t1,h100,burstgpt,total,0.1,175.08553504042914,5.438216687965905,static_qc,0.48500807257630507,1.8499229990011372,0.47061269689602137,0.3573610262675626,0.6360421311601445,66.56922332138856,133.13772280483005,4.6690831667931265,2.5359419052559815,27.884686914951057,46.03520011528682,14.812464022439144,0.6360421311601445,0.012762358729914661,0.0930652725455524,0.2581302375643884,0.5919504881986623,0.07407549780887214,0.14476820173752594,0.0,0.049165833781809797,0.018490043822557086,0.053663412008918276,0.3558084108556931,0.039248097178442375,0.1324286922426386,0.0
v1,2,0.7,14.452143649374724,26014,1.0,t1,h100,burstgpt,total,0.1,175.08553504042914,5.438216687965905,static_qc_fallback,0.5426885523179826,1.9576383669991628,0.5166554640455502,0.3944848275066344,0.7220727300684247,69.9886854180786,139.97660981681756,4.7062447280413995,2.201692169589201,28.24281665100301,44.63441265793252,13.984966688886534,0.7220727300684247,0.014223110632736218,0.14046282770815716,0.12324133159068194,0.3268240178365496,0.07745829168909049,0.2806181286999308,0.0,0.048781425386330436,0.02068117167678942,0.1488044898900592,0.34827400630429767,0.03805643115245637,0.1316983162912278,0.0
v1,2,0.7,14.452143649374724,26014,1.0,t1,h100,burstgpt,total,0.1,175.08553504042914,5.438216687965905,shortest_queue,0.3727800415161067,1.7402366970018193,0.36304551297118454,0.2844296824368114,0.6890904897362958,7.813260777882533,15.626436598567741,4.649806760494994,3.2012403178321165,25.396781744589873,29.546477197288397,19.682044736324087,0.6890904897362958,0.0009610209886983932,0.02283385869147382,0.2871146305835319,0.8954409164296149,0.0,0.0,0.22891519950795725,0.07934189282693933,0.03913277465979857,0.0,0.34266164373029906,0.0,0.0,0.0
v1,2,0.7,14.452143649374724,26014,1.0,t1,h100,burstgpt,total,0.1,175.08553504042914,5.438216687965905,capacity_greedy,0.6783270546628738,1.8763566560010077,0.6412701207723601,0.5421412300683371,0.9531021757515185,65.40283833535432,130.80496551540483,4.669053994015177,1.8293176351373859,20.56518050954194,29.98027723725441,13.728579541317458,0.9531021757515185,0.008879833935573152,0.03155992926885523,0.006458061044053202,0.017605904512954563,0.016798646882447914,0.0,0.03132928423156762,0.048666102867686634,0.020642730837241486,0.3122549396478819,0.3780656569539479,0.03659567924963481,0.13412008918274776,0.0003075267163834858
v1,2,0.7,14.452143649374724,26014,1.0,t1,h100,burstgpt,total,0.1,175.08553504042914,5.438216687965905,batch_lp@2s,0.6846121319289613,5.035715730002266,0.6421326028708328,0.5466970387243736,0.9541016375797647,66.20863537478726,132.41655083246692,4.669704318235001,2.8990151833016853,21.39470148846402,29.9853408569863,14.845968912416925,0.9541016375797647,0.009302683170600446,0.035096486507265316,0.0014991927423694935,0.009648650726531868,0.0008072576305066503,0.0013069885446298148,0.02952256477281464,0.04743599600215269,0.02233412777735066,0.31798262474052436,0.37491350811101715,0.032828476973937114,0.138156377335281,0.00023064503728761437
v1,2,0.7,14.452143649374724,26014,1.0,t1,h100,burstgpt,total,0.1,175.08553504042914,5.438216687965905,A:knn_capacity_greedy,0.5745752287229953,4.301636878000863,0.5332003042086504,0.42596810933940776,0.8439686322749289,69.98845919509586,139.9761573733119,4.657276214141377,1.6484832127476032,28.267399610741563,42.12617414932992,14.601680864598947,0.8439686322749289,0.016952410240639655,0.0638117936495733,0.07526716383485815,0.021065580072268778,0.22945337126162835,0.0,0.06169754747443684,0.05708464672868455,0.032636272776197434,0.31671407703544247,0.2735450142231106,0.03059890828015684,0.08410855693088337,0.004536019066656416
v1,2,0.7,14.452143649374724,26014,1.0,t1,h100,burstgpt,total,0.5,875.4276752021457,3.1315309607962263,oracle_unconstrained,0.92942261858999,,,,,,,,,,,,,,,,,,,,,,,,,,
v1,2,0.7,14.452143649374724,26014,1.0,t1,h100,burstgpt,total,0.5,875.4276752021457,3.1315309607962263,predictor_unconstrained,0.8139271161682171,,,,,,,,,,,,,,,,,,,,,,,,,,
v1,2,0.7,14.452143649374724,26014,1.0,t1,h100,burstgpt,total,0.5,875.4276752021457,3.1315309607962263,fluid_ceiling,0.8923,,,,,,,,,,,,,,,,,,,,,,,,,,
v1,2,0.7,14.452143649374724,26014,1.0,t1,h100,burstgpt,total,0.5,875.4276752021457,3.1315309607962263,random,0.44558699161989695,1.6345365779998247,0.4115733414887964,0.30751708428246016,0.7095025755362497,307.49433461996705,614.985325711847,5.102985644929425,2.3680346066967815,69.23501872442944,133.20966257374806,16.186172547554065,0.7095025755362497,0.08164834319981548,0.14976551087875759,0.05908357038517721,0.23952487122318752,0.10252171907434458,0.028638425463212117,0.12477896517259937,0.07153840239870839,0.04051664488352426,0.158491581456139,0.14722841546859383,0.04020911816714077,0.10655800722687783,0.10182978396248174
v1,2,0.7,14.452143649374724,26014,1.0,t1,h100,burstgpt,total,0.5,875.4276752021457,3.1315309607962263,always_best_api,0.263761820558161,2.178812515001482,0.2197356276889945,0.07972665148063782,0.2984931190897209,111.30289031146094,222.60457037512856,4.780065461408412,6.781051322677627,42.87204733227509,91.98177364704645,8.152180027927045,0.2984931190897209,0.0294841239332667,0.0,0.6720227569770124,2.1265856846313524,0.0,0.0,0.0,0.0,0.0,0.0,0.0,0.0,0.32797724302298764,0.0
v1,2,0.7,14.452143649374724,26014,1.0,t1,h100,burstgpt,total,0.5,875.4276752021457,3.1315309607962263,always_best_self,0.0502998385484739,2.0040007149982557,0.0481716557717641,0.02146791963707064,0.08537710463596525,0.0,0.0,4.639794327513415,29.566780714455717,30.001151792881956,30.018103295882554,77.52520289453446,0.08537710463596525,0.0049973091412316446,0.2965710771123241,0.613054509110479,0.0,1.9475666948566157,0.0,0.0,0.09037441377719689,0.0,0.0,0.0,0.0,0.0,0.0
v1,2,0.7,14.452143649374724,26014,1.0,t1,h100,burstgpt,total,0.5,875.4276752021457,3.1315309607962263,threshold,0.18574613669562542,1.9485453609995602,0.13920189675396263,0.05922551252847381,0.24532943799492582,108.3894640468061,216.7777495248498,4.594421888948286,13.889831280054523,53.07891416102105,93.33234851991897,22.609052912332004,0.24532943799492582,0.043860997924194664,0.2084262320289075,0.502383332051972,0.8455062658568463,0.7467133082186515,0.0,0.0,0.0787652802337203,0.0,0.0,0.0,0.0,0.21042515568540016,0.0
v1,2,0.7,14.452143649374724,26014,1.0,t1,h100,burstgpt,total,0.5,875.4276752021457,3.1315309607962263,static_qc,0.48885215653109865,1.9913065149994509,0.49197709593762956,0.2681734880879658,0.608287845006535,120.65770520689148,241.31409844676156,4.685246431532781,3.138392862494925,30.198152721665366,82.43254906567812,13.768998064962489,0.608287845006535,0.03309756285077266,0.04351503036826324,0.31509956177442916,0.9985008072576305,0.013377412162681634,0.0,0.0,0.04505266395018067,0.0024986545706158223,0.01664488352425617,0.31425386330437455,0.04113169831629123,0.22180364419158916,0.0
v1,2,0.7,14.452143649374724,26014,1.0,t1,h100,burstgpt,total,0.5,875.4276752021457,3.1315309607962263,static_qc_fallback,0.5986584146997771,2.0865503159984655,0.5647292937009748,0.4672897196261682,0.7803106019835473,151.7602576220488,303.51886508464185,4.709455603378587,2.7448585439116187,29.902567869771985,78.1600450195271,14.130496675102172,0.7803106019835473,0.03870992542477128,0.09202736987775813,0.08895210271392327,0.6524179288075651,0.04266933189820866,0.0,0.0,0.044206965480126086,0.015799185054201585,0.11163219804720535,0.36242023525793804,0.04209271930498962,0.22141923579610978,0.021449988467748135
v1,2,0.7,14.452143649374724,26014,1.0,t1,h100,burstgpt,total,0.5,875.4276752021457,3.1315309607962263,shortest_queue,0.3727800415161067,1.77253935599947,0.36304551297118454,0.2844296824368114,0.6890904897362958,7.813260777882533,15.626436598567741,4.649806760494994,3.2012403178321165,25.396781744589873,29.546477197288397,19.682044736324087,0.6890904897362958,0.0009610209886983932,0.02283385869147382,0.2871146305835319,0.8954409164296149,0.0,0.0,0.22891519950795725,0.07934189282693933,0.03913277465979857,0.0,0.34266164373029906,0.0,0.0,0.0
v1,2,0.7,14.452143649374724,26014,1.0,t1,h100,burstgpt,total,0.5,875.4276752021457,3.1315309607962263,capacity_greedy,0.7057738141001,1.8723299999983283,0.6704530523667981,0.5854214123006833,0.9607519028215576,95.72803966143874,191.45503842763716,4.686180452163608,1.9224197668193028,19.660944609303453,41.002143835565995,14.222476872530706,0.9607519028215576,0.014991927423694934,0.020758053355885292,0.003498116398862151,0.02575536249711694,0.0,0.0,0.0,0.04774352271853617,0.020873375874529098,0.30152994541400785,0.3840239870838779,0.03786422695471669,0.17102329514876605,0.01268547705081879
v1,2,0.7,14.452143649374724,26014,1.0,t1,h100,burstgpt,total,0.5,875.4276752021457,3.1315309607962263,batch_lp@2s,0.7092527100791881,5.106661597998027,0.6671618557409821,0.5763097949886105,0.9643653417390636,86.26646648910355,172.53199496302696,4.684239097221123,2.954604348662315,20.03672700904849,35.62199819293022,15.064401663279796,0.9643653417390636,0.01322364880448989,0.02048896747904974,0.0019220419773967863,0.015145690781886677,0.0,0.0,0.0,0.04832013531175521,0.023602675482432535,0.315176443453525,0.37602829245790725,0.035404013223648806,0.17209963865610825,0.006957791958176367
v1,2,0.7,14.452143649374724,26014,1.0,t1,h100,burstgpt,total,0.5,875.4276752021457,3.1315309607962263,A:knn_capacity_greedy,0.6735796109787038,4.270448815001146,0.6409218115750207,0.5580865603644647,0.9355347120781118,122.79046119358281,245.57958722970218,4.69396964880702,1.674350341846086,26.138081719962884,65.74749647138236,14.040816468779667,0.9355347120781118,0.030906434996540326,0.027677404474513723,0.005881448450834166,0.037672022756977015,0.0,0.0,0.0006150534327669716,0.055085723072191894,0.0321749827016222,0.3632274928884447,0.3057968786038287,0.037364496040593526,0.1617206119781656,0.010455908357038518
v1,2,1.0,20.64591949910675,37163,1.0,t1,h100,burstgpt,total,0.1,250.1221929148988,5.438216687965905,oracle_unconstrained,0.9288539676560019,,,,,,,,,,,,,,,,,,,,,,,,,,
v1,2,1.0,20.64591949910675,37163,1.0,t1,h100,burstgpt,total,0.1,250.1221929148988,5.438216687965905,predictor_unconstrained,0.8123536851169174,,,,,,,,,,,,,,,,,,,,,,,,,,
v1,2,1.0,20.64591949910675,37163,1.0,t1,h100,burstgpt,total,0.1,250.1221929148988,5.438216687965905,fluid_ceiling,0.89695,,,,,,,,,,,,,,,,,,,,,,,,,,
v1,2,1.0,20.64591949910675,37163,1.0,t1,h100,burstgpt,total,0.1,250.1221929148988,5.438216687965905,random,0.16325377391491538,3.1375874429977557,0.1554422929753057,0.10163297933082106,0.32820278233727096,125.46492449063953,250.92752015668552,4.67575580986793,8.429602194160658,43.17939159546061,119.1445160580962,26.49517994893114,0.32820278233727096,0.02602050426499475,0.24440976239808412,0.4013669509996502,0.02080025832144875,0.3166052256276404,1.1728062858219197,0.13734090358690096,0.06159352043699379,0.028549901784032505,0.03000295993326696,0.03075639749212927,0.01272771304792401,0.025509243064338185,0.02774264725668003
v1,2,1.0,20.64591949910675,37163,1.0,t1,h100,burstgpt,total,0.1,250.1221929148988,5.438216687965905,always_best_api,0.19652611468395986,3.2312361269978283,0.15913153353150464,0.05669749914354231,0.2226138901595673,115.30510832200525,230.60807640144378,4.907724238102919,6.364656939164433,42.93336547504498,98.78253946830002,7.633714829261635,0.2226138901595673,0.020396631057772514,0.0,0.7569894787826602,2.105050722492802,0.0,0.2564109463713909,0.0,0.0,0.0,0.0,0.0,0.0,0.24301052121733982,0.0
v1,2,1.0,20.64591949910675,37163,1.0,t1,h100,burstgpt,total,0.1,250.1221929148988,5.438216687965905,always_best_self,0.033931598633049,2.9865959659982764,0.03868656936439825,0.016900765102203952,0.05952156715012243,0.0,0.0,4.665750441253237,29.523690336228356,30.0038480200283,30.018842940304914,77.48326265623854,0.05952156715012243,0.003955547184027124,0.2098861771116433,0.7266367085542071,0.0,2.275596695638135,0.0,0.0,0.06347711433414956,0.0,0.0,0.0,0.0,0.0,0.0
v1,2,1.0,20.64591949910675,37163,1.0,t1,h100,burstgpt,total,0.1,250.1221929148988,5.438216687965905,threshold,0.05841831929607405,2.9981319179969432,0.05468836466334035,0.03857350800582242,0.09291499609826978,97.46788135310635,194.9339535503861,4.668059811002364,29.45852399039596,64.30056711755711,91.88156014990766,48.58949140025322,0.09291499609826978,0.04028200091488846,0.2064957080967629,0.6603072948900789,0.08764093318623362,1.9814600543551382,0.0,0.0,0.06011355380351425,0.0,0.0,0.0,0.0,0.073083443209644,0.0
v1,2,1.0,20.64591949910675,37163,1.0,t1,h100,burstgpt,total,0.1,250.1221929148988,5.438216687965905,static_qc,0.45724241853456393,2.843145103997813,0.4328286039152973,0.3152730375426621,0.5981756047681834,93.13797393467576,186.27421908335674,4.704755388431187,2.588989426895523,27.17159203402256,47.181629971331674,13.697267140423492,0.5981756047681834,0.012566262142453516,0.09676290934531658,0.2924952237440465,0.8202782337270942,0.10636923822081103,0.0,0.0,0.0377795118800958,0.013400425154051073,0.05707289508381993,0.33275031617468986,0.03207491322013831,0.13766380539784193,0.0
v1,2,1.0,20.64591949910675,37163,1.0,t1,h100,burstgpt,total,0.1,250.1221929148988,5.438216687965905,static_qc_fallback,0.541264160589834,3.0574280330001784,0.49488235519199836,0.35572519083969467,0.7298119096951269,101.11969644437886,202.23751594954996,4.7149236158826815,2.0615689703072917,25.466435877451698,47.2235400477496,12.971601864576684,0.7298119096951269,0.015606920862147836,0.1397357586847133,0.114845410758012,0.47539219115787207,0.11554503134838415,0.17816107418669105,0.0,0.03804859672254662,0.01652180932648064,0.2074375050453408,0.31647068320641497,0.03153674353523666,0.13540349272125501,0.0
v1,2,1.0,20.64591949910675,37163,1.0,t1,h100,burstgpt,total,0.1,250.1221929148988,5.438216687965905,shortest_queue,0.308963216102037,2.767244112001208,0.2968018840306107,0.23695329450725133,0.5581088717272557,9.379579489450407,18.758984879283084,4.6609863116971395,3.232276537195446,26.035500152063115,29.694614571745348,19.866471129981164,0.5581088717272557,0.0008879799800877217,0.028119366036111187,0.4128837822565455,1.2937330140193204,0.0,0.0,0.17431316093964427,0.059064122917956034,0.029653149638080887,0.0,0.29596641821166214,0.0,0.0,0.0
v1,2,1.0,20.64591949910675,37163,1.0,t1,h100,burstgpt,total,0.1,250.1221929148988,5.438216687965905,capacity_greedy,0.6836504049726879,2.6975197059982747,0.6402084741857464,0.5389312977099237,0.9593681887899255,93.31559964385087,186.6294672046969,4.7035768047224185,1.5663278392659095,16.7401964138146,29.493402874872622,12.946437788009916,0.9593681887899255,0.007211473777682103,0.01501493420875602,0.018405403223636412,0.025482334580093104,0.04609423351182628,0.0,0.009929230686435433,0.03786023733283104,0.016790894168931463,0.39945644861824936,0.34114576325915563,0.02892662056346366,0.13171703037967872,0.0007534375588623093
v1,2,1.0,20.64591949910675,37163,1.0,t1,h100,burstgpt,total,0.1,250.1221929148988,5.438216687965905,batch_lp@2s,0.6922073029626241,6.671873992996552,0.6403612399859542,0.5190839694656488,0.9715039151844577,98.04994373861155,196.09806751741118,4.706355047031127,2.6970221011093543,18.096370587290867,30.001114423394075,14.162214212573108,0.9715039151844577,0.009848505233700186,0.01576837176761833,0.0028792078142238246,0.01076339369803299,0.003794096278556629,0.004816618679869763,0.011382288835669887,0.03740279310066464,0.017006162042892122,0.43322659634582783,0.32085676613836345,0.026155046686220165,0.1348384145521083,0.00048435271641148457
v1,2,1.0,20.64591949910675,37163,1.0,t1,h100,burstgpt,total,0.1,250.1221929148988,5.438216687965905,A:knn_capacity_greedy,0.5742405080321825,5.350002546998439,0.5390748836371649,0.4580152671755725,0.846002744665393,101.51310852912138,203.02433281669343,4.707309016200885,1.5038786240356217,26.803998382576317,42.97510682400129,13.61409705080439,0.846002744665393,0.016225815999784732,0.04526007050022872,0.09251136883459354,0.027150660603288218,0.28420741059656107,0.0,0.058956488980975705,0.04512552807900331,0.023975459462368485,0.3671393590399053,0.25261685009283424,0.024648171568495546,0.08433118962408848,0.00543551381750666
v1,2,1.0,20.64591949910675,37163,1.0,t1,h100,burstgpt,total,0.5,1250.610964574494,3.1315309607962263,oracle_unconstrained,0.9288539676560019,,,,,,,,,,,,,,,,,,,,,,,,,,
v1,2,1.0,20.64591949910675,37163,1.0,t1,h100,burstgpt,total,0.5,1250.610964574494,3.1315309607962263,predictor_unconstrained,0.8123536851169174,,,,,,,,,,,,,,,,,,,,,,,,,,
v1,2,1.0,20.64591949910675,37163,1.0,t1,h100,burstgpt,total,0.5,1250.610964574494,3.1315309607962263,fluid_ceiling,0.89695,,,,,,,,,,,,,,,,,,,,,,,,,,
v1,2,1.0,20.64591949910675,37163,1.0,t1,h100,burstgpt,total,0.5,1250.610964574494,3.1315309607962263,random,0.4265263837688023,2.557569633998355,0.39608082809987666,0.3145038167938931,0.6784167047870193,378.7875517051725,757.56807252287,5.398560220186482,2.6109777968772505,63.09471478112931,133.0037617133968,15.834269672948722,0.6784167047870193,0.07036568630089067,0.16554099507574738,0.0856766138363426,0.3271802599359578,0.15620375104270376,0.0,0.11759007615101041,0.05669617630438877,0.02836154239431693,0.17493205607728116,0.15496596076742997,0.032209455641363724,0.09783924871511988,0.08618787503699916
v1,2,1.0,20.64591949910675,37163,1.0,t1,h100,burstgpt,total,0.5,1250.610964574494,3.1315309607962263,always_best_api,0.21202540160912736,3.7115583300001163,0.17200353614034466,0.06149366221308667,0.24010440491887092,115.78092079982162,231.55969252525514,4.909260703706531,6.217530320999344,39.09675478338256,91.55072813713946,7.46859226490335,0.24010440491887092,0.01956246804617496,0.0,0.7403331270349541,2.317197212281032,0.0,0.0,0.0,0.0,0.0,0.0,0.0,0.0,0.25966687296504587,0.0
v1,2,1.0,20.64591949910675,37163,1.0,t1,h100,burstgpt,total,0.5,1250.610964574494,3.1315309607962263,always_best_self,0.033931598633049,3.2380423540016636,0.03868656936439825,0.016900765102203952,0.05952156715012243,0.0,0.0,4.665750441253237,29.523690336228356,30.0038480200283,30.018842940304914,77.48326265623854,0.05952156715012243,0.003955547184027124,0.2098861771116433,0.7266367085542071,0.0,2.275596695638135,0.0,0.0,0.06347711433414956,0.0,0.0,0.0,0.0,0.0,0.0
v1,2,1.0,20.64591949910675,37163,1.0,t1,h100,burstgpt,total,0.5,1250.610964574494,3.1315309607962263,threshold,0.14853483303285525,3.1293562940008997,0.11067874585720879,0.05801526717557252,0.19522105319807334,113.73154455667827,227.46097807858646,4.708576154125901,12.016448484421062,48.42358829680327,91.24455332570118,18.767826945987622,0.19522105319807334,0.03089093991335468,0.16971181013373518,0.6041761967548368,0.9599332669590722,0.9307644700374028,0.0,0.0,0.05669617630438877,0.0,0.0,0.0,0.0,0.16941581680703927,0.0
v1,2,1.0,20.64591949910675,37163,1.0,t1,h100,burstgpt,total,0.5,1250.610964574494,3.1315309607962263,static_qc,0.42044506632941364,3.3317226270009996,0.4242679518875412,0.20477815699658702,0.5233700185668542,128.09834943512215,256.19432116517834,4.933231250552994,3.017858696467897,29.77386324372827,75.12501149791937,13.174506794177034,0.5233700185668542,0.0241100018835939,0.0482200037671878,0.4042999757823642,1.2720447757177837,0.019616285014665124,0.0,0.0,0.03562683314048919,0.00271775690875333,0.016763985684686383,0.28111293490837663,0.0314829265667465,0.179775583241396,0.0
v1,2,1.0,20.64591949910675,37163,1.0,t1,h100,burstgpt,total,0.5,1250.610964574494,3.1315309607962263,static_qc_fallback,0.5444124532465087,3.435472696000943,0.4981321151515082,0.4076335877862595,0.7192906923552996,178.87207207533174,357.74082400615106,4.933966707238961,2.5384867300010683,29.308665903732315,72.57797907358761,13.120439259756154,0.7192906923552996,0.02968005812232597,0.11134730780615128,0.1396819417162231,0.8730188628474558,0.06118989317331755,0.0,0.0,0.03411995802276458,0.013884777870462557,0.14301859376261336,0.32187928853967657,0.03272071684202029,0.17824179963942632,0.025105615800661948
v1,2,1.0,20.64591949910675,37163,1.0,t1,h100,burstgpt,total,0.5,1250.610964574494,3.1315309607962263,shortest_queue,0.308963216102037,2.971576776002621,0.2968018840306107,0.23695329450725133,0.5581088717272557,9.379579489450407,18.758984879283084,4.6609863116971395,3.232276537195446,26.035500152063115,29.694614571745348,19.866471129981164,0.5581088717272557,0.0008879799800877217,0.028119366036111187,0.4128837822565455,1.2937330140193204,0.0,0.0,0.17431316093964427,0.059064122917956034,0.029653149638080887,0.0,0.29596641821166214,0.0,0.0,0.0
v1,2,1.0,20.64591949910675,37163,1.0,t1,h100,burstgpt,total,0.5,1250.610964574494,3.1315309607962263,capacity_greedy,0.7009391061001534,2.9585413210006664,0.6531791609882031,0.5404580152671755,0.9701046740037134,140.86102916254822,281.7194437247982,4.702952902404836,1.6757789953547615,20.371501630780735,38.89358763547953,13.375371126849387,0.9701046740037134,0.014692032397815032,0.010494308855582165,0.004708984742889433,0.03196727928315798,0.0,0.0,0.0,0.038021688238301536,0.016145090547049486,0.3914377203132148,0.32553884239700775,0.02860371875252267,0.16747840594139332,0.017571240212038857
v1,2,1.0,20.64591949910675,37163,1.0,t1,h100,burstgpt,total,0.5,1250.610964574494,3.1315309607962263,batch_lp@2s,0.7031725102924953,6.979343371000141,0.6517503418648654,0.5312977099236641,0.9737373193767995,128.70102070069152,257.39965250979884,4.698167234532567,2.7106915219503946,20.253480048996597,35.53433581609183,14.345039181814556,0.9737373193767995,0.01380405241772731,0.011032478540483814,0.0014261496649893711,0.012646987595188763,0.0,0.0,0.0,0.03783332884858596,0.01705997901138229,0.4154400882598283,0.3065952694884697,0.02610122971773,0.17372117428625244,0.010790302182278073
v1,2,1.0,20.64591949910675,37163,1.0,t1,h100,burstgpt,total,0.5,1250.610964574494,3.1315309607962263,A:knn_capacity_greedy,0.6782687081236713,5.541296067000076,0.6396234857967215,0.5541984732824428,0.9526141592444097,154.77504594643142,309.5472190267217,4.679755868565059,1.4410190449919469,24.026493782159864,58.48237317541095,13.107194926597117,0.9526141592444097,0.02480962247396604,0.015526195409412588,0.007050022872211608,0.04515243656324839,0.0,0.0,0.0005919866533918145,0.042569222075720475,0.022872211608320103,0.44934477840863224,0.28122056884535696,0.028630627236767753,0.13785216478755752,0.014342222102628959
v1,2,1.3,26.839695348838777,48311,1.0,t1,h100,burstgpt,total,0.1,325.15885078936844,5.438216687965905,oracle_unconstrained,0.9268282585746518,,,,,,,,,,,,,,,,,,,,,,,,,,
v1,2,1.3,26.839695348838777,48311,1.0,t1,h100,burstgpt,total,0.1,325.15885078936844,5.438216687965905,predictor_unconstrained,0.8098466187824719,,,,,,,,,,,,,,,,,,,,,,,,,,
v1,2,1.3,26.839695348838777,48311,1.0,t1,h100,burstgpt,total,0.1,325.15885078936844,5.438216687965905,fluid_ceiling,0.8859279875878477,,,,,,,,,,,,,,,,,,,,,,,,,,
v1,2,1.3,26.839695348838777,48311,1.0,t1,h100,burstgpt,total,0.1,325.15885078936844,5.438216687965905,random,0.19779139326447392,4.506698776000121,0.18382388176375974,0.13727810650887573,0.36585870712674134,162.77529654689897,325.5536364531549,4.701675155203931,3.1514751612308487,34.69830526213166,116.68767202888046,18.084293969172222,0.36585870712674134,0.024383680735236283,0.2110492434435222,0.3987083686945002,0.20086522738092774,0.39061497381548715,0.9170375276852063,0.11827534101964356,0.04640765043157873,0.02241725486949142,0.08124443708472191,0.04911924820434269,0.010763594212498189,0.034402103040715365,0.02761275899898574
v1,2,1.3,26.839695348838777,48311,1.0,t1,h100,burstgpt,total,0.1,325.15885078936844,5.438216687965905,always_best_api,0.17583987083686944,4.913769802999013,0.1456340254381757,0.05227433004231312,0.1985883132205916,115.85065054806182,231.70346711989282,4.947797660867835,5.998671844833609,36.08485991479228,79.43782392848759,7.155576926469507,0.1985883132205916,0.014572250626151395,0.0,0.786839436153257,2.4449090269296847,0.0,0.0,0.0,0.0,0.0,0.0,0.0,0.0,0.21316056384674298,0.0
v1,2,1.3,26.839695348838777,48311,1.0,t1,h100,burstgpt,total,0.1,325.15885078936844,5.438216687965905,always_best_self,0.0265157003580965,4.256445542003348,0.026658766141157142,0.013487306064880113,0.045558982426362526,0.0,0.0,4.676017135149897,29.46521936638635,30.000464657912072,30.01626374696322,79.99776828141466,0.045558982426362526,0.002442507917451512,0.16399991720312143,0.7879985924530645,0.0,2.419780174287429,0.0,0.0,0.04800149034381404,0.0,0.0,0.0,0.0,0.0,0.0
v1,2,1.3,26.839695348838777,48311,1.0,t1,h100,burstgpt,total,0.1,325.15885078936844,5.438216687965905,threshold,0.04772205087868187,4.586666324001271,0.04240976212165481,0.026830631637786474,0.07538655792676616,104.36993387062103,208.7418191136036,4.676081749562173,29.252182673722984,64.61700118618026,93.8346921561588,46.65094146308547,0.07538655792676616,0.031214423216244746,0.16269586636583802,0.730703152491151,0.12175280991906605,2.1285835524000745,0.0,0.0,0.04404793939268489,0.0,0.0,0.0,0.0,0.06255304175032601,0.0
v1,2,1.3,26.839695348838777,48311,1.0,t1,h100,burstgpt,total,0.1,325.15885078936844,5.438216687965905,static_qc,0.3884933038024466,4.385555037999438,0.36713160458868943,0.27075812274368233,0.510484154747366,104.34435018479962,208.69065126363057,4.705214000593646,2.585414762992798,24.779518910915243,46.55593499615611,13.172224733548177,0.510484154747366,0.01063939889466167,0.09130425782947983,0.38757218852849246,1.0525553186644863,0.16420690939951563,0.0,0.0,0.027281571484755025,0.011695059096272071,0.058951377533067006,0.27229823435656475,0.025356544058289004,0.12554076711307985,0.0
v1,2,1.3,26.839695348838777,48311,1.0,t1,h100,burstgpt,total,0.1,325.15885078936844,5.438216687965905,static_qc_fallback,0.5476599532197636,4.6773273430007976,0.48077146907513635,0.3136094674556213,0.7528513175053301,122.13691300170831,244.27610955948992,4.74486144406218,1.8046782501135112,18.45537574839886,42.01907659233662,12.229419833354711,0.7528513175053301,0.012854215396079567,0.1321645173976941,0.10212994970089628,0.7007927801121898,0.16677361263480367,0.0,0.0,0.02688828631160605,0.01229533646581524,0.2930388524352632,0.27747303926641964,0.026701993334851275,0.1293080250874542,0.0
v1,2,1.3,26.839695348838777,48311,1.0,t1,h100,burstgpt,total,0.1,325.15885078936844,5.438216687965905,shortest_queue,0.2525408292107388,4.3286008709983435,0.24572790853797447,0.19926833568406205,0.44846929270766495,10.340544681503161,20.68128269697087,4.6497720938191325,3.0671280194965505,26.673170038476577,29.69091328512511,20.4384381222508,0.44846929270766495,0.000662375028461427,0.024632071370909316,0.5262362608929644,1.6392953985634742,0.0,0.0,0.12881124381610815,0.04553828320672311,0.023410817412183562,0.0,0.25137132330111156,0.0,0.0,0.0
v1,2,1.3,26.839695348838777,48311,1.0,t1,h100,burstgpt,total,0.1,325.15885078936844,5.438216687965905,capacity_greedy,0.689335762041771,3.842965746000118,0.640163057728783,0.5112426035502958,0.9764856864896193,121.84899289687746,243.70026396667512,4.680303976286029,1.299702323922439,13.600129247726784,29.301638430131593,12.216887203675583,0.9764856864896193,0.007679410486224669,0.012667922419324792,0.003166980604831198,0.025066754983337127,0.0,0.0,0.0,0.0275713605597069,0.012978410713916085,0.5153277721429902,0.27523752354536235,0.022665645505164457,0.12939082196601187,0.0009935625426921405
v1,2,1.3,26.839695348838777,48311,1.0,t1,h100,burstgpt,total,0.1,325.15885078936844,5.438216687965905,batch_lp@2s,0.695721471300532,8.859018261999154,0.6390969989417841,0.5112426035502958,0.9774378505930327,123.53551258015614,247.07333486556914,4.687036776920566,2.4438916937048134,14.479049582611113,29.70577438595776,13.302346633178445,0.9774378505930327,0.00865227380927739,0.01270932085860363,0.0012005547390863363,0.011322473142762518,0.0,0.0,0.0,0.027322969924033862,0.013599387303098674,0.5323632299062325,0.25729130011798557,0.020036844610958168,0.13487611517045808,0.0006002773695431682
v1,2,1.3,26.839695348838777,48311,1.0,t1,h100,burstgpt,total,0.1,325.15885078936844,5.438216687965905,A:knn_capacity_greedy,0.5803026225911283,6.708737844997813,0.5433728973767743,0.44733727810650886,0.8339922584918549,134.92587862047185,269.8542799083503,4.707265938184425,1.3118891986947574,24.030611541106374,42.56416017466436,12.810357782770161,0.8339922584918549,0.01525532487425224,0.03386392333009045,0.11688849330380245,0.028709817639874978,0.34631864378712923,0.0,0.017987621866655628,0.03386392333009045,0.017594336693506653,0.4292190184430047,0.2365506820392871,0.020823414957256113,0.08639854277493739,0.006810043261369046
v1,2,1.3,26.839695348838777,48311,1.0,t1,h100,burstgpt,total,0.5,1625.7942539468422,3.1315309607962263,oracle_unconstrained,0.9268282585746518,,,,,,,,,,,,,,,,,,,,,,,,,,
v1,2,1.3,26.839695348838777,48311,1.0,t1,h100,burstgpt,total,0.5,1625.7942539468422,3.1315309607962263,predictor_unconstrained,0.8098466187824719,,,,,,,,,,,,,,,,,,,,,,,,,,
v1,2,1.3,26.839695348838777,48311,1.0,t1,h100,burstgpt,total,0.5,1625.7942539468422,3.1315309607962263,fluid_ceiling,0.8859279875878477,,,,,,,,,,,,,,,,,,,,,,,,,,
v1,2,1.3,26.839695348838777,48311,1.0,t1,h100,burstgpt,total,0.5,1625.7942539468422,3.1315309607962263,random,0.403531286870485,3.899458127998514,0.37864420736217386,0.31005917159763313,0.6382190391422243,407.5458872323288,815.0993942240168,4.7846754900667765,2.3615748667622256,55.128901399733486,125.45888643013356,15.37935810420737,0.6382190391422243,0.05723334230299518,0.1580385419469686,0.14650907660781187,0.4518846639481692,0.2611413549709176,0.0,0.10072240276541575,0.043468361242781146,0.021547887644635798,0.19641489515845253,0.14766823290761938,0.026412204259899402,0.08805448034609095,0.07116391712032456
v1,2,1.3,26.839695348838777,48311,1.0,t1,h100,burstgpt,total,0.5,1625.7942539468422,3.1315309607962263,always_best_api,0.17583987083686944,7.490847096996731,0.1456340254381757,0.05227433004231312,0.1985883132205916,115.85065054806182,231.70346711989282,4.947797660867835,5.998671844833609,36.08485991479228,79.43782392848759,7.155576926469507,0.1985883132205916,0.014572250626151395,0.0,0.786839436153257,2.4449090269296847,0.0,0.0,0.0,0.0,0.0,0.0,0.0,0.0,0.21316056384674298,0.0
v1,2,1.3,26.839695348838777,48311,1.0,t1,h100,burstgpt,total,0.5,1625.7942539468422,3.1315309607962263,always_best_self,0.0265157003580965,6.90190305500073,0.026658766141157142,0.013487306064880113,0.045558982426362526,0.0,0.0,4.676017135149897,29.46521936638635,30.000464657912072,30.01626374696322,79.99776828141466,0.045558982426362526,0.002442507917451512,0.16399991720312143,0.7879985924530645,0.0,2.419780174287429,0.0,0.0,0.04800149034381404,0.0,0.0,0.0,0.0,0.0,0.0
v1,2,1.3,26.839695348838777,48311,1.0,t1,h100,burstgpt,total,0.5,1625.7942539468422,3.1315309607962263,threshold,0.123822731883008,4.289561056000821,0.09320486387662384,0.05477920626048072,0.1621576866552131,113.47044754470699,226.943016611264,4.671840279212959,10.237557191515407,47.22853201677947,83.0843137641886,15.702547758887306,0.1621576866552131,0.023742004926414276,0.13497961126865518,0.6791206971497175,1.0348367866531432,1.069756370184844,0.0,0.0,0.043240669826747534,0.0,0.0,0.0,0.0,0.14265902175487985,0.0
v1,2,1.3,26.839695348838777,48311,1.0,t1,h100,burstgpt,total,0.5,1625.7942539468422,3.1315309607962263,static_qc,0.35559189418558923,4.82673151200288,0.3597980187848555,0.18313094847390876,0.44557140195814615,128.11709857455025,256.23659251485316,5.054842426022866,2.97401151023314,28.821947107514355,72.28963080448601,12.65115944514082,0.44557140195814615,0.018153215623770983,0.052265529589534475,0.48400985282854836,1.4904680093560472,0.03916292355778187,0.0,0.0,0.026267309722423464,0.0030427852869946803,0.0182774109416075,0.23795822897476765,0.025149551861894808,0.15302933079422906,0.0
v1,2,1.3,26.839695348838777,48311,1.0,t1,h100,burstgpt,total,0.5,1625.7942539468422,3.1315309607962263,static_qc_fallback,0.4972573533977769,5.093346831999952,0.44218752550576923,0.33254437869822484,0.6646312434021238,199.2028487880325,398.4094220100955,5.053708695726379,2.3236231519840658,28.291042494879893,68.40408186413302,12.707409640649985,0.6646312434021238,0.02392829790316905,0.11134110244043799,0.20009935625426922,1.073151042205709,0.10221274657945395,0.0,0.0,0.024921860445861192,0.01229533646581524,0.18039369915754175,0.2650535074827679,0.026329407381341725,0.15236695576576764,0.027198774606197348
v1,2,1.3,26.839695348838777,48311,1.0,t1,h100,burstgpt,total,0.5,1625.7942539468422,3.1315309607962263,shortest_queue,0.2525408292107388,4.376833457998146,0.24572790853797447,0.19926833568406205,0.44846929270766495,10.340544681503161,20.68128269697087,4.6497720938191325,3.0671280194965505,26.673170038476577,29.69091328512511,20.4384381222508,0.44846929270766495,0.000662375028461427,0.024632071370909316,0.5262362608929644,1.6392953985634742,0.0,0.0,0.12881124381610815,0.04553828320672311,0.023410817412183562,0.0,0.25137132330111156,0.0,0.0,0.0
v1,2,1.3,26.839695348838777,48311,1.0,t1,h100,burstgpt,total,0.5,1625.7942539468422,3.1315309607962263,capacity_greedy,0.693723996605328,3.881102657000156,0.6453001225380938,0.5207100591715976,0.9730289168098363,168.86577577446042,337.7347087800835,4.68203987095972,1.380557518412317,18.495033228466365,34.153991036231446,12.63521876601915,0.9730289168098363,0.011902051292666267,0.011281074703483678,0.0037879571940137857,0.030138063794994927,0.0,0.0,0.0,0.02701248162944257,0.013309598228146799,0.49086129452919625,0.2647430191881766,0.02243795408913084,0.14588810001862929,0.020678520419780175
v1,2,1.3,26.839695348838777,48311,1.0,t1,h100,burstgpt,total,0.5,1625.7942539468422,3.1315309607962263,batch_lp@2s,0.6957318209103517,8.572807174001355,0.639198550308686,0.5076923076923077,0.9745813582827927,156.43379907248345,312.87052293930765,4.695889658528469,2.5091677515304127,18.33588545052669,31.163157173546832,13.637250676689746,0.9745813582827927,0.011136180166007741,0.01277141851752189,0.0015110430336776305,0.012357434124733498,0.0,0.0,0.0,0.027550661340067478,0.013992672476247645,0.5087661195172942,0.24986028026743393,0.019974746952039907,0.15009004160543146,0.015483016290285857
v1,2,1.3,26.839695348838777,48311,1.0,t1,h100,burstgpt,total,0.5,1625.7942539468422,3.1315309607962263,A:knn_capacity_greedy,0.6712446440769183,6.498184042997309,0.6293564920242413,0.5183431952662721,0.9558278652894786,184.4972404164928,368.9979303208063,4.71661288892151,1.266118948945298,21.995760315738465,47.68120414351922,12.534111975567004,0.9558278652894786,0.02088551261617437,0.01684916478648755,0.006437457307859494,0.04270249011612262,0.0,0.0,0.0005588789302643291,0.03311875142307135,0.016642172590093353,0.5292376477406802,0.23561921715551323,0.022479352528409678,0.11945519653909048,0.019602160998530356
v1,3,0.3,6.193775849732025,11149,1.0,t1,h100,burstgpt,total,0.1,75.03665787446963,5.658287149053649,oracle_unconstrained,0.9269441205489282,,,,,,,,,,,,,,,,,,,,,,,,,,
v1,3,0.3,6.193775849732025,11149,1.0,t1,h100,burstgpt,total,0.1,75.03665787446963,5.658287149053649,predictor_unconstrained,0.8131671001883577,,,,,,,,,,,,,,,,,,,,,,,,,,
v1,3,0.3,6.193775849732025,11149,1.0,t1,h100,burstgpt,total,0.1,75.03665787446963,5.658287149053649,fluid_ceiling,0.8857,,,,,,,,,,,,,,,,,,,,,,,,,,
v1,3,0.3,6.193775849732025,11149,1.0,t1,h100,burstgpt,total,0.1,75.03665787446963,5.658287149053649,random,0.24307112745537715,0.922990030998335,0.25027280370500987,0.1311787072243346,0.5209435823840703,37.756667276409644,75.51195642611681,4.627704923689714,0.7751374271649638,29.99192727194536,96.69071084586488,20.00920300512007,0.5209435823840703,0.02663916046282178,0.21966095613956407,0.2327563010135438,0.001704188716476814,0.07597093909767692,1.0267288546057942,0.20019732711453941,0.12889048345143062,0.07937931653063054,0.029868149609830478,0.02852273746524352,0.026100995604986993,0.027536101892546416,0.027087631177684098
v1,3,0.3,6.193775849732025,11149,1.0,t1,h100,burstgpt,total,0.1,75.03665787446963,5.658287149053649,always_best_api,0.08628576553951027,1.0681550400004198,0.07599881117414732,0.03686635944700461,0.10234101713158131,37.58462754875654,75.1678832502987,4.4226015408994614,11.610003931255633,75.0756305501717,230.64759151917292,14.194409526367878,0.10234101713158131,0.030496008610637726,0.0,0.867162974257781,0.22827159386492063,0.0,2.4020988429455556,0.0,0.0,0.0,0.0,0.0,0.0,0.13283702574221903,0.0
v1,3,0.3,6.193775849732025,11149,1.0,t1,h100,burstgpt,total,0.1,75.03665787446963,5.658287149053649,always_best_self,0.10516638263521393,0.8005925180004851,0.10753930340292102,0.048098859315589354,0.18593595838191765,0.0,0.0,4.63646828931461,29.069844263606228,29.998295956938097,30.01680055585548,79.38840243666368,0.18593595838191765,0.009148802583191317,0.3334828235716208,0.47143241546327025,0.0,1.468651897031124,0.0,0.0,0.195084760965109,0.0,0.0,0.0,0.0,0.0,0.0
v1,3,0.3,6.193775849732025,11149,1.0,t1,h100,burstgpt,total,0.1,75.03665787446963,5.658287149053649,threshold,0.12552695308996323,0.8269826309988275,0.12636549664091934,0.10703363914373089,0.2056686698358597,30.30170630197972,60.60230658498061,4.642757160882414,29.043321827899632,53.11058799908493,83.95755693222843,63.57315106760913,0.2056686698358597,0.048524531348102966,0.305498250964212,0.44030854785182527,0.0,1.2564355547582742,0.10844021885370886,0.0,0.18485962866624808,0.0,0.0,0.0,0.0,0.06933357251771459,0.0
v1,3,0.3,6.193775849732025,11149,1.0,t1,h100,burstgpt,total,0.1,75.03665787446963,5.658287149053649,static_qc,0.48573863126737826,0.861169923999114,0.47069828266849884,0.3119266055045872,0.6567405148443807,31.077075330398657,62.153016340677524,4.707386345114387,2.176779647002377,23.88514054296631,64.86682458157335,19.212422750520545,0.6567405148443807,0.014799533590456543,0.0703202080904117,0.2581397434747511,0.11758902143690017,0.0031392950040362365,0.6784464974437169,0.0,0.10350704099022334,0.018566687595300026,0.033994080186563816,0.3488205220199121,0.052560767781863846,0.11409094986097408,0.0
v1,3,0.3,6.193775849732025,11149,1.0,t1,h100,burstgpt,total,0.1,75.03665787446963,5.658287149053649,static_qc_fallback,0.46214907166562025,0.9781082600020454,0.46997644360018914,0.39908256880733944,0.6280383890931922,31.508379347931623,63.01560863305147,4.692634230859908,2.289970860445692,28.53208386221456,68.76612221147809,20.413643289538186,0.6280383890931922,0.017310969593685534,0.12108709301282626,0.233563548300296,0.0258319131760696,0.03794062247735223,0.7967530720243968,0.0,0.11140012557180017,0.023410171315813078,0.033724997757646424,0.32236074984303525,0.04717911920351601,0.1070948067091219,0.0001793882859449278
v1,3,0.3,6.193775849732025,11149,1.0,t1,h100,burstgpt,total,0.1,75.03665787446963,5.658287149053649,shortest_queue,0.40698717373755494,0.7144812660008029,0.4001253666274058,0.26482889733840304,0.8505695578078751,2.634598546721463,5.269100930013539,4.650016603761855,1.286913035217026,24.65866799774686,29.40730036122742,16.514873672390024,0.8505695578078751,0.0020629652883666695,0.033904386043591354,0.11346309086016683,0.3811104134899991,0.0,0.0,0.3493586868777469,0.16710018835770024,0.0626065117947798,0.0,0.2735671360660149,0.0,0.0,0.0
v1,3,0.3,6.193775849732025,11149,1.0,t1,h100,burstgpt,total,0.1,75.03665787446963,5.658287149053649,capacity_greedy,0.6248093999461836,0.9253439299973252,0.6122122623502145,0.5432295823357276,0.9020539958740694,26.104730130367898,52.20850743231505,4.654649927955975,2.030760139723043,20.49271641830653,29.95846165656442,16.780659138400267,0.9020539958740694,0.008072472867521751,0.0280742667503812,0.061799264508027626,0.014799533590456543,0.22827159386492063,0.0,0.052560767781863846,0.1033276527042784,0.02574221903309714,0.1264687415911741,0.4225491075432774,0.05865996950399139,0.12027984572607409,0.0005381648578347834
v1,3,0.3,6.193775849732025,11149,1.0,t1,h100,burstgpt,total,0.1,75.03665787446963,5.658287149053649,batch_lp@2s,0.6578168445600502,3.6610229069992783,0.6441155660333915,0.553072625698324,0.9442102430711274,26.00610087534551,52.01125252225989,4.669681126425313,3.101790873783692,22.732049914866007,29.96944668830911,17.628226528860523,0.9442102430711274,0.008162167010494215,0.044577989057314554,0.0030496008610637723,0.0065476724369898645,0.005561036864292762,0.005830119293210153,0.055610368642927614,0.10126468741591174,0.026370078033904384,0.14171674589649297,0.45196878643824556,0.052560767781863846,0.12288097587227555,0.0
v1,3,0.3,6.193775849732025,11149,1.0,t1,h100,burstgpt,total,0.1,75.03665787446963,5.658287149053649,A:knn_capacity_greedy,0.5574042515023769,3.5483555600003456,0.5460161602103769,0.48576749135408354,0.8371154363620056,29.05752383684012,58.11398706763643,4.672418266271297,1.6503805016141087,28.60973753702257,43.915473995726856,17.166877521570118,0.8371154363620056,0.015606780877208718,0.048614225491075434,0.0986635572697103,0.004933177863485514,0.3655036326127904,0.0,0.08610637725356535,0.10521122970670015,0.0690644900887972,0.17902950937303794,0.28881514037133377,0.050318414207552245,0.07184500852094358,0.0023320477172840614
v1,3,0.3,6.193775849732025,11149,1.0,t1,h100,burstgpt,total,0.5,375.18328937234816,3.4872337036977115,oracle_unconstrained,0.9269441205489282,,,,,,,,,,,,,,,,,,,,,,,,,,
v1,3,0.3,6.193775849732025,11149,1.0,t1,h100,burstgpt,total,0.5,375.18328937234816,3.4872337036977115,predictor_unconstrained,0.8131671001883577,,,,,,,,,,,,,,,,,,,,,,,,,,
v1,3,0.3,6.193775849732025,11149,1.0,t1,h100,burstgpt,total,0.5,375.18328937234816,3.4872337036977115,fluid_ceiling,0.8857,,,,,,,,,,,,,,,,,,,,,,,,,,
v1,3,0.3,6.193775849732025,11149,1.0,t1,h100,burstgpt,total,0.5,375.18328937234816,3.4872337036977115,random,0.4530002690824289,0.6756573029997526,0.4174801599458157,0.28110599078341014,0.7653601219840345,145.17820289717383,290.35110675784733,4.674578831281993,1.4442945563862395,69.23739305107568,141.9236798278548,16.121640160991078,0.7653601219840345,0.08682393039734505,0.11462911471880886,0.03318683289981164,0.07794421024307113,0.009059108440218854,0.16216701049421473,0.151583101623464,0.11050318414207552,0.07211409094986097,0.11839626872365235,0.12440577630280743,0.06404161808233923,0.10655664185128712,0.10458337070589291
v1,3,0.3,6.193775849732025,11149,1.0,t1,h100,burstgpt,total,0.5,375.18328937234816,3.4872337036977115,always_best_api,0.3480132747331599,0.8571332930005156,0.29424861650007056,0.11981566820276497,0.40084312494394114,105.93627995264251,211.86869320764737,5.011743921202088,8.186283136801627,65.35165075639799,163.5377512987327,9.869434987629113,0.40084312494394114,0.08278769396358418,0.0,0.5163691810924746,1.6567405148443806,0.0,0.0,0.0,0.0,0.0,0.0,0.0,0.0,0.48363081890752535,0.0
v1,3,0.3,6.193775849732025,11149,1.0,t1,h100,burstgpt,total,0.5,375.18328937234816,3.4872337036977115,always_best_self,0.10516638263521393,0.7528391220002959,0.10753930340292102,0.048098859315589354,0.18593595838191765,0.0,0.0,4.63646828931461,29.069844263606228,29.998295956938097,30.01680055585548,79.38840243666368,0.18593595838191765,0.009148802583191317,0.3334828235716208,0.47143241546327025,0.0,1.468651897031124,0.0,0.0,0.195084760965109,0.0,0.0,0.0,0.0,0.0,0.0
v1,3,0.3,6.193775849732025,11149,1.0,t1,h100,burstgpt,total,0.5,375.18328937234816,3.4872337036977115,threshold,0.2802941967889497,0.7651241990024573,0.24635787746736534,0.1620795107033639,0.37868867162974257,91.38478935835883,182.7662431517036,5.012279350443122,16.683455848609015,65.72570670675148,170.455116749231,36.182214131737,0.37868867162974257,0.08628576553951027,0.17230244865010313,0.362723114180644,0.6483989595479415,0.5142165216611355,0.0,0.0,0.18405238137949592,0.0,0.0,0.0,0.0,0.28092205578975693,0.0
v1,3,0.3,6.193775849732025,11149,1.0,t1,h100,burstgpt,total,0.5,375.18328937234816,3.4872337036977115,static_qc,0.5985738631267378,0.7679989589996694,0.5938765744401076,0.3211009174311927,0.7607857206924388,83.1711334201882,166.3392310756199,5.149367676639131,2.9850005068448127,41.24020803942879,129.5942376771931,16.200284303027487,0.7607857206924388,0.0529195443537537,0.023410171315813078,0.16288456363799445,0.5411247645528747,0.0,0.0,0.0,0.07363889138039285,0.017041887164768142,0.009328190869136246,0.36657996232845996,0.059736299219660956,0.2873800340837743,0.0
v1,3,0.3,6.193775849732025,11149,1.0,t1,h100,burstgpt,total,0.5,375.18328937234816,3.4872337036977115,static_qc_fallback,0.6626154812090771,0.759655918001954,0.6445627166890672,0.5264698057994147,0.8701228809758723,88.9432914574736,177.88333646514627,5.153862873204936,2.804800172361695,36.59976068828902,117.89671056617452,15.700054609011062,0.8701228809758723,0.055789756928872544,0.05336801506861602,0.020719347026639162,0.300654767243699,0.0030496008610637723,0.0,0.0,0.07632971566956678,0.017669746165575387,0.05130504978024935,0.4275719795497354,0.05892905193290878,0.28540676293838013,0.008700331868328998
v1,3,0.3,6.193775849732025,11149,1.0,t1,h100,burstgpt,total,0.5,375.18328937234816,3.4872337036977115,shortest_queue,0.40698717373755494,0.6908452520001447,0.4001253666274058,0.26482889733840304,0.8505695578078751,2.634598546721463,5.269100930013539,4.650016603761855,1.286913035217026,24.65866799774686,29.40730036122742,16.514873672390024,0.8505695578078751,0.0020629652883666695,0.033904386043591354,0.11346309086016683,0.3811104134899991,0.0,0.0,0.3493586868777469,0.16710018835770024,0.0626065117947798,0.0,0.2735671360660149,0.0,0.0,0.0
v1,3,0.3,6.193775849732025,11149,1.0,t1,h100,burstgpt,total,0.5,375.18328937234816,3.4872337036977115,capacity_greedy,0.7100188357700242,0.8397137100000691,0.6859110622604342,0.627294493216281,0.9753341106825725,36.562390000048254,73.12344546477864,4.6605170253832675,2.0798625198833633,16.90780431153707,33.85222365983469,16.56694705756877,0.9753341106825725,0.012288097587227554,0.009059108440218854,0.0033186832899811643,0.023141088886895686,0.0,0.0,0.0,0.101892546416719,0.02574221903309714,0.15167279576643644,0.4691003677459862,0.061799264508027626,0.17526235536819446,0.0021526594313391336
v1,3,0.3,6.193775849732025,11149,1.0,t1,h100,burstgpt,total,0.5,375.18328937234816,3.4872337036977115,batch_lp@2s,0.7125302717732532,3.352387920000183,0.6923199106136108,0.6264964086193137,0.9784734056866087,36.01460334371768,72.02789214645155,4.65825122636554,3.0763267287250073,17.276981102624696,32.38186133599058,17.486954247018502,0.9784734056866087,0.011301462014530451,0.009507579155081174,0.0007175531437797112,0.009956049869943492,0.0,0.0,0.0,0.10108529912996682,0.02735671360660149,0.17409633150955242,0.4473943851466499,0.05641761592967979,0.18216880437707417,0.0012557180016144946
v1,3,0.3,6.193775849732025,11149,1.0,t1,h100,burstgpt,total,0.5,375.18328937234816,3.4872337036977115,A:knn_capacity_greedy,0.6785810386581757,3.2624422709995997,0.6535804456441126,0.5856269113149847,0.9465422907884116,51.75586656482483,103.50984402907834,4.687657165776833,1.6376177178731837,25.41499589574303,64.78263727405772,15.930127995070762,0.9465422907884116,0.027894878464436272,0.022602924029060903,0.0029599067180913086,0.022244147457171046,0.0,0.0,0.0001793882859449278,0.09722845098215087,0.0673603013723204,0.25257870661045834,0.3383263072921338,0.05677639250156965,0.15588842048614227,0.006099201722127545
v1,3,0.7,14.452143649374724,26014,1.0,t1,h100,burstgpt,total,0.1,175.08553504042914,5.658287149053649,oracle_unconstrained,0.928269393403552,,,,,,,,,,,,,,,,,,,,,,,,,,
v1,3,0.7,14.452143649374724,26014,1.0,t1,h100,burstgpt,total,0.1,175.08553504042914,5.658287149053649,predictor_unconstrained,0.8156953947874221,,,,,,,,,,,,,,,,,,,,,,,,,,
v1,3,0.7,14.452143649374724,26014,1.0,t1,h100,burstgpt,total,0.1,175.08553504042914,5.658287149053649,fluid_ceiling,0.8894,,,,,,,,,,,,,,,,,,,,,,,,,,
v1,3,0.7,14.452143649374724,26014,1.0,t1,h100,burstgpt,total,0.1,175.08553504042914,5.658287149053649,random,0.18809102790804952,2.2604970730026253,0.17983854495511895,0.10560310027450347,0.40731913584992696,87.9911659050158,175.9813750413972,4.68976471712089,6.133853922046228,34.0044506027393,111.32345441081539,23.583937991544076,0.40731913584992696,0.02671638348581533,0.24786653340508957,0.3180979472591681,0.014069347274544477,0.19089720919504882,1.1022141923579611,0.1840931805950642,0.07818866764050127,0.04436072883831783,0.03040670408241716,0.027946490351349274,0.012993003767202275,0.028753747981855923,0.027292996079034366
v1,3,0.7,14.452143649374724,26014,1.0,t1,h100,burstgpt,total,0.1,175.08553504042914,5.658287149053649,always_best_api,0.13387022372568616,2.2670600519995787,0.11181036182964366,0.041176470588235294,0.15330206811716768,87.79996484622825,175.5989750028396,4.597332890978873,6.934172884500953,67.64088555029505,186.9103802097102,8.338829412733126,0.15330206811716768,0.027292996079034366,0.0,0.8194049358037979,1.178327054662874,0.0,1.354655185669255,0.0,0.0,0.0,0.0,0.0,0.0,0.18059506419620205,0.0
v1,3,0.7,14.452143649374724,26014,1.0,t1,h100,burstgpt,total,0.1,175.08553504042914,5.658287149053649,always_best_self,0.04951180133774122,1.9973669539976981,0.05415305236314603,0.025835620862263847,0.08660721150149919,0.0,0.0,4.65383775131034,29.661824285804187,30.004157515908126,30.019084307203066,78.24244431346322,0.08660721150149919,0.0053817175367110014,0.26174367648189434,0.6462673944798955,0.0,2.007688167909587,0.0,0.0,0.0919889290382102,0.0,0.0,0.0,0.0,0.0,0.0
v1,3,0.7,14.452143649374724,26014,1.0,t1,h100,burstgpt,total,0.1,175.08553504042914,5.658287149053649,threshold,0.06855923733374338,1.9859191519972228,0.06673246645986776,0.05187586845761927,0.11120934881217806,71.66888503357768,143.33699077822837,4.66571986234096,29.702639221766333,59.7759553157282,93.94401762513922,54.90894320425866,0.11120934881217806,0.04489890059198893,0.25428615360959483,0.5896055969862382,0.0386330437456754,1.7253786422695472,0.06623356654109326,0.0,0.08303221342354117,0.0,0.0,0.0,0.0,0.07307603598062581,0.0
v1,3,0.7,14.452143649374724,26014,1.0,t1,h100,burstgpt,total,0.1,175.08553504042914,5.658287149053649,static_qc,0.42924963481202427,2.0142911319999257,0.4019069670437307,0.21606118546845124,0.5683862535557777,66.93869526041999,133.87666266545367,4.703620707920976,2.5708612408613476,28.847477664563545,69.12620948871059,16.29989467332569,0.5683862535557777,0.01529945414007842,0.10336741754439917,0.31294687475974475,0.3967863458137926,0.053240562773890984,0.5280233720304451,0.0,0.05677712001230107,0.011647574383024526,0.03794110863381256,0.3239409548704544,0.034942723149073575,0.11843622664718997,0.0
v1,3,0.7,14.452143649374724,26014,1.0,t1,h100,burstgpt,total,0.1,175.08553504042914,5.658287149053649,static_qc_fallback,0.46005996770969476,2.113190657000814,0.4358712888157486,0.33175081056044464,0.6240101483816407,72.87934698242861,145.75790151401773,4.744660517035535,2.323803176325555,29.32078707207629,72.01977513885555,15.289162433998627,0.6240101483816407,0.01745214115476282,0.1706388867532867,0.18789882371030983,0.23095256400399786,0.06196663335127239,0.5779580226032136,0.0,0.05658491581456139,0.01529945414007842,0.10552010455908357,0.31210117628969014,0.03244406857845775,0.11866687168447759,0.000845698470054586
v1,3,0.7,14.452143649374724,26014,1.0,t1,h100,burstgpt,total,0.1,175.08553504042914,5.658287149053649,shortest_queue,0.3952679326516491,1.784581887000968,0.38482593103393636,0.31543678346520265,0.720727300684247,8.400566689984771,16.80104203672346,4.680382430775324,2.7781495421283466,25.420718724589996,29.398626018811342,19.417943506721713,0.720727300684247,0.0010379026677942646,0.029445683093718766,0.24878911355424002,0.8058353194433766,0.0,0.0,0.22430229876220498,0.08514645959867763,0.037287614361497655,0.0,0.37502883062966097,0.0,0.0,0.0
v1,3,0.7,14.452143649374724,26014,1.0,t1,h100,burstgpt,total,0.1,175.08553504042914,5.658287149053649,capacity_greedy,0.5971015606980856,1.9744533140001295,0.5642894761800998,0.48627450980392156,0.871453832551703,60.72915886292503,121.45765738962432,4.726052420826135,2.06263297641145,28.161208201834995,30.007424037612438,15.612637106133548,0.871453832551703,0.009840854924271546,0.0627354501422311,0.05596986238179442,0.019912354885830708,0.17167678942108094,0.0,0.05389405704620589,0.06131313907895748,0.01960482816944722,0.23429691704466826,0.3483124471438456,0.03402014299992312,0.12904589836242022,0.0008072576305066503
v1,3,0.7,14.452143649374724,26014,1.0,t1,h100,burstgpt,total,0.1,175.08553504042914,5.658287149053649,batch_lp@2s,0.5985430921811332,7.021403753999039,0.5745661608470062,0.5240852246410376,0.8590374413777196,61.88857320746138,123.7764734718487,4.704065609488483,3.149605209158011,27.565356275466627,30.009113670904313,16.895194228586888,0.8590374413777196,0.009302683170600446,0.13100638117936494,0.0006534942723149074,0.006919351118628431,0.0007303759514107788,3.844083954793573e-05,0.055277927269931575,0.05869916198969786,0.019758591527638963,0.24406089028984393,0.32132697778119473,0.02967632813100638,0.13938648420081495,0.0001537633581917429
v1,3,0.7,14.452143649374724,26014,1.0,t1,h100,burstgpt,total,0.1,175.08553504042914,5.658287149053649,A:knn_capacity_greedy,0.5279657107711232,4.360636268000235,0.5078657183347302,0.46207775653282346,0.7846544168524641,69.64460786999007,139.28845846195478,4.688686139845685,1.8591473432423413,29.616913218182788,47.307419384755974,16.098798134988762,0.7846544168524641,0.018605366341200892,0.08249404166987007,0.11424617513646498,0.021296225109556394,0.35300222956869376,0.0,0.06569539478742216,0.06438840624279234,0.03544245406319674,0.2534788959790882,0.27392942261859,0.02833089874682863,0.07926501114784347,0.0027292996079034365
v1,3,0.7,14.452143649374724,26014,1.0,t1,h100,burstgpt,total,0.5,875.4276752021457,3.4872337036977115,oracle_unconstrained,0.928269393403552,,,,,,,,,,,,,,,,,,,,,,,,,,
v1,3,0.7,14.452143649374724,26014,1.0,t1,h100,burstgpt,total,0.5,875.4276752021457,3.4872337036977115,predictor_unconstrained,0.8156953947874221,,,,,,,,,,,,,,,,,,,,,,,,,,
v1,3,0.7,14.452143649374724,26014,1.0,t1,h100,burstgpt,total,0.5,875.4276752021457,3.4872337036977115,fluid_ceiling,0.8894,,,,,,,,,,,,,,,,,,,,,,,,,,
v1,3,0.7,14.452143649374724,26014,1.0,t1,h100,burstgpt,total,0.5,875.4276752021457,3.4872337036977115,random,0.42002383332051973,1.7867506419970596,0.3903634904363902,0.29215686274509806,0.7053509648650726,304.35544840835064,608.7075874191754,5.055344916501677,2.724218978779703,70.58224080243123,136.10760192416978,16.988322316872253,0.7053509648650726,0.08114861228569233,0.16844775889905436,0.04505266395018067,0.16525716921657568,0.044091642961482276,0.11428461597601292,0.1524563696471131,0.07315291765972169,0.04251556854001692,0.136964711309295,0.13984777427539016,0.040093795648496966,0.10382870761897439,0.09763973245175675
v1,3,0.7,14.452143649374724,26014,1.0,t1,h100,burstgpt,total,0.5,875.4276752021457,3.4872337036977115,always_best_api,0.2689705543169063,2.298115751000296,0.22316840617998915,0.0784313725490196,0.3065272545552395,117.39006408659043,234.77885173673235,4.771456177864732,6.697412349343665,43.14877799619362,96.85493134598838,8.029197955372211,0.3065272545552395,0.031060198354732067,0.0,0.6624125470900284,2.09813946336588,0.0,0.0,0.0,0.0,0.0,0.0,0.0,0.0,0.33758745290997155,0.0
v1,3,0.7,14.452143649374724,26014,1.0,t1,h100,burstgpt,total,0.5,875.4276752021457,3.4872337036977115,always_best_self,0.04951180133774122,2.070886536999751,0.05415305236314603,0.025835620862263847,0.08660721150149919,0.0,0.0,4.65383775131034,29.661824285804187,30.004157515908126,30.019084307203066,78.24244431346322,0.08660721150149919,0.0053817175367110014,0.26174367648189434,0.6462673944798955,0.0,2.007688167909587,0.0,0.0,0.0919889290382102,0.0,0.0,0.0,0.0,0.0,0.0
v1,3,0.7,14.452143649374724,26014,1.0,t1,h100,burstgpt,total,0.5,875.4276752021457,3.4872337036977115,threshold,0.1860536634120089,2.0317127060006896,0.15329152487279316,0.0994263862332696,0.24632889982317213,120.15019953111187,240.29909261354624,4.83356124397942,14.966105919723304,54.94717007253985,141.32578521428738,25.506966826479356,0.24632889982317213,0.04509110478972861,0.17855769970016144,0.5300222956869378,0.8852540939494119,0.7839240409010533,0.0,0.0,0.08610748058737602,0.0,0.0,0.0,0.0,0.20531252402552472,0.0
v1,3,0.7,14.452143649374724,26014,1.0,t1,h100,burstgpt,total,0.5,875.4276752021457,3.4872337036977115,static_qc,0.5159145075728454,1.9468534229999932,0.5171422225711596,0.23008285532186107,0.64711309294995,121.8807574533912,243.7601896409484,4.9923182126665155,3.0540200825767023,29.878023602037754,84.44493837325987,14.441441907739133,0.64711309294995,0.031137080033827938,0.05458599215806873,0.2671638348581533,0.8754516798646882,0.0,0.0,0.0,0.04516798646882448,0.010840316752517875,0.008841393096025217,0.35138771430768045,0.04128546167448297,0.22072730068424695,0.0
v1,3,0.7,14.452143649374724,26014,1.0,t1,h100,burstgpt,total,0.5,875.4276752021457,3.4872337036977115,static_qc_fallback,0.6061735988313984,2.0246287359987036,0.5800366357411401,0.44476609541454376,0.7977627431383102,150.41501831519417,300.8284010983416,4.991785127636084,2.7780161653018354,29.644281097362153,81.8388758699434,13.611619248059483,0.7977627431383102,0.03663412008918275,0.10536634120089183,0.060236795571615286,0.5651187821942031,0.0246405781502268,0.0,0.0,0.046398093334358424,0.01241639117398324,0.08968247866533405,0.4078188667640501,0.04082417159990774,0.2185361728300146,0.018720688859844698
v1,3,0.7,14.452143649374724,26014,1.0,t1,h100,burstgpt,total,0.5,875.4276752021457,3.4872337036977115,shortest_queue,0.3952679326516491,1.7570374150018324,0.38482593103393636,0.31543678346520265,0.720727300684247,8.400566689984771,16.80104203672346,4.680382430775324,2.7781495421283466,25.420718724589996,29.398626018811342,19.417943506721713,0.720727300684247,0.0010379026677942646,0.029445683093718766,0.24878911355424002,0.8058353194433766,0.0,0.0,0.22430229876220498,0.08514645959867763,0.037287614361497655,0.0,0.37502883062966097,0.0,0.0,0.0
v1,3,0.7,14.452143649374724,26014,1.0,t1,h100,burstgpt,total,0.5,875.4276752021457,3.4872337036977115,capacity_greedy,0.6983547320673483,1.9153032089998305,0.6649993856199079,0.5784313725490197,0.965902975320981,94.25872255746253,188.51642019624904,4.72696950565934,2.0685067478210613,20.34978062837166,37.14679130185914,14.728846764555101,0.965902975320981,0.014376873990927961,0.01599138925194126,0.0037287614361497653,0.028215576228184824,0.0,0.0,0.0,0.057161528407780424,0.01599138925194126,0.26001383870223727,0.4099715537787345,0.039517183055277925,0.1897824248481587,0.007841931267778888
v1,3,0.7,14.452143649374724,26014,1.0,t1,h100,burstgpt,total,0.5,875.4276752021457,3.4872337036977115,batch_lp@2s,0.7006227416006766,4.893251476998557,0.6682636172677986,0.6019607843137255,0.9666333512723918,90.89142929025729,181.7818702759753,4.702526191484806,3.053245652254809,20.49179500355916,36.86982657917192,15.551341966770906,0.9666333512723918,0.01476128238640732,0.01706773275928346,0.001537633581917429,0.013723379718613055,0.0,0.0,0.0,0.05804566771738295,0.016414238486968557,0.2901898977473668,0.3819481817482894,0.03398170216037518,0.19750903359729377,0.0033059122011224727
v1,3,0.7,14.452143649374724,26014,1.0,t1,h100,burstgpt,total,0.5,875.4276752021457,3.4872337036977115,A:knn_capacity_greedy,0.6854962712385638,4.152624014997855,0.6575431908231447,0.5901960784313726,0.9482970708080265,112.87665758831463,225.75208781653663,4.7053498355613685,1.75325238910375,24.23056360968637,63.544086139067225,14.523316299839848,0.9482970708080265,0.026370415929883907,0.019297301453063735,0.006035211809025909,0.03686476512647036,0.0,0.0,0.00023064503728761437,0.059852387176135925,0.033059122011224726,0.3376643345890674,0.34996540324440684,0.03782578611516876,0.14776658722226493,0.008303221342354117
v1,3,1.0,20.64591949910675,37163,1.0,t1,h100,burstgpt,total,0.1,250.1221929148988,5.658287149053649,oracle_unconstrained,0.9280332588865269,,,,,,,,,,,,,,,,,,,,,,,,,,
v1,3,1.0,20.64591949910675,37163,1.0,t1,h100,burstgpt,total,0.1,250.1221929148988,5.658287149053649,predictor_unconstrained,0.8160805101848613,,,,,,,,,,,,,,,,,,,,,,,,,,
v1,3,1.0,20.64591949910675,37163,1.0,t1,h100,burstgpt,total,0.1,250.1221929148988,5.658287149053649,fluid_ceiling,0.8855,,,,,,,,,,,,,,,,,,,,,,,,,,
v1,3,1.0,20.64591949910675,37163,1.0,t1,h100,burstgpt,total,0.1,250.1221929148988,5.658287149053649,random,0.19577267712509755,3.056248079999932,0.18466480807795652,0.12716795983569146,0.39146462879745986,125.38905622279708,250.7757850292339,4.602540475468218,8.492155954304451,33.77505936612915,107.85861566609549,24.302629407130013,0.39146462879745986,0.02567069396980868,0.2720178672335387,0.31084680999919273,0.06794392271883325,0.21645184726744343,0.9884562602588596,0.1582757043295751,0.060866991362376555,0.028711352689503,0.04741274923983532,0.04795091892473697,0.010924844603503485,0.03290907623173587,0.030083685386002205
v1,3,1.0,20.64591949910675,37163,1.0,t1,h100,burstgpt,total,0.1,250.1221929148988,5.658287149053649,always_best_api,0.14074482684390388,3.2949819389978074,0.11468252872437784,0.04056366955727978,0.15919059279390793,118.91757297568256,237.83293865582274,4.692661296844643,6.390440996078894,67.20485672548486,177.6914149519003,7.665357122826194,0.15919059279390793,0.025024890347926702,0.0,0.8157845168581653,1.3723865134676965,0.0,1.1417269865188493,0.0,0.0,0.0,0.0,0.0,0.0,0.1842154831418346,0.0
v1,3,1.0,20.64591949910675,37163,1.0,t1,h100,burstgpt,total,0.1,250.1221929148988,5.658287149053649,always_best_self,0.03543847375077362,3.038552530997549,0.03669989154252952,0.014719306252852579,0.06030191319322983,0.0,0.0,4.631553022775955,29.14425664120143,30.003164522563075,30.018505252169426,76.19939373387912,0.06030191319322983,0.0038210047628017114,0.2010063773107661,0.7348707047332024,0.0,2.269542286682991,0.0,0.0,0.06412291795603153,0.0,0.0,0.0,0.0,0.0,0.0
v1,3,1.0,20.64591949910675,37163,1.0,t1,h100,burstgpt,total,0.1,250.1221929148988,5.658287149053649,threshold,0.0582703226327261,3.078529049998906,0.05139108531370789,0.033566433566433566,0.09070850039017302,96.5653412505053,193.1288900977353,4.643735238308719,29.36524196730602,60.42506018086266,92.95215625077716,49.21623869853079,0.09070850039017302,0.04025509243064338,0.19799262707531684,0.6710437801038668,0.05952156715012243,1.9617092269192475,0.0537362430374297,0.0,0.060409547130210156,0.0,0.0,0.0,0.0,0.07055404569060625,0.0
v1,3,1.0,20.64591949910675,37163,1.0,t1,h100,burstgpt,total,0.1,250.1221929148988,5.658287149053649,static_qc,0.42974194763608964,3.0584753990005993,0.4029962811591341,0.199297629499561,0.56443236552485,98.67889054181069,197.35594944957631,4.564187693794917,2.7015402895212617,28.82133991092687,69.62411250667105,15.007175711268019,0.56443236552485,0.016387266905255226,0.11457632591556118,0.30460404165433363,0.5166698059898286,0.07192637838710546,0.36888841051583565,0.0,0.04014745849366305,0.008772165863896886,0.0416005166428975,0.3263730054086053,0.03288216774749078,0.13104431827355165,0.0
v1,3,1.0,20.64591949910675,37163,1.0,t1,h100,burstgpt,total,0.1,250.1221929148988,5.658287149053649,static_qc_fallback,0.461171057234346,3.177499045999866,0.43472452530267897,0.30511234125691955,0.623496488442806,104.42284503577139,208.8437518207477,4.594945172235473,2.358613510984867,28.883372782591582,68.27588768765179,14.343343516171075,0.623496488442806,0.018324677770901167,0.17100341737749913,0.1871754164087937,0.28057476522347496,0.09086995129564351,0.5245809003578829,0.0,0.039770739714231895,0.010897936119258402,0.12458628205473185,0.30716034765761646,0.030594946586658775,0.12808438500659258,0.0007265290746172268
v1,3,1.0,20.64591949910675,37163,1.0,t1,h100,burstgpt,total,0.1,250.1221929148988,5.658287149053649,shortest_queue,0.32940020988617713,2.8120344000017212,0.3174188087877807,0.2562186216339571,0.5936818878992547,10.058721444831463,20.117256184111746,4.575187382957494,2.794148182156988,25.2186418031063,29.370702001095808,18.534923509361107,0.5936818878992547,0.0007803460431073918,0.024405995210289803,0.3811317708473482,1.2121195813039851,0.0,0.0,0.17956031536743536,0.06092080833086672,0.0271775690875333,0.0,0.32680354115652666,0.0,0.0,0.0
v1,3,1.0,20.64591949910675,37163,1.0,t1,h100,burstgpt,total,0.1,250.1221929148988,5.658287149053649,capacity_greedy,0.6072168554745311,2.9114476009999635,0.5765399065555509,0.5076923076923077,0.8784274681807174,93.36545271664363,186.72917242493165,4.563517000927557,1.9036248424629605,21.34315672477805,30.0166848851472,13.767859315452938,0.8784274681807174,0.00968705432822969,0.0334741544008826,0.07841132309017033,0.024352178241799638,0.23964696068670452,0.0,0.042596130559965556,0.04033581788337863,0.013508059091031402,0.2801442294755536,0.34060759357425396,0.030352770228453032,0.13930522293679198,0.0012646987595188763
v1,3,1.0,20.64591949910675,37163,1.0,t1,h100,burstgpt,total,0.1,250.1221929148988,5.658287149053649,batch_lp@2s,0.6423458816564863,8.740911898999912,0.6057019796921677,0.5230769230769231,0.9211312326776633,94.56104161445546,189.12032802856152,4.568043334193292,2.9881224274041074,26.113388702318872,30.85616647382184,15.394648775970325,0.9211312326776633,0.011947367004816618,0.06527998277857008,0.001641417538950031,0.009660145843984608,0.0017221429916852785,0.00282539084573366,0.04383392083523935,0.04014745849366305,0.01391168635470764,0.34141484810160644,0.3197804267685601,0.0256437854855636,0.14813120576917901,0.0002152678739606598
v1,3,1.0,20.64591949910675,37163,1.0,t1,h100,burstgpt,total,0.1,250.1221929148988,5.658287149053649,A:knn_capacity_greedy,0.5379140543013212,5.584474106999551,0.515314479330747,0.45215100965759436,0.7845975836181148,108.4054130815457,216.80881398962472,4.609007853815666,1.793323847699071,27.330479628596578,52.22330984511098,14.683842871485979,0.7845975836181148,0.018297769286656083,0.05096466916018621,0.1461399779350429,0.020531173478997928,0.4434518203589592,0.0,0.051664289750558354,0.04383392083523935,0.023733283104162742,0.27336329144579286,0.2943519091569572,0.02677394182385706,0.08610714958426392,0.003067567203939402
v1,3,1.0,20.64591949910675,37163,1.0,t1,h100,burstgpt,total,0.5,1250.610964574494,3.4872337036977115,oracle_unconstrained,0.9280332588865269,,,,,,,,,,,,,,,,,,,,,,,,,,
v1,3,1.0,20.64591949910675,37163,1.0,t1,h100,burstgpt,total,0.5,1250.610964574494,3.4872337036977115,predictor_unconstrained,0.8160805101848613,,,,,,,,,,,,,,,,,,,,,,,,,,
v1,3,1.0,20.64591949910675,37163,1.0,t1,h100,burstgpt,total,0.5,1250.610964574494,3.4872337036977115,fluid_ceiling,0.8855,,,,,,,,,,,,,,,,,,,,,,,,,,
v1,3,1.0,20.64591949910675,37163,1.0,t1,h100,burstgpt,total,0.5,1250.610964574494,3.4872337036977115,random,0.4269300110324785,2.4139076320025197,0.39281298255360725,0.27132867132867133,0.6911982348034336,400.72211927130775,801.4368005153714,4.803189379659327,2.828710670491546,65.81864451626137,129.53323495051214,16.26280301463666,0.6911982348034336,0.07545138982321126,0.2000376718779431,0.033312703495412106,0.2433603315125259,0.060409547130210156,0.0,0.13257810187552135,0.05408605333261578,0.02857681026827759,0.15832952129806527,0.16053601700616205,0.033931598633049,0.10698813335844792,0.09162338885450583
v1,3,1.0,20.64591949910675,37163,1.0,t1,h100,burstgpt,total,0.5,1250.610964574494,3.4872337036977115,always_best_api,0.22195463229556278,3.168463646998134,0.17764476994214248,0.05454545454545454,0.2503296289320023,119.98421513888752,239.96620318369125,4.691236789129964,6.025400945338333,41.9255366536907,99.00077861554001,7.226342887601504,0.2503296289320023,0.020288997120792185,0.0,0.7293813739472056,2.2803594973495143,0.0,0.0,0.0,0.0,0.0,0.0,0.0,0.0,0.27061862605279446,0.0
v1,3,1.0,20.64591949910675,37163,1.0,t1,h100,burstgpt,total,0.5,1250.610964574494,3.4872337036977115,always_best_self,0.03543847375077362,2.9731411510001635,0.03669989154252952,0.014719306252852579,0.06030191319322983,0.0,0.0,4.631553022775955,29.14425664120143,30.003164522563075,30.018505252169426,76.19939373387912,0.06030191319322983,0.0038210047628017114,0.2010063773107661,0.7348707047332024,0.0,2.269542286682991,0.0,0.0,0.06412291795603153,0.0,0.0,0.0,0.0,0.0,0.0
v1,3,1.0,20.64591949910675,37163,1.0,t1,h100,burstgpt,total,0.5,1250.610964574494,3.4872337036977115,threshold,0.15427979441918035,2.856955781000579,0.11796656709608427,0.05706760316066725,0.2005220245943546,119.62907608877867,239.255931675408,4.695393531226265,11.674242686408206,51.40083834677055,114.04677952089763,18.70778281310345,0.2005220245943546,0.02946479024836531,0.16790894168931464,0.6021042434679654,0.9869224766568899,0.894922369022953,0.0,0.0,0.0611091677205823,0.0,0.0,0.0,0.0,0.1688776471221376,0.0
v1,3,1.0,20.64591949910675,37163,1.0,t1,h100,burstgpt,total,0.5,1250.610964574494,3.4872337036977115,static_qc,0.456771520060275,3.0583932619992993,0.4547863214846061,0.17383669885864794,0.5689260823937787,130.97080043018104,261.93916983812767,4.6914147566580935,3.059184894242497,29.283477480296384,77.98003980584927,13.180707927020983,0.5689260823937787,0.02219949950219304,0.06958534025778328,0.3392890778462449,1.0993999408013346,0.0009956139170680515,0.0,0.0,0.03231708957834405,0.008287813147485402,0.008476172537200979,0.31714339531254204,0.033904690148803915,0.1909964211715954,0.0
v1,3,1.0,20.64591949910675,37163,1.0,t1,h100,burstgpt,total,0.5,1250.610964574494,3.4872337036977115,static_qc_fallback,0.5541129618168609,3.039047458998539,0.5104617584401875,0.3959622272875285,0.7330678362887818,189.05809345066154,378.1126776883743,4.693342715528926,2.7049329672084355,29.252726876737654,75.22578448038094,12.673935600700034,0.7330678362887818,0.02968005812232597,0.13403116002475582,0.10322094556413637,0.7773053843876975,0.04012055000941797,0.0,0.0,0.03325888652692194,0.009498694938514114,0.12028092457551866,0.3462583752657213,0.0343890428652154,0.19161531630923231,0.027446653929984122
v1,3,1.0,20.64591949910675,37163,1.0,t1,h100,burstgpt,total,0.5,1250.610964574494,3.4872337036977115,shortest_queue,0.32940020988617713,2.5924384989993996,0.3174188087877807,0.2562186216339571,0.5936818878992547,10.058721444831463,20.117256184111746,4.575187382957494,2.794148182156988,25.2186418031063,29.370702001095808,18.534923509361107,0.5936818878992547,0.0007803460431073918,0.024405995210289803,0.3811317708473482,1.2121195813039851,0.0,0.0,0.17956031536743536,0.06092080833086672,0.0271775690875333,0.0,0.32680354115652666,0.0,0.0,0.0
v1,3,1.0,20.64591949910675,37163,1.0,t1,h100,burstgpt,total,0.5,1250.610964574494,3.4872337036977115,capacity_greedy,0.6927992896160159,2.5531823109995457,0.6511093322449725,0.5412587412587413,0.966068401366951,135.59202811412615,271.18153942882776,4.569010585310163,1.8292609243465634,18.973053818873478,36.98584957908274,13.603671138006831,0.966068401366951,0.013669509996501896,0.015660737830638,0.004601350805909103,0.036353362215106426,0.0,0.0,0.0,0.03923257002933025,0.012996797890374836,0.3508866345558755,0.35094045152436565,0.030917848397599763,0.1819551704652477,0.012808438500659257
v1,3,1.0,20.64591949910675,37163,1.0,t1,h100,burstgpt,total,0.5,1250.610964574494,3.4872337036977115,batch_lp@2s,0.6982617119177676,6.000145123998664,0.6630470629764585,0.593006993006993,0.968678524338724,129.30243972682183,258.6024793987848,4.586352898283974,2.7905665644868236,19.789688379163778,37.32778553700644,14.441004164891751,0.968678524338724,0.014988025724510938,0.01490730027177569,0.0014261496649893711,0.01533783601969701,0.0,0.0,0.0,0.039528563356026156,0.013508059091031402,0.3956623523396927,0.31364529236068134,0.026370314560180824,0.18889755940047898,0.006054408955143557
v1,3,1.0,20.64591949910675,37163,1.0,t1,h100,burstgpt,total,0.5,1250.610964574494,3.4872337036977115,A:knn_capacity_greedy,0.6842289373839572,4.791238248999434,0.6514476409009772,0.5846153846153846,0.9537981325511934,150.3383745113715,300.6739585081403,4.611193859643099,1.5544271575188429,21.866570735287645,57.43879489027519,13.421927526487792,0.9537981325511934,0.02308747948228076,0.016252724484029816,0.006861663482496031,0.046982213491914,0.0,0.0,0.0003229018109409897,0.041492882705917174,0.02260312676586928,0.4131528670989963,0.3197804267685601,0.029491698732610393,0.13812124963000835,0.011920458520571536
v1,3,1.3,26.839695348838777,48311,1.0,t1,h100,burstgpt,total,0.1,325.15885078936844,5.658287149053649,oracle_unconstrained,0.9278942683860818,,,,,,,,,,,,,,,,,,,,,,,,,,
v1,3,1.3,26.839695348838777,48311,1.0,t1,h100,burstgpt,total,0.1,325.15885078936844,5.658287149053649,predictor_unconstrained,0.8164703690670861,,,,,,,,,,,,,,,,,,,,,,,,,,
v1,3,1.3,26.839695348838777,48311,1.0,t1,h100,burstgpt,total,0.1,325.15885078936844,5.658287149053649,fluid_ceiling,0.8847549705042291,,,,,,,,,,,,,,,,,,,,,,,,,,
v1,3,1.3,26.839695348838777,48311,1.0,t1,h100,burstgpt,total,0.1,325.15885078936844,5.658287149053649,random,0.1627890128542154,3.8695936660005827,0.15152547439427386,0.1089540412044374,0.3204446192378547,162.82789149025666,325.65882732322166,4.681228323221248,10.575861713789571,45.057376039263744,121.30598401347,27.26351664686615,0.3204446192378547,0.026184512843865786,0.27904617995901554,0.37432468795926394,0.03868684150607522,0.2969924033863923,1.1146322783631057,0.13123305251392023,0.048270580199126494,0.023576411169298917,0.03744488832771004,0.03616153671006603,0.012026246610502785,0.02993107159860073,0.02798534495249529
v1,3,1.3,26.839695348838777,48311,1.0,t1,h100,burstgpt,total,0.1,325.15885078936844,5.658287149053649,always_best_api,0.19703587174763512,3.9403621169985854,0.15465600126186932,0.04276315789473684,0.22117116184719837,124.99725023878273,249.9968375124791,5.1671754116624316,5.802676441163612,35.76259882696976,88.51116263223328,6.932960131087725,0.22117116184719837,0.01581420380451657,0.0,0.7630146343482851,2.385440168905632,0.0,0.0,0.0,0.0,0.0,0.0,0.0,0.0,0.23698536565171494,0.0
v1,3,1.3,26.839695348838777,48311,1.0,t1,h100,burstgpt,total,0.1,325.15885078936844,5.658287149053649,always_best_self,0.027343669143673283,3.6429667529992003,0.027107161959284493,0.013294594118682867,0.04632485355302105,0.0,0.0,4.65074818336729,29.146029060598266,30.003910986867776,30.017364993799426,78.34986626179625,0.04632485355302105,0.0030427852869946803,0.18399536337480077,0.7666369977851835,0.0,2.34664983130136,0.0,0.0,0.04936763884001573,0.0,0.0,0.0,0.0,0.0,0.0
v1,3,1.3,26.839695348838777,48311,1.0,t1,h100,burstgpt,total,0.1,325.15885078936844,5.658287149053649,threshold,0.052865806959077645,3.787490308000997,0.047693686236296,0.026981450252951095,0.08099604644904887,116.31597755523399,232.6341298343122,4.622100484963663,28.92103543766956,59.55592875923103,93.99732506869358,46.64499636060708,0.08099604644904887,0.03616153671006603,0.1807662851110513,0.7020761317298337,0.11955869263728758,2.043613255780257,0.0,0.0,0.04750470907246797,0.0,0.0,0.0,0.0,0.06965287408664693,0.0
v1,3,1.3,26.839695348838777,48311,1.0,t1,h100,burstgpt,total,0.1,325.15885078936844,5.658287149053649,static_qc,0.42259526815839044,3.5355276629998116,0.3794988496563041,0.18279932546374367,0.5479704415143549,122.56449652530137,245.1312846010729,4.7006511061923035,2.7311892416250885,28.152294154390194,68.96158288284938,13.615147037597808,0.5479704415143549,0.014696445943987911,0.11724038003767258,0.3200927325039846,0.8625571815942539,0.0984454886050796,0.0709983233632092,0.0,0.03316014986235019,0.006789344041729627,0.046966529361843055,0.3061414584670158,0.03005526691643725,0.13955413880896692,0.0
v1,3,1.3,26.839695348838777,48311,1.0,t1,h100,burstgpt,total,0.1,325.15885078936844,5.658287149053649,static_qc_fallback,0.501749084059531,3.8723194769991096,0.44963071253370385,0.3125,0.6833847363954378,134.01055096475648,268.02360748332154,4.7015205411759435,2.1492350901874033,25.65351953785933,61.636428328697214,13.163547418938208,0.6833847363954378,0.015897000683074248,0.18012460930222932,0.12059365361925856,0.4496905466663907,0.09859038314255553,0.27606549233093913,0.0,0.03214588810001863,0.007472418289830474,0.19041212146302083,0.3006561652625696,0.030262259112831445,0.13704953323259714,0.0012833516176440148
v1,3,1.3,26.839695348838777,48311,1.0,t1,h100,burstgpt,total,0.1,325.15885078936844,5.658287149053649,shortest_queue,0.2836931547680652,3.8067568199985544,0.2757104617220248,0.22508364148617716,0.5067996936515493,11.306267803258379,22.612746996307724,4.621352179151327,3.121201690437374,24.75499768691739,29.456519050043376,18.86862731616202,0.5067996936515493,0.0006416758088220074,0.01782202810954027,0.47473660243008836,1.5113328227525822,0.0,0.0,0.15489226056177682,0.048498271615160106,0.022831239262279812,0.0,0.2812195980211546,0.0,0.0,0.0
v1,3,1.3,26.839695348838777,48311,1.0,t1,h100,burstgpt,total,0.1,325.15885078936844,5.658287149053649,capacity_greedy,0.6457018070418745,3.549759229998017,0.6075081901520103,0.5175438596491229,0.9219432427397487,126.04192090975084,252.08619838629963,4.7168529419487975,1.6248472830235983,17.351768581908917,29.66989148391687,12.97851704871772,0.9219432427397487,0.00815549253793132,0.022106766574900127,0.047794498147419845,0.02548073937612552,0.15029703380182566,0.0,0.01564861004740121,0.031338618534081264,0.011074082507089482,0.3861439423733725,0.30937053673076526,0.027178075386557927,0.1476889321272588,0.0016559375711535675
v1,3,1.3,26.839695348838777,48311,1.0,t1,h100,burstgpt,total,0.1,325.15885078936844,5.658287149053649,batch_lp@2s,0.683591728591832,8.070635285999742,0.6430533981269914,0.5614035087719298,0.9720146550475047,127.14665197246723,254.2956811665473,4.668207642706874,2.696713831381885,18.81864166382499,29.78332212481157,14.087644703050103,0.9720146550475047,0.008569476930719713,0.017656434352424914,0.0017594336693506655,0.014530852186872554,0.0007865703462979445,0.0026288008942062886,0.014075469354805324,0.03229078263749457,0.012357434124733498,0.4657531411065803,0.2832274223261783,0.022023969696342446,0.15035913146074392,0.0004967812713460702
v1,3,1.3,26.839695348838777,48311,1.0,t1,h100,burstgpt,total,0.1,325.15885078936844,5.658287149053649,A:knn_capacity_greedy,0.6049243443522179,5.860383260001981,0.568046511027069,0.47039473684210525,0.8766326509490592,141.1551883569664,282.3130158488161,4.642977285163508,1.491048613100702,23.273010735617106,43.060817966116545,13.158108107392426,0.8766326509490592,0.015069031897497464,0.030759040384177518,0.0775392767692658,0.038314255552565665,0.23491544368777298,0.0,0.036368528906460224,0.035913146074393,0.01891908675042951,0.40096458363519694,0.2790254807393761,0.0244043799548757,0.09118006251164332,0.0049264142741818635
v1,3,1.3,26.839695348838777,48311,1.0,t1,h100,burstgpt,total,0.5,1625.7942539468422,3.4872337036977115,oracle_unconstrained,0.9278942683860818,,,,,,,,,,,,,,,,,,,,,,,,,,
v1,3,1.3,26.839695348838777,48311,1.0,t1,h100,burstgpt,total,0.5,1625.7942539468422,3.4872337036977115,predictor_unconstrained,0.8164703690670861,,,,,,,,,,,,,,,,,,,,,,,,,,
v1,3,1.3,26.839695348838777,48311,1.0,t1,h100,burstgpt,total,0.5,1625.7942539468422,3.4872337036977115,fluid_ceiling,0.8847549705042291,,,,,,,,,,,,,,,,,,,,,,,,,,
v1,3,1.3,26.839695348838777,48311,1.0,t1,h100,burstgpt,total,0.5,1625.7942539468422,3.4872337036977115,random,0.4175032601270932,3.0045815499979653,0.3861459275716381,0.28289473684210525,0.6692471693817144,441.3615272008519,882.7313064016209,5.164293099900929,2.910431244341453,55.45926865022099,128.54328982204078,16.62225812049911,0.6692471693817144,0.06269793628780194,0.21251888803792096,0.05553600629256277,0.31156465401254374,0.1066009811430109,0.0,0.12135952474591707,0.04582807228167498,0.024321583076318022,0.1690298275755004,0.16716689780795263,0.02951708720581234,0.09720353542671441,0.07751857754962638
v1,3,1.3,26.839695348838777,48311,1.0,t1,h100,burstgpt,total,0.5,1625.7942539468422,3.4872337036977115,always_best_api,0.19703587174763512,3.841989136999473,0.15465600126186932,0.04276315789473684,0.22117116184719837,124.99725023878273,249.9968375124791,5.1671754116624316,5.802676441163612,35.76259882696976,88.51116263223328,6.932960131087725,0.22117116184719837,0.01581420380451657,0.0,0.7630146343482851,2.385440168905632,0.0,0.0,0.0,0.0,0.0,0.0,0.0,0.0,0.23698536565171494,0.0
v1,3,1.3,26.839695348838777,48311,1.0,t1,h100,burstgpt,total,0.5,1625.7942539468422,3.4872337036977115,always_best_self,0.027343669143673283,3.5878462660002697,0.027107161959284493,0.013294594118682867,0.04632485355302105,0.0,0.0,4.65074818336729,29.146029060598266,30.003910986867776,30.017364993799426,78.34986626179625,0.04632485355302105,0.0030427852869946803,0.18399536337480077,0.7666369977851835,0.0,2.34664983130136,0.0,0.0,0.04936763884001573,0.0,0.0,0.0,0.0,0.0,0.0
v1,3,1.3,26.839695348838777,48311,1.0,t1,h100,burstgpt,total,0.5,1625.7942539468422,3.4872337036977115,threshold,0.13868477158411127,3.7049932419977267,0.10391840077465968,0.05834738617200674,0.1789654530024218,129.9397269836627,259.88188341019753,5.1679958578051215,11.491325185119763,46.71971231271224,97.4452295122491,16.717949888703288,0.1789654530024218,0.023742004926414276,0.15491295978141625,0.6423795822897477,1.0325391732731677,0.9800873507068784,0.0,0.0,0.04949183415785225,0.0,0.0,0.0,0.0,0.15321562377098383,0.0
v1,3,1.3,26.839695348838777,48311,1.0,t1,h100,burstgpt,total,0.5,1625.7942539468422,3.4872337036977115,static_qc,0.41606466436215356,3.8222243689997413,0.40343536012963027,0.1615514333895447,0.5154312682411873,145.08615385905614,290.1750203490414,5.163611712433294,3.1233370107977407,28.58421387197576,72.03819954059594,12.388783813356284,0.5154312682411873,0.01734594605783362,0.07689760096044379,0.3903251847405353,1.2586988470534661,0.00511270725093664,0.0,0.0,0.026701993334851275,0.006499554966777753,0.008465980832522613,0.2835793090600484,0.02904100515410569,0.17848937095071515,0.0
v1,3,1.3,26.839695348838777,48311,1.0,t1,h100,burstgpt,total,0.5,1625.7942539468422,3.4872337036977115,static_qc_fallback,0.520792366127797,3.9450133569989703,0.4655942316835837,0.3300438596491228,0.6903810726335617,234.13487537809488,468.2741283035135,5.1645838245546685,2.662358675200494,28.896604074096565,72.46503795280313,12.185720149453118,0.6903810726335617,0.026288008942062884,0.1484134048146385,0.13491751360973692,0.9060669412763139,0.05578439692823581,0.0,0.0,0.026784790213408953,0.007161929995239179,0.139015959098342,0.30239489971228084,0.029951770818240152,0.1783030779739604,0.03305665376415309
v1,3,1.3,26.839695348838777,48311,1.0,t1,h100,burstgpt,total,0.5,1625.7942539468422,3.4872337036977115,shortest_queue,0.2836931547680652,3.4908489440022095,0.2757104617220248,0.22508364148617716,0.5067996936515493,11.306267803258379,22.612746996307724,4.621352179151327,3.121201690437374,24.75499768691739,29.456519050043376,18.86862731616202,0.5067996936515493,0.0006416758088220074,0.01782202810954027,0.47473660243008836,1.5113328227525822,0.0,0.0,0.15489226056177682,0.048498271615160106,0.022831239262279812,0.0,0.2812195980211546,0.0,0.0,0.0
v1,3,1.3,26.839695348838777,48311,1.0,t1,h100,burstgpt,total,0.5,1625.7942539468422,3.4872337036977115,capacity_greedy,0.6951418931506282,3.20310878500095,0.6522080590914969,0.5504385964912281,0.9773757529341144,170.8309958159407,341.66518560615515,4.730978203595168,1.6058541879454538,18.273963163423712,32.46804275719496,13.12019350614267,0.9773757529341144,0.011405270021320196,0.006499554966777753,0.004719422077787668,0.03527147026557099,0.0,0.0,0.0,0.03166980604831198,0.011322473142762518,0.4237337252385585,0.30597586470990046,0.02649500113845708,0.1717621245679038,0.01782202810954027
v1,3,1.3,26.839695348838777,48311,1.0,t1,h100,burstgpt,total,0.5,1625.7942539468422,3.4872337036977115,batch_lp@2s,0.6988160046366252,6.8874015049987065,0.6593723968995636,0.5778508771929824,0.9799838546086812,158.32739461388155,316.6577494260738,4.66496773025719,2.6377755863321113,17.81956218141854,33.00964218003466,13.97928303053618,0.9799838546086812,0.012005547390863364,0.0065409534060565915,0.0014696445943987912,0.016414481174059737,0.0,0.0,0.0,0.03305665376415309,0.01117757860528658,0.46966529361843057,0.2732090000206992,0.02200327047670303,0.1751567965887686,0.007720808925503509
v1,3,1.3,26.839695348838777,48311,1.0,t1,h100,burstgpt,total,0.5,1625.7942539468422,3.4872337036977115,A:knn_capacity_greedy,0.685340812651363,5.304410280998127,0.6482691100672318,0.5646929824561403,0.9656599946182028,181.03507421534596,362.0735331874623,4.6422545071640196,1.3887281730695236,20.74126496578307,44.23479999757659,12.89109833935531,0.9656599946182028,0.01896048518970835,0.006582351845335431,0.008797168346753327,0.056777959470927945,0.0,0.0,0.00026908985531245473,0.03483678665314318,0.017966922647016208,0.48082217300407776,0.28413818799031276,0.02597752064747159,0.12630663823973837,0.01430316077083894
v1,4,0.3,6.193775849732025,11149,1.0,t1,h100,burstgpt,total,0.1,75.03665787446963,5.5140983663877705,oracle_unconstrained,0.9290967799802673,,,,,,,,,,,,,,,,,,,,,,,,,,
v1,4,0.3,6.193775849732025,11149,1.0,t1,h100,burstgpt,total,0.1,75.03665787446963,5.5140983663877705,predictor_unconstrained,0.815364606691183,,,,,,,,,,,,,,,,,,,,,,,,,,
v1,4,0.3,6.193775849732025,11149,1.0,t1,h100,burstgpt,total,0.1,75.03665787446963,5.5140983663877705,fluid_ceiling,0.8852,,,,,,,,,,,,,,,,,,,,,,,,,,
v1,4,0.3,6.193775849732025,11149,1.0,t1,h100,burstgpt,total,0.1,75.03665787446963,5.5140983663877705,random,0.18145125123329447,0.8429806050007755,0.17718239397377553,0.11030534351145038,0.37052650461924835,37.75103693283745,75.50069594448124,4.77775593635523,3.0172393572006513,35.461447541053246,117.56207573629555,23.877092689653832,0.37052650461924835,0.02690824289173917,0.21374114270338146,0.388824109785631,0.01148085030047538,0.2983227195264149,1.1890752533859539,0.1503273836218495,0.07148623194905372,0.052560767781863846,0.027715490178491346,0.02556283074715221,0.015158310162346398,0.02762579603551888,0.026997937034711633
v1,4,0.3,6.193775849732025,11149,1.0,t1,h100,burstgpt,total,0.1,75.03665787446963,5.5140983663877705,always_best_api,0.07507399766795228,0.8456074569985503,0.06355610050242151,0.023148148148148147,0.08637545968248274,33.49489594285842,66.9885693146102,4.477599384237019,8.859260510494039,92.51687232522066,252.27713364840267,10.745920233206427,0.08637545968248274,0.026997937034711633,0.0,0.8866266032828056,0.5929679791909588,0.0,2.0992914162705176,0.0,0.0,0.0,0.0,0.0,0.0,0.11337339671719436,0.0
v1,4,0.3,6.193775849732025,11149,1.0,t1,h100,burstgpt,total,0.1,75.03665787446963,5.5140983663877705,always_best_self,0.07695757467037402,0.7934082129977469,0.07690419718873091,0.03358778625954199,0.1294286483092654,0.0,0.0,4.649781766501392,0.024312498979270458,29.377209874370273,30.004932810201016,63.62895876085375,0.1294286483092654,0.001704188716476814,0.12736568302089873,0.741501479953359,0.0,2.2528477890393757,0.0,0.0,0.13113283702574222,0.0,0.0,0.0,0.0,0.0,0.0
v1,4,0.3,6.193775849732025,11149,1.0,t1,h100,burstgpt,total,0.1,75.03665787446963,5.5140983663877705,threshold,0.090680778545161,0.8085295759992732,0.0861274923568008,0.06685633001422475,0.14351062875594223,21.725362445693463,43.449931910854836,4.700955464527595,8.599868627665384,55.07834454453513,91.64909681815764,54.87316570672715,0.14351062875594223,0.02968876132388555,0.12377791730200018,0.7030226926181721,0.01793882859449278,2.002152659431339,0.1197416808682393,0.0,0.12709660059198136,0.0,0.0,0.0,0.0,0.04610278948784644,0.0
v1,4,0.3,6.193775849732025,11149,1.0,t1,h100,burstgpt,total,0.1,75.03665787446963,5.5140983663877705,static_qc,0.37223069333572517,0.7960882849984046,0.3439934805452314,0.2019914651493599,0.4906269620593775,20.882286181962627,41.76381015586317,4.558750799327214,2.0690102602588922,19.910641052162163,42.33906000174287,16.746896740694865,0.4906269620593775,0.010852991299668132,0.09453762669297695,0.4039824199479774,0.2574221903309714,0.043142882769755135,0.9453762669297695,0.0,0.05776302807426675,0.02296170060095076,0.05112566149430442,0.2604717911920352,0.035787963046013095,0.07336980895147546,0.0
v1,4,0.3,6.193775849732025,11149,1.0,t1,h100,burstgpt,total,0.1,75.03665787446963,5.5140983663877705,static_qc_fallback,0.38550542649564984,0.8509103690012125,0.3561840907246427,0.3101851851851852,0.5118844739438515,22.115065641190085,44.22932407759529,4.558750799327214,1.976698625710526,21.85430005836089,55.23979246929457,15.989262740155937,0.5118844739438515,0.012557180016144946,0.1530182079110234,0.3225401381289802,0.13525876760247557,0.13750112117678714,0.9457350435016594,0.0,0.05758363978832182,0.023768947887702934,0.08045564624630011,0.2532065656112656,0.03363530361467396,0.07480491523903489,0.0009866355726971029
v1,4,0.3,6.193775849732025,11149,1.0,t1,h100,burstgpt,total,0.1,75.03665787446963,5.5140983663877705,shortest_queue,0.29504888330792,0.7537305990008463,0.28628745501876995,0.21354961832061067,0.5537716387119921,2.1595053605942667,4.318931898765469,4.56549249079486,2.309123259978378,27.439529253315634,29.770125000594003,19.745987701200647,0.5537716387119921,0.001704188716476814,0.04215624719705803,0.402367925374473,1.290429634944838,0.0,0.0,0.172661225221993,0.11346309086016683,0.038030316620324696,0.0,0.2313211947259844,0.0,0.0,0.0
v1,4,0.3,6.193775849732025,11149,1.0,t1,h100,burstgpt,total,0.1,75.03665787446963,5.5140983663877705,capacity_greedy,0.4801775944030855,0.8514663109999674,0.4475593749522823,0.36574074074074076,0.6935151134630909,18.708484952838262,37.416287041839865,4.559510419607167,1.9319669320549906,25.80275328414476,30.016913776770398,15.766965260420513,0.6935151134630909,0.00896941429724639,0.07399766795228271,0.22351780428738002,0.01381289801775944,0.7058032110503184,0.0,0.05919813436182617,0.059287828504798634,0.02394833617364786,0.15561933805722486,0.294465871378599,0.034173468472508746,0.07408736209525518,0.001704188716476814
v1,4,0.3,6.193775849732025,11149,1.0,t1,h100,burstgpt,total,0.1,75.03665787446963,5.5140983663877705,batch_lp@2s,0.5695578078751458,3.699449185998674,0.5198730056518147,0.4074074074074074,0.8263521392053099,19.13640584947825,38.27211321591251,4.561795797859833,3.5908632872979354,27.966913425648496,29.99086946011563,20.125498922780878,0.8263521392053099,0.007803390438604359,0.15445331419858283,0.011391156157502915,0.003498071575926092,0.02278231231500583,0.014889227733429006,0.05892905193290878,0.05919813436182617,0.02529374831823482,0.29518342452237867,0.29078841151672796,0.029150596466050768,0.0742667503812001,0.0013454121445869585
v1,4,0.3,6.193775849732025,11149,1.0,t1,h100,burstgpt,total,0.1,75.03665787446963,5.5140983663877705,A:knn_capacity_greedy,0.4071665620234999,2.913207669997064,0.3829819089302031,0.3333333333333333,0.6083056776392501,21.286571582915712,42.57236620126283,4.67088003224297,1.7188602938677988,29.04699728240355,50.875629358145595,16.67512425033317,0.6083056776392501,0.012288097587227554,0.10054713427213204,0.27885909050139024,0.008162167010494215,0.8814243429904027,0.0,0.06018476993452328,0.061709570365055165,0.04583370705892905,0.1582204682034263,0.2071934702663916,0.02645977217687685,0.05901874607588124,0.0019732711453942058
v1,4,0.3,6.193775849732025,11149,1.0,t1,h100,burstgpt,total,0.5,375.18328937234816,3.350829639177391,oracle_unconstrained,0.9290967799802673,,,,,,,,,,,,,,,,,,,,,,,,,,
v1,4,0.3,6.193775849732025,11149,1.0,t1,h100,burstgpt,total,0.5,375.18328937234816,3.350829639177391,predictor_unconstrained,0.815364606691183,,,,,,,,,,,,,,,,,,,,,,,,,,
v1,4,0.3,6.193775849732025,11149,1.0,t1,h100,burstgpt,total,0.5,375.18328937234816,3.350829639177391,fluid_ceiling,0.8852,,,,,,,,,,,,,,,,,,,,,,,,,,
v1,4,0.3,6.193775849732025,11149,1.0,t1,h100,burstgpt,total,0.5,375.18328937234816,3.350829639177391,random,0.3492689927347744,0.7132233280026412,0.3257043449997707,0.25925925925925924,0.5872275540407211,104.61532912736766,209.22683977209488,4.77713587578523,2.3802174194840973,67.8580147956834,143.3120737014797,17.296187755395636,0.5872275540407211,0.06404161808233923,0.17759440308547852,0.17113642479146113,0.1448560409005292,0.1731993900798278,0.4092743743833528,0.1222531168714683,0.0673603013723204,0.04350165934164499,0.10512153556372769,0.11597452686339582,0.033904386043591354,0.08628576553951027,0.07686788052740157
v1,4,0.3,6.193775849732025,11149,1.0,t1,h100,burstgpt,total,0.5,375.18328937234816,3.350829639177391,always_best_api,0.21961610906807785,0.8958053339993057,0.17935858030116547,0.05362595419847328,0.24612072831644094,58.271078509278595,116.5400301113096,4.534336317980619,6.148219932606718,71.89790264469414,189.61707020221075,7.370405658561367,0.24612072831644094,0.04242532962597542,0.0,0.7114539420575836,2.2290788411516727,0.0,0.0,0.0,0.0,0.0,0.0,0.0,0.0,0.28854605794241633,0.0
v1,4,0.3,6.193775849732025,11149,1.0,t1,h100,burstgpt,total,0.5,375.18328937234816,3.350829639177391,always_best_self,0.07695757467037402,0.7865204549998452,0.07690419718873091,0.03358778625954199,0.1294286483092654,0.0,0.0,4.649781766501392,0.024312498979270458,29.377209874370273,30.004932810201016,63.62895876085375,0.1294286483092654,0.001704188716476814,0.12736568302089873,0.741501479953359,0.0,2.2528477890393757,0.0,0.0,0.13113283702574222,0.0,0.0,0.0,0.0,0.0,0.0
v1,4,0.3,6.193775849732025,11149,1.0,t1,h100,burstgpt,total,0.5,375.18328937234816,3.350829639177391,threshold,0.19347026639160464,0.7981901989987819,0.1623940576458482,0.08250355618776671,0.2487218584626424,47.422882996848784,94.8440350479844,4.570332884188929,7.417716839646985,61.738216671216584,162.37352907239983,20.943778540176357,0.2487218584626424,0.03829939904924209,0.11023410171315813,0.6027446407749574,1.038120010763297,0.8407032020809041,0.0,0.0,0.10745358328101175,0.0,0.0,0.0,0.0,0.17956767423087272,0.0
v1,4,0.3,6.193775849732025,11149,1.0,t1,h100,burstgpt,total,0.5,375.18328937234816,3.350829639177391,static_qc,0.43286393398511075,0.869802608001919,0.42506273969783814,0.17780938833570412,0.5393308816934255,46.060263694624155,92.11884617944092,4.540139407055162,2.8969763455485023,25.601168047411996,114.70300770962398,12.542707216327074,0.5393308816934255,0.025024665889317427,0.007713696295631896,0.42793075612162523,1.3889138039286035,0.0,0.0,0.0,0.030944479325500044,0.002690824289173917,0.0065476724369898645,0.290609023230783,0.04439860077136963,0.18916494752892637,0.0
v1,4,0.3,6.193775849732025,11149,1.0,t1,h100,burstgpt,total,0.5,375.18328937234816,3.350829639177391,static_qc_fallback,0.5667772894429993,0.883231572999648,0.5057663944621092,0.37962962962962965,0.7459861871019823,58.50065438524325,116.9991734836687,4.533369437421777,2.3963724483008377,26.753542966846595,92.35529292016078,12.766074214315495,0.7459861871019823,0.027984572607408737,0.10180285227374652,0.1242263880168625,0.8928154991479056,0.02879181989416091,0.0,0.0,0.0400035877657189,0.01820791102341017,0.1468293120459234,0.3071127455377164,0.04412951834245224,0.19176607767512782,0.025921607319042066
v1,4,0.3,6.193775849732025,11149,1.0,t1,h100,burstgpt,total,0.5,375.18328937234816,3.350829639177391,shortest_queue,0.29504888330792,0.7507293570015463,0.28628745501876995,0.21354961832061067,0.5537716387119921,2.1595053605942667,4.318931898765469,4.56549249079486,2.309123259978378,27.439529253315634,29.770125000594003,19.745987701200647,0.5537716387119921,0.001704188716476814,0.04215624719705803,0.402367925374473,1.290429634944838,0.0,0.0,0.172661225221993,0.11346309086016683,0.038030316620324696,0.0,0.2313211947259844,0.0,0.0,0.0
v1,4,0.3,6.193775849732025,11149,1.0,t1,h100,burstgpt,total,0.5,375.18328937234816,3.350829639177391,capacity_greedy,0.6891201004574401,0.7176028630019573,0.6371466261861025,0.5,0.9451071845008521,41.47381470684013,82.94611561027484,4.559510419607167,1.599945161331732,18.22081858779454,36.56015819778576,13.920604900901424,0.9451071845008521,0.013902592160731904,0.03704368104762759,0.0039465422907884115,0.02825365503632613,0.0,0.0,0.0,0.05821149878912907,0.023141088886895686,0.33500762400215267,0.3157233832630729,0.041079917481388464,0.1632433402098843,0.022602924029060903
v1,4,0.3,6.193775849732025,11149,1.0,t1,h100,burstgpt,total,0.5,375.18328937234816,3.350829639177391,batch_lp@2s,0.6874607588124495,2.161838866002654,0.626253788669602,0.5,0.9474392322181362,37.59296381231252,75.18455547313522,4.561795797859833,2.6185725833491915,17.654968064879153,34.397173130927115,14.893085006642423,0.9474392322181362,0.01470983944748408,0.03686429276168266,0.0009866355726971029,0.008520943582384071,0.0,0.0,0.0,0.05865996950399139,0.02323078302986815,0.37384518790922955,0.2924926002332048,0.03623643376087542,0.16539599964122342,0.012288097587227554
v1,4,0.3,6.193775849732025,11149,1.0,t1,h100,burstgpt,total,0.5,375.18328937234816,3.350829639177391,A:knn_capacity_greedy,0.6526145842676473,2.7522862579971843,0.6130977333589087,0.5277777777777778,0.9208897658982869,42.95242824363777,85.90328871414916,4.648994842829357,1.3730772021539224,21.873355906090655,56.414700830208766,13.986944302940742,0.9208897658982869,0.020629652883666697,0.04897300206296529,0.009507579155081174,0.06072293479235806,0.0,0.0,0.0003587765718898556,0.058121804646156607,0.04359135348461746,0.3895416629294107,0.27240111220737284,0.031931114898197145,0.13346488474302629,0.012108709301282626
v1,4,0.7,14.452143649374724,26014,1.0,t1,h100,burstgpt,total,0.1,175.08553504042914,5.5140983663877705,oracle_unconstrained,0.9285000384408395,,,,,,,,,,,,,,,,,,,,,,,,,,
v1,4,0.7,14.452143649374724,26014,1.0,t1,h100,burstgpt,total,0.1,175.08553504042914,5.5140983663877705,predictor_unconstrained,0.8142730837241485,,,,,,,,,,,,,,,,,,,,,,,,,,
v1,4,0.7,14.452143649374724,26014,1.0,t1,h100,burstgpt,total,0.1,175.08553504042914,5.5140983663877705,fluid_ceiling,0.88615,,,,,,,,,,,,,,,,,,,,,,,,,,
v1,4,0.7,14.452143649374724,26014,1.0,t1,h100,burstgpt,total,0.1,175.08553504042914,5.5140983663877705,random,0.21307757361420773,2.0141109850010253,0.20498572246115462,0.14180206794682423,0.4068962866148997,87.7344140935893,175.46787421032533,4.656473781655779,2.0586832404786026,32.72292779136457,110.86792793942126,19.0534048567975,0.4068962866148997,0.0251787499038979,0.16352733143691858,0.40439763204428386,0.16652571692165757,0.38106404243868686,0.9595986776351195,0.13035288690705005,0.072960713461982,0.04017067732759284,0.06950103790266779,0.048704543707234565,0.011916660259860075,0.029945414007841932,0.02852310294456831
v1,4,0.7,14.452143649374724,26014,1.0,t1,h100,burstgpt,total,0.1,175.08553504042914,5.5140983663877705,always_best_api,0.15593526562620127,2.1327506019988505,0.12716143475810923,0.041237113402061855,0.175828400092258,87.62761545710964,175.254278098637,4.248827512653676,6.7173198147196445,58.73573006884302,150.63149474204005,8.072777998061838,0.175828400092258,0.027715845314061658,0.0,0.7964557545936803,2.1227800415161067,0.0,0.3320519720150688,0.0,0.0,0.0,0.0,0.0,0.0,0.20354424540631968,0.0
v1,4,0.7,14.452143649374724,26014,1.0,t1,h100,burstgpt,total,0.1,175.08553504042914,5.5140983663877705,always_best_self,0.04920427462135773,1.9137290910002775,0.0530849619302701,0.0206794682422452,0.08487737372184208,0.0,0.0,4.663058368196577,28.976564777761382,29.99568137213666,30.014408744546664,76.57871093766438,0.08487737372184208,0.003767202275697701,0.20027677404474514,0.7110786499577151,0.0,2.1809025909125856,0.0,0.0,0.08864457599753979,0.0,0.0,0.0,0.0,0.0,0.0
v1,4,0.7,14.452143649374724,26014,1.0,t1,h100,burstgpt,total,0.1,175.08553504042914,5.5140983663877705,threshold,0.06386945490889522,1.9735075190001226,0.06344648775106689,0.05018359853121175,0.10444376105174137,55.8778137662448,111.75501994718236,4.6827523464192975,29.351755243593146,57.20276714889653,91.70724465974416,55.40902351631177,0.10444376105174137,0.03574998077958023,0.1927039286538018,0.6671023295148766,0.09671715230260629,1.9525640039978474,0.0,0.0,0.0833781809794726,0.0,0.0,0.0,0.0,0.056815560851849,0.0
v1,4,0.7,14.452143649374724,26014,1.0,t1,h100,burstgpt,total,0.1,175.08553504042914,5.5140983663877705,static_qc,0.4215806873222111,1.931093344999681,0.39473554154623197,0.25152998776009794,0.5549704005535481,56.759008743600134,113.51740032025256,4.7091000630421345,2.1674580020271605,22.41279400156394,46.29075273419879,14.904069631682631,0.5549704005535481,0.01087875759206581,0.07745829168909049,0.3566925501652956,0.9642884600599677,0.14534481433074498,0.0,0.0,0.04743599600215269,0.017336818636119012,0.07684323825632351,0.2919966172061198,0.039324978857538245,0.09291150918736066,0.0
v1,4,0.7,14.452143649374724,26014,1.0,t1,h100,burstgpt,total,0.1,175.08553504042914,5.5140983663877705,static_qc_fallback,0.513781040977935,2.250002576998668,0.4452239771442077,0.31958762886597936,0.7082340278311678,64.57746516650514,129.1542281523706,4.692624613629071,1.6393836233000911,21.906347957119106,42.26450254963275,13.299497945493385,0.7082340278311678,0.01134004766664104,0.10778811409241178,0.17263781040977935,0.6086338125624664,0.16979318828323212,0.2628584608287845,0.0,0.04974244637502883,0.020988698393172908,0.278119474129315,0.24559852387176137,0.0336741754439917,0.08433920196817099,0.007111555316368109
v1,4,0.7,14.452143649374724,26014,1.0,t1,h100,burstgpt,total,0.1,175.08553504042914,5.5140983663877705,shortest_queue,0.2653571153994003,1.941056749998097,0.25915470517978134,0.18283275890365994,0.5159145075728454,4.754366202794699,9.508680709167235,4.64490063556456,2.3444104561721133,24.563378199483893,29.383188351395724,17.56718155316652,0.5159145075728454,0.0005766125932190359,0.021180902590912584,0.462327977243023,1.4415699238871378,0.0,0.0,0.19289613285154147,0.0775736142077343,0.030214499884677483,0.0,0.21580687322211117,0.0,0.0,0.0
v1,4,0.7,14.452143649374724,26014,1.0,t1,h100,burstgpt,total,0.1,175.08553504042914,5.5140983663877705,capacity_greedy,0.5850119166602599,1.8795851710019633,0.5567901358391448,0.47216494845360824,0.8626508802952256,54.61827521887244,109.2359565479827,4.703851253851959,1.364624591010731,23.631588713967574,29.886740116800294,13.489134801596549,0.8626508802952256,0.006727146920888752,0.05004997309141232,0.08057199969247328,0.013377412162681634,0.25067271469208885,0.0,0.04920427462135773,0.05731529176597217,0.025140309064349966,0.38706081340816484,0.2327208426232029,0.027485200276774046,0.08226339663258246,0.008187898823710309
v1,4,0.7,14.452143649374724,26014,1.0,t1,h100,burstgpt,total,0.1,175.08553504042914,5.5140983663877705,batch_lp@2s,0.610651956638733,6.287383127000794,0.5738483350460307,0.48041237113402063,0.8862919966172061,54.83409024274442,109.6675842490701,4.665501145071682,2.4518989485278553,21.89864321168787,29.957636826569882,14.228468829578205,0.8862919966172061,0.007495963711847467,0.10525101868224802,0.0009610209886983932,0.006265856846313524,0.00011532251864380719,3.844083954793573e-05,0.04074728992081187,0.05477819635580841,0.025063427385254095,0.42776966248942877,0.22560928730683477,0.025294072422541707,0.08806796340432076,0.006458061044053202
v1,4,0.7,14.452143649374724,26014,1.0,t1,h100,burstgpt,total,0.1,175.08553504042914,5.5140983663877705,A:knn_capacity_greedy,0.5835319443376643,4.208358113999566,0.5467690017012409,0.44536082474226807,0.871376950872607,63.35993983301523,126.71919072410674,4.670061731917032,1.1974679268901753,25.260691999192304,36.88502327598356,13.127532690962305,0.871376950872607,0.012608595371722918,0.04931959714000154,0.06669485661566849,0.019643269008995157,0.20638886753286692,0.0,0.04624432997616668,0.06058276312754671,0.03302068117167679,0.44756669485661565,0.19896978550011532,0.02268009533328208,0.06688706081340816,0.008034135465518568
v1,4,0.7,14.452143649374724,26014,1.0,t1,h100,burstgpt,total,0.5,875.4276752021457,3.350829639177391,oracle_unconstrained,0.9285000384408395,,,,,,,,,,,,,,,,,,,,,,,,,,
v1,4,0.7,14.452143649374724,26014,1.0,t1,h100,burstgpt,total,0.5,875.4276752021457,3.350829639177391,predictor_unconstrained,0.8142730837241485,,,,,,,,,,,,,,,,,,,,,,,,,,
v1,4,0.7,14.452143649374724,26014,1.0,t1,h100,burstgpt,total,0.5,875.4276752021457,3.350829639177391,fluid_ceiling,0.88615,,,,,,,,,,,,,,,,,,,,,,,,,,
v1,4,0.7,14.452143649374724,26014,1.0,t1,h100,burstgpt,total,0.5,875.4276752021457,3.350829639177391,random,0.4165064965018836,1.7822654209994653,0.3883555083000267,0.30103092783505153,0.666871684477589,242.0821585670601,484.1616848628702,4.964249248025703,1.7754663758700886,58.504204289215195,130.2809609318892,14.850586305516345,0.666871684477589,0.06342738525409394,0.10298300914891981,0.16671792111939726,0.44156992388713767,0.27450603521180905,0.0,0.10267548243253632,0.06069808564619051,0.039248097178442375,0.1928192511724456,0.13215960636580304,0.03659567924963481,0.0888752210348274,0.07722764665180287
v1,4,0.7,14.452143649374724,26014,1.0,t1,h100,burstgpt,total,0.5,875.4276752021457,3.350829639177391,always_best_api,0.201545321749827,2.071708376002789,0.1690137308402336,0.06335138683735433,0.2278004151610671,113.92095477809198,227.8406708409651,4.064347686558974,7.120345182745295,56.717151172514455,133.9373025909267,8.571742685626418,0.2278004151610671,0.03667256092873068,0.0,0.7355270239102022,2.2843084492965327,0.0,0.0,0.0,0.0,0.0,0.0,0.0,0.0,0.2644729760897978,0.0
v1,4,0.7,14.452143649374724,26014,1.0,t1,h100,burstgpt,total,0.5,875.4276752021457,3.350829639177391,always_best_self,0.04920427462135773,1.878191784999217,0.0530849619302701,0.0206794682422452,0.08487737372184208,0.0,0.0,4.663058368196577,28.976564777761382,29.99568137213666,30.014408744546664,76.57871093766438,0.08487737372184208,0.003767202275697701,0.20027677404474514,0.7110786499577151,0.0,2.1809025909125856,0.0,0.0,0.08864457599753979,0.0,0.0,0.0,0.0,0.0,0.0
v1,4,0.7,14.452143649374724,26014,1.0,t1,h100,burstgpt,total,0.5,875.4276752021457,3.350829639177391,threshold,0.1598754516798647,2.0004008260002593,0.1375899755043712,0.0884621697029378,0.20800338279388023,109.1053384168772,218.209490480959,4.626563136797003,15.509701673316531,64.92762005914567,160.81308647405132,29.89162543326961,0.20800338279388023,0.04251556854001692,0.11024832782347967,0.6392327208426232,1.050242177289152,0.9251941262397171,0.0,0.0,0.08649188898285538,0.0,0.0,0.0,0.0,0.16402706235104175,0.0
v1,4,0.7,14.452143649374724,26014,1.0,t1,h100,burstgpt,total,0.5,875.4276752021457,3.350829639177391,static_qc,0.3664949642500192,2.200743422999949,0.37209543442496273,0.1744186046511628,0.45971400015376335,115.16836794780284,230.3354836166866,4.961785485894082,3.013836362430311,36.61190595836127,131.96064727841897,13.38386824103685,0.45971400015376335,0.029637887291458446,0.013992465595448604,0.49665564695932957,1.5552394864303836,0.0,0.0,0.0,0.025524717459829323,0.0026139770892596296,0.006265856846313524,0.24302298762204966,0.0412085799953871,0.17071576843238256,0.0
v1,4,0.7,14.452143649374724,26014,1.0,t1,h100,burstgpt,total,0.5,875.4276752021457,3.350829639177391,static_qc_fallback,0.5216806335050358,2.268825501003448,0.46601188737947424,0.36082474226804123,0.6948181748289383,139.44505497057435,278.88859369058594,4.691908660718979,2.2574496966160496,28.522860159273428,96.45559529327917,13.005200868099081,0.6948181748289383,0.03167525178749904,0.06969324210040748,0.20381333128315524,1.0140309064349966,0.10144537556700238,0.0,0.0,0.03136772507111555,0.012070423618051818,0.17094641346967018,0.2802721611439994,0.04113169831629123,0.17067732759283463,0.020027677404474514
v1,4,0.7,14.452143649374724,26014,1.0,t1,h100,burstgpt,total,0.5,875.4276752021457,3.350829639177391,shortest_queue,0.2653571153994003,1.9369040470010077,0.25915470517978134,0.18283275890365994,0.5159145075728454,4.754366202794699,9.508680709167235,4.64490063556456,2.3444104561721133,24.563378199483893,29.383188351395724,17.56718155316652,0.5159145075728454,0.0005766125932190359,0.021180902590912584,0.462327977243023,1.4415699238871378,0.0,0.0,0.19289613285154147,0.0775736142077343,0.030214499884677483,0.0,0.21580687322211117,0.0,0.0,0.0
v1,4,0.7,14.452143649374724,26014,1.0,t1,h100,burstgpt,total,0.5,875.4276752021457,3.350829639177391,capacity_greedy,0.6898400861074806,1.7983547110015934,0.6531844580069174,0.5505154639175258,0.9651725993695702,81.9555967679953,163.9103023948903,4.713454263421169,1.3757919498776223,16.80985109585878,30.34182570331594,13.102772023075005,0.9651725993695702,0.010033059122011224,0.021642192665487815,0.0031521488429307296,0.022372568616898594,0.0,0.0,0.0,0.046936265088029526,0.018374721303913277,0.43526562620127623,0.2933036057507496,0.03824863535019605,0.125009610209887,0.01806719458752979
v1,4,0.7,14.452143649374724,26014,1.0,t1,h100,burstgpt,total,0.5,875.4276752021457,3.350829639177391,batch_lp@2s,0.6908395479357269,4.732083279999642,0.647111562184353,0.5463917525773195,0.9657492119627893,82.60501487316105,165.20913154379846,4.679927249676639,2.5133263858295987,17.38948753871508,30.552790913319157,14.16628865636563,0.9657492119627893,0.010571230875682324,0.02168063350503575,0.0019989236564926577,0.011493811024832783,0.0,0.0,0.0,0.04689782424848159,0.019028215576228184,0.45206427308372416,0.27450603521180905,0.03586530329822403,0.13012224186976243,0.01783654955024218
v1,4,0.7,14.452143649374724,26014,1.0,t1,h100,burstgpt,total,0.5,875.4276752021457,3.350829639177391,A:knn_capacity_greedy,0.662643192127316,4.090397136998945,0.6227005959385982,0.5319587628865979,0.9445298685323288,100.46996844418936,200.93884443195404,4.683584357428439,1.2451057733336839,23.09617906651035,48.21874946226754,13.103250326196765,0.9445298685323288,0.0219497193818713,0.029561005612362575,0.00395940647343738,0.030291381563773354,0.0,0.0,0.0004997309141231644,0.05297147689705543,0.02967632813100638,0.4819328054124702,0.2349888521565311,0.03140616591066349,0.11697547474436841,0.018028753747981855
v1,4,1.0,20.64591949910675,37163,1.0,t1,h100,burstgpt,total,0.1,250.1221929148988,5.5140983663877705,oracle_unconstrained,0.9284637946344483,,,,,,,,,,,,,,,,,,,,,,,,,,
v1,4,1.0,20.64591949910675,37163,1.0,t1,h100,burstgpt,total,0.1,250.1221929148988,5.5140983663877705,predictor_unconstrained,0.8143987299195437,,,,,,,,,,,,,,,,,,,,,,,,,,
v1,4,1.0,20.64591949910675,37163,1.0,t1,h100,burstgpt,total,0.1,250.1221929148988,5.5140983663877705,fluid_ceiling,0.8876006513881013,,,,,,,,,,,,,,,,,,,,,,,,,,
v1,4,1.0,20.64591949910675,37163,1.0,t1,h100,burstgpt,total,0.1,250.1221929148988,5.5140983663877705,random,0.2202593977881226,3.0896277610008838,0.20591414902102612,0.15836664762992575,0.4023894734009633,125.16069585146943,250.31906852530312,4.702468127590733,2.1534961837708044,30.646246166632185,112.98851819073634,17.610436244228676,0.4023894734009633,0.023894734009633236,0.16938890832279418,0.4043268842666093,0.26370314560180824,0.41549390522831847,0.8282969620321288,0.1162177434545112,0.05693835266259452,0.030998573850335012,0.09600947178645428,0.05365551758469445,0.015714554799128165,0.029841509027796465,0.026908484245082475
v1,4,1.0,20.64591949910675,37163,1.0,t1,h100,burstgpt,total,0.1,250.1221929148988,5.5140983663877705,always_best_api,0.16079164760649034,3.2136744999988878,0.13535684040570475,0.05305539691604797,0.1835158625514625,122.73088058148278,245.4594830864892,4.885172468624648,7.084226530349611,53.716790470890814,128.872786551059,8.534288710671945,0.1835158625514625,0.024997981863681618,0.0,0.7914861555848559,2.1850496461534323,0.0,0.25829454026854665,0.0,0.0,0.0,0.0,0.0,0.0,0.2085138444151441,0.0
v1,4,1.0,20.64591949910675,37163,1.0,t1,h100,burstgpt,total,0.1,250.1221929148988,5.5140983663877705,always_best_self,0.03420068347549982,2.85834827600047,0.036041663605788525,0.013706453455168474,0.05981756047681834,0.0,0.0,4.635010722776423,29.537309228285835,30.004281047431004,30.01918511662627,77.53031486777263,0.05981756047681834,0.0038210047628017114,0.19516723622958318,0.7411941985307967,0.0,2.287786239001157,0.0,0.0,0.06363856523962005,0.0,0.0,0.0,0.0,0.0,0.0
v1,4,1.0,20.64591949910675,37163,1.0,t1,h100,burstgpt,total,0.1,250.1221929148988,5.5140983663877705,threshold,0.05330570728950838,3.0260426490021928,0.049137506584519396,0.037371134020618556,0.08451954901380405,78.03180754836649,156.06216670473628,4.572539829196079,29.665682821617565,59.29155957846996,92.73426629843425,53.293834858043965,0.08451954901380405,0.034927212550117055,0.1868794230820978,0.6936738153539811,0.1053198073352528,2.0344428598337054,0.0,0.0,0.06431127734574711,0.0,0.0,0.0,0.0,0.05513548421817399,0.0
v1,4,1.0,20.64591949910675,37163,1.0,t1,h100,burstgpt,total,0.1,250.1221929148988,5.5140983663877705,static_qc,0.3975055835104809,3.026799535000464,0.3743213841620352,0.22766323024054982,0.5210020719532868,79.52716573486214,159.05285532154844,4.7354197965586415,2.300664472908977,27.11446207576344,48.18792172745263,14.65714814152011,0.5210020719532868,0.011409197319914969,0.08204396846325647,0.3855447622635417,1.0340392325700294,0.16408793692651294,0.0,0.0,0.03794096278556629,0.016252724484029816,0.07776551946828836,0.2739283696149396,0.03414686650700966,0.09237682641336814,0.0
v1,4,1.0,20.64591949910675,37163,1.0,t1,h100,burstgpt,total,0.1,250.1221929148988,5.5140983663877705,static_qc_fallback,0.5278771896779054,3.269772648000071,0.4553488027549823,0.31408450704225355,0.7284933939671179,98.11748357400393,196.23314593455132,4.724224794439442,1.6555764817298666,24.48821228851648,42.875051060704195,12.804441126120322,0.7284933939671179,0.012539353658208434,0.11489922772650217,0.14406802464817156,0.6856550870489465,0.17207975674730241,0.13793289024029276,0.0,0.03872130882867368,0.01816322686543067,0.30511530285499017,0.24957619137313994,0.031160024755805506,0.08973979495735006,0.008556897989936228
v1,4,1.0,20.64591949910675,37163,1.0,t1,h100,burstgpt,total,0.1,250.1221929148988,5.5140983663877705,shortest_queue,0.24918601835158624,2.816804318998038,0.2419039352371176,0.17801256424900058,0.47969754863708525,6.927902991646988,13.855677390614115,4.623617703194662,3.368263376124105,26.033877437053548,29.61743698375904,19.592399925423024,0.47969754863708525,0.00048435271641148457,0.01878212200306757,0.5010359766434357,1.5581895971799908,0.0,0.0,0.1778381723757501,0.058875763528240456,0.029733875090816136,0.0,0.2137340903586901,0.0,0.0,0.0
v1,4,1.0,20.64591949910675,37163,1.0,t1,h100,burstgpt,total,0.1,250.1221929148988,5.5140983663877705,capacity_greedy,0.6459516185453273,2.670487924999179,0.6111198175341047,0.5140845070422535,0.9364152517288701,90.75268010629952,181.50367570137632,4.672575202458655,1.307432907323573,20.23025124676379,29.86542885486803,12.888951526086771,0.9364152517288701,0.008018728305034577,0.022011140112477463,0.033554879853617846,0.014046228775933051,0.09730107903021823,0.0,0.030352770228453032,0.042542313591475395,0.01880903048731265,0.47399294997712776,0.24901111320399322,0.027419745445739042,0.09218846702365256,0.01011759007615101
v1,4,1.0,20.64591949910675,37163,1.0,t1,h100,burstgpt,total,0.1,250.1221929148988,5.5140983663877705,batch_lp@2s,0.6658638968866883,7.467224652998993,0.625116509014513,0.5169014084507042,0.9590991039474747,90.27235979184297,180.54304398795705,4.645136872450285,2.500667773108489,23.164135123167355,29.962247579304467,14.28947881103485,0.9590991039474747,0.00893361676936738,0.030702580523639104,0.0012646987595188763,0.007588192557113258,0.00026908484245082476,2.6908484245082476e-05,0.029437881764120228,0.04146597422167209,0.01937410865645938,0.49339396711783223,0.25121760891209,0.02553615154858327,0.09956139170680516,0.008045636789279659
v1,4,1.0,20.64591949910675,37163,1.0,t1,h100,burstgpt,total,0.1,250.1221929148988,5.5140983663877705,A:knn_capacity_greedy,0.6289185480181901,4.9517240280001715,0.5911487725597513,0.4788732394366197,0.9227995587008584,99.54707458860321,199.09230142831197,4.66847396478406,1.189334990217958,21.882577189462772,36.77330759052064,12.794259210525624,0.9227995587008584,0.012350994268492855,0.022468584344643865,0.0423808626860049,0.02152678739606598,0.12087291122891047,0.0,0.02970696660657105,0.04752038317681565,0.024405995210289803,0.5144633102817319,0.21300756128407286,0.023464198261711918,0.07367542986303581,0.008906708285122298
v1,4,1.0,20.64591949910675,37163,1.0,t1,h100,burstgpt,total,0.5,1250.610964574494,3.350829639177391,oracle_unconstrained,0.9284637946344483,,,,,,,,,,,,,,,,,,,,,,,,,,
v1,4,1.0,20.64591949910675,37163,1.0,t1,h100,burstgpt,total,0.5,1250.610964574494,3.350829639177391,predictor_unconstrained,0.8143987299195437,,,,,,,,,,,,,,,,,,,,,,,,,,
v1,4,1.0,20.64591949910675,37163,1.0,t1,h100,burstgpt,total,0.5,1250.610964574494,3.350829639177391,fluid_ceiling,0.8876006513881013,,,,,,,,,,,,,,,,,,,,,,,,,,
v1,4,1.0,20.64591949910675,37163,1.0,t1,h100,burstgpt,total,0.5,1250.610964574494,3.350829639177391,random,0.4014880391787531,2.663453376000689,0.37414758032708023,0.2830985915492958,0.6393724941474047,323.1529383837242,646.2998785451289,5.097485257936965,1.9876893547462302,55.350496626179776,130.65717418764083,15.46729022880595,0.6393724941474047,0.058768129591260126,0.1194467615639211,0.1824126146974141,0.48020880983774183,0.2972849339396712,0.0,0.09719344509323789,0.054301321206576436,0.03078330597637435,0.19871915614993407,0.13088286736808116,0.0308640314291096,0.0830664908645696,0.0723300056507817
v1,4,1.0,20.64591949910675,37163,1.0,t1,h100,burstgpt,total,0.5,1250.610964574494,3.350829639177391,always_best_api,0.1868121518714851,3.1693530369993823,0.15664953176731888,0.059451741861793264,0.21273847644162205,120.7892550790566,241.57626812123308,4.885501727372579,6.953981808742583,46.201570571035575,105.82083429031381,8.358598932580207,0.21273847644162205,0.022791486155584857,0.0,0.7644700374027931,2.3701800177595995,0.0,0.0,0.0,0.0,0.0,0.0,0.0,0.0,0.2355299625972069,0.0
v1,4,1.0,20.64591949910675,37163,1.0,t1,h100,burstgpt,total,0.5,1250.610964574494,3.350829639177391,always_best_self,0.03420068347549982,3.0056321709998883,0.036041663605788525,0.013706453455168474,0.05981756047681834,0.0,0.0,4.635010722776423,29.537309228285835,30.004281047431004,30.01918511662627,77.53031486777263,0.05981756047681834,0.0038210047628017114,0.19516723622958318,0.7411941985307967,0.0,2.287786239001157,0.0,0.0,0.06363856523962005,0.0,0.0,0.0,0.0,0.0,0.0
v1,4,1.0,20.64591949910675,37163,1.0,t1,h100,burstgpt,total,0.5,1250.610964574494,3.350829639177391,threshold,0.1332777224658935,3.149269899000501,0.10854775412294033,0.07087628865979381,0.17560476818340823,120.4911674169125,240.98009832991664,4.887811569910525,15.416162241696384,56.00070002033062,114.97950353650984,26.171585796089545,0.17560476818340823,0.03420068347549982,0.12673896079433847,0.6634555875467535,1.1055619836934585,0.945537227887953,0.0,0.0,0.0634232973656594,0.0,0.0,0.0,0.0,0.14638215429324866,0.0
v1,4,1.0,20.64591949910675,37163,1.0,t1,h100,burstgpt,total,0.5,1250.610964574494,3.350829639177391,static_qc,0.34543766649624624,3.352195990999462,0.352870799870768,0.1481958762886598,0.43212334849177947,129.39863779924235,258.7948737580396,4.885526286915382,2.9217683203942215,29.914154881340764,98.02663843545369,13.570313240419068,0.43212334849177947,0.02249549282888895,0.016467992357990475,0.5289131663213411,1.6479024836530958,0.0007265290746172268,0.0,0.0,0.022360950407663536,0.002663939940263165,0.006754029545515701,0.23267766326722816,0.03619191130963593,0.15397034685036193,0.0
v1,4,1.0,20.64591949910675,37163,1.0,t1,h100,burstgpt,total,0.5,1250.610964574494,3.350829639177391,static_qc_fallback,0.5046686220165219,3.4297434689979127,0.4482165147638805,0.3492957746478873,0.6759680327207168,165.5720927958173,331.14111231547173,4.886028525075671,2.1883089071266326,25.718564655064938,74.47393006812342,12.998573657748238,0.6759680327207168,0.02459435460000538,0.07359470441030057,0.2258429082689772,1.0947716815111805,0.11172402658558243,0.0,0.0,0.02771573877243495,0.011866641552081371,0.18526491402739284,0.26303043349568117,0.03600355191992035,0.15531577106261604,0.021365336490595483
v1,4,1.0,20.64591949910675,37163,1.0,t1,h100,burstgpt,total,0.5,1250.610964574494,3.350829639177391,shortest_queue,0.24918601835158624,2.9342001379991416,0.2419039352371176,0.17801256424900058,0.47969754863708525,6.927902991646988,13.855677390614115,4.623617703194662,3.368263376124105,26.033877437053548,29.61743698375904,19.592399925423024,0.47969754863708525,0.00048435271641148457,0.01878212200306757,0.5010359766434357,1.5581895971799908,0.0,0.0,0.1778381723757501,0.058875763528240456,0.029733875090816136,0.0,0.2137340903586901,0.0,0.0,0.0
v1,4,1.0,20.64591949910675,37163,1.0,t1,h100,burstgpt,total,0.5,1250.610964574494,3.350829639177391,capacity_greedy,0.6960013992411808,2.4658599510003114,0.6565539562844004,0.5492957746478874,0.9758630896321611,118.72793191013261,237.45366004475665,4.669562290901679,1.3457299711547037,17.89848828432788,31.15465325545322,12.821594447582832,0.9758630896321611,0.01076339369803299,0.010736485213787908,0.0026370314560180824,0.02020827166805694,0.0,0.0,0.0,0.03839840701773269,0.01619890751553965,0.4815273255657509,0.2750047089847429,0.03263999138928504,0.12415574630681053,0.01870139655033232
v1,4,1.0,20.64591949910675,37163,1.0,t1,h100,burstgpt,total,0.5,1250.610964574494,3.350829639177391,batch_lp@2s,0.697898447380459,5.832153821000247,0.6573131065114984,0.5605633802816902,0.9775314156553562,112.92405026449342,225.84600448256967,4.630907078798148,2.491693755628603,17.659082181331,30.55444633472084,13.888485540466036,0.9775314156553562,0.010897936119258402,0.009956139170680516,0.0016145090547049486,0.010601942792562494,0.0,0.0,0.0,0.03904421063961467,0.01633344993676506,0.49619244947932084,0.26340715227511236,0.02981460054355138,0.12800365955385734,0.015633829346392916
v1,4,1.0,20.64591949910675,37163,1.0,t1,h100,burstgpt,total,0.5,1250.610964574494,3.350829639177391,A:knn_capacity_greedy,0.6727793773376746,4.639304201999039,0.6326620278647811,0.5225352112676056,0.9607405214864246,138.58451730298657,277.16646226128404,4.67894166437027,1.2253087282730277,20.94427362713475,47.195633801045204,12.755288267543843,0.9607405214864246,0.02077334983720367,0.014180771197158465,0.004305357479213196,0.03110620778731534,0.0,0.0,0.000511261200656567,0.042892123886661464,0.021715146785781556,0.5322767268519765,0.22713451551274116,0.027419745445739042,0.11349998654575788,0.016064365094314238
v1,4,1.3,26.839695348838777,48311,1.0,t1,h100,burstgpt,total,0.1,325.15885078936844,5.5140983663877705,oracle_unconstrained,0.9282875535592309,,,,,,,,,,,,,,,,,,,,,,,,,,
v1,4,1.3,26.839695348838777,48311,1.0,t1,h100,burstgpt,total,0.1,325.15885078936844,5.5140983663877705,predictor_unconstrained,0.8142866013951274,,,,,,,,,,,,,,,,,,,,,,,,,,
v1,4,1.3,26.839695348838777,48311,1.0,t1,h100,burstgpt,total,0.1,325.15885078936844,5.5140983663877705,fluid_ceiling,0.8822076683975014,,,,,,,,,,,,,,,,,,,,,,,,,,
v1,4,1.3,26.839695348838777,48311,1.0,t1,h100,burstgpt,total,0.1,325.15885078936844,5.5140983663877705,random,0.21658628469706692,4.066121809002652,0.20233848869822454,0.1560130010834236,0.3764153091428453,162.85637593870706,325.71579675268737,5.077719361355878,1.77420849970878,34.115364516707785,113.58032622716226,15.570915357285207,0.3764153091428453,0.023659208047856595,0.12866634927863219,0.4712591335306659,0.34638074144604747,0.5392560700461593,0.7831549750574404,0.09122146095092215,0.042723189335762045,0.024528575272712218,0.11587423154147089,0.053031400716193,0.01378568027985345,0.03135931775372069,0.027550661340067478
v1,4,1.3,26.839695348838777,48311,1.0,t1,h100,burstgpt,total,0.1,325.15885078936844,5.5140983663877705,always_best_api,0.14869284427977064,4.133735694002098,0.12368105438764765,0.044420368364030335,0.16874003850054853,121.14372322498821,242.28971143668775,4.601994804991187,6.6677412668225315,45.96656596029872,98.67190547372526,8.00909341759143,0.16874003850054853,0.017739231230982592,0.0,0.8135207302684688,2.503384322411045,0.0,0.0,0.0,0.0,0.0,0.0,0.0,0.0,0.18647926973153112,0.0
v1,4,1.3,26.839695348838777,48311,1.0,t1,h100,burstgpt,total,0.1,325.15885078936844,5.5140983663877705,always_best_self,0.026246610502784044,3.8029543189986725,0.026368193979521254,0.010737546206653759,0.04636625199229989,0.0,0.0,4.63322853071085,29.606146891586363,30.003420317128302,30.020715715108395,79.69675517112752,0.04636625199229989,0.002815093870961065,0.1500072447268738,0.8008114094098653,0.0,2.4435221792138435,0.0,0.0,0.04918134586326096,0.0,0.0,0.0,0.0,0.0,0.0
v1,4,1.3,26.839695348838777,48311,1.0,t1,h100,burstgpt,total,0.1,325.15885078936844,5.5140983663877705,threshold,0.040446275175425886,3.741333900998143,0.03682554252100815,0.02515517804639007,0.06456086605534972,79.48526377603412,158.97201366345237,4.655772801072912,29.70896026105771,58.47131484944598,93.48510240706004,53.491759194102414,0.06456086605534972,0.026764090993769536,0.1461157914346629,0.7625592515162178,0.1381879903127652,2.1923371488894867,0.0,0.0,0.047525408292107385,0.0,0.0,0.0,0.0,0.043799548757011864,0.0
v1,4,1.3,26.839695348838777,48311,1.0,t1,h100,burstgpt,total,0.1,325.15885078936844,5.5140983663877705,static_qc,0.323787543209621,3.892094263999752,0.2943601419844585,0.16595883698137864,0.42505847529548135,81.05969418476707,162.1209039175565,4.746791251534982,2.202271942644984,26.039310123525144,47.01242821682881,14.035778599872472,0.42505847529548135,0.009356047277017656,0.0690939951563826,0.4964914822711184,1.2834551137422119,0.24354701827741093,0.0,0.0,0.029206598911221047,0.01221253958725756,0.07774626896565999,0.21460950922150235,0.026826188652687794,0.07381341723417027,0.0
v1,4,1.3,26.839695348838777,48311,1.0,t1,h100,burstgpt,total,0.1,325.15885078936844,5.5140983663877705,static_qc_fallback,0.5393181677050776,4.18627045500034,0.43977988646626115,0.26218851570964247,0.754776344931796,123.49714867245893,246.99660633289665,4.74054693958543,1.5039924708318892,19.972066500426955,39.037276922187836,12.261814023600209,0.754776344931796,0.011508766119517294,0.08244499182380824,0.1512698971248784,0.8694293225145412,0.24876322162654468,0.0029806876280764217,0.0,0.02906170437374511,0.012895613835358408,0.38647512988760324,0.22038459150090042,0.027178075386557927,0.07987828858852021,0.010411707478628057
v1,4,1.3,26.839695348838777,48311,1.0,t1,h100,burstgpt,total,0.1,325.15885078936844,5.5140983663877705,shortest_queue,0.195328186127383,3.673988275000738,0.1894008243132114,0.14632107023411373,0.3657345118089048,6.910657873555465,13.821444953543038,4.629769579337866,3.3189808544529598,25.375700842279798,29.45945854057703,18.923748816725094,0.3657345118089048,0.0003518867338701331,0.016476578832977998,0.617437022624247,1.8945581751567966,0.0,0.0,0.1294115211856513,0.04688373248328538,0.022334457990933743,0.0,0.16745668688290452,0.0,0.0,0.0
v1,4,1.3,26.839695348838777,48311,1.0,t1,h100,burstgpt,total,0.1,325.15885078936844,5.5140983663877705,capacity_greedy,0.6847508848916396,2.999021454001195,0.6385161050899372,0.5092091007583965,0.9816811906191136,118.74842916605303,237.49907853474545,4.698750944075798,1.1087127718894894,13.559448861560453,28.625349382559513,11.856532496126846,0.9816811906191136,0.006810043261369046,0.009273250398459979,0.0022355157210573163,0.015586512388482954,0.0,0.0,0.0014696445943987912,0.029868973939682474,0.012316035685454658,0.6066734284117489,0.22255800956303948,0.024383680735236283,0.0790089213636646,0.01221253958725756
v1,4,1.3,26.839695348838777,48311,1.0,t1,h100,burstgpt,total,0.1,325.15885078936844,5.5140983663877705,batch_lp@2s,0.6905984144397757,7.417168773998128,0.6409939649856676,0.5102925243770314,0.9831094367742336,116.9161762548847,233.83453845534302,4.697069083125715,2.3297757676531603,14.24094096534447,28.87071181800321,13.030025137871561,0.9831094367742336,0.007451719070191053,0.008362484734325515,0.001076359421249819,0.0064788557471383325,0.0,0.0,0.0,0.0296826809629277,0.01279211773716131,0.6113307528306183,0.2161412514748194,0.0225000517480491,0.08759909751402373,0.010515203576825154
v1,4,1.3,26.839695348838777,48311,1.0,t1,h100,burstgpt,total,0.1,325.15885078936844,5.5140983663877705,A:knn_capacity_greedy,0.664269007058434,5.020894680998026,0.6167948539328566,0.48537378114842905,0.9656185961789241,127.27519478420072,254.55276919333943,4.654716627102772,1.0603404536041126,16.87807684496505,33.73556873299993,11.892546372993365,0.9656185961789241,0.011281074703483678,0.01374428184057461,0.009356047277017656,0.019726356316366874,0.0214443915464387,0.0,0.008879965225311006,0.03409161474612407,0.017966922647016208,0.6343275858500135,0.1851959181138871,0.021320196228602182,0.06410548322328248,0.011011984848171223
v1,4,1.3,26.839695348838777,48311,1.0,t1,h100,burstgpt,total,0.5,1625.7942539468422,3.350829639177391,oracle_unconstrained,0.9282875535592309,,,,,,,,,,,,,,,,,,,,,,,,,,
v1,4,1.3,26.839695348838777,48311,1.0,t1,h100,burstgpt,total,0.5,1625.7942539468422,3.350829639177391,predictor_unconstrained,0.8142866013951274,,,,,,,,,,,,,,,,,,,,,,,,,,
v1,4,1.3,26.839695348838777,48311,1.0,t1,h100,burstgpt,total,0.5,1625.7942539468422,3.350829639177391,fluid_ceiling,0.8822076683975014,,,,,,,,,,,,,,,,,,,,,,,,,,
v1,4,1.3,26.839695348838777,48311,1.0,t1,h100,burstgpt,total,0.5,1625.7942539468422,3.350829639177391,random,0.36418207033594835,3.4261013610012014,0.3352781648783371,0.25785482123510295,0.5755418020740618,331.1872011803425,662.3805944653163,5.031397245638448,1.6411979982836973,50.1378264092861,124.69806765910883,14.022988493050889,0.5755418020740618,0.04560038086564137,0.09364326964873425,0.2852145474115626,0.6611744737223406,0.4498975388627849,0.0,0.07654571422657366,0.04168822835379106,0.023721305706774855,0.2275465214961396,0.10738755148930886,0.02336941897290472,0.06449876839643146,0.05638467429777897
v1,4,1.3,26.839695348838777,48311,1.0,t1,h100,burstgpt,total,0.5,1625.7942539468422,3.350829639177391,always_best_api,0.14869284427977064,3.9001822499994887,0.12368105438764765,0.044420368364030335,0.16874003850054853,121.14372322498821,242.28971143668775,4.601994804991187,6.6677412668225315,45.96656596029872,98.67190547372526,8.00909341759143,0.16874003850054853,0.017739231230982592,0.0,0.8135207302684688,2.503384322411045,0.0,0.0,0.0,0.0,0.0,0.0,0.0,0.0,0.18647926973153112,0.0
v1,4,1.3,26.839695348838777,48311,1.0,t1,h100,burstgpt,total,0.5,1625.7942539468422,3.350829639177391,always_best_self,0.026246610502784044,3.5646141309989616,0.026368193979521254,0.010737546206653759,0.04636625199229989,0.0,0.0,4.63322853071085,29.606146891586363,30.003420317128302,30.020715715108395,79.69675517112752,0.04636625199229989,0.002815093870961065,0.1500072447268738,0.8008114094098653,0.0,2.4435221792138435,0.0,0.0,0.04918134586326096,0.0,0.0,0.0,0.0,0.0,0.0
v1,4,1.3,26.839695348838777,48311,1.0,t1,h100,burstgpt,total,0.5,1625.7942539468422,3.350829639177391,threshold,0.10558671938067934,3.7408683309986372,0.0843137580271086,0.04933028422084286,0.13814659187348638,121.1173044834286,242.23687345962549,4.619261654716034,15.313717713241886,56.246670112367205,114.66996638856844,25.125903287018218,0.13814659187348638,0.025853325329635073,0.09767961747842106,0.7383204653184575,1.1911365941504006,1.072074682784459,0.0,0.0,0.04874666225083314,0.0,0.0,0.0,0.0,0.1152532549522883,0.0
v1,4,1.3,26.839695348838777,48311,1.0,t1,h100,burstgpt,total,0.5,1625.7942539468422,3.350829639177391,static_qc,0.274109416075014,4.26332827999795,0.2742037494882446,0.10519438092126757,0.34182691312537516,129.66613572915048,259.33469578592207,5.282694501573173,2.943162488732149,29.935772859839695,96.05229450035957,13.095755378730445,0.34182691312537516,0.01782202810954027,0.018898387530790088,0.6214526712342945,1.909668605493573,0.008610875369998551,0.0,0.0,0.017946223427376787,0.0026288008942062886,0.006768644822090207,0.1828569062946327,0.028088841050692388,0.12135952474591707,0.0
v1,4,1.3,26.839695348838777,48311,1.0,t1,h100,burstgpt,total,0.5,1625.7942539468422,3.350829639177391,static_qc_fallback,0.4464407691830018,4.636734747000446,0.37789975266137454,0.27376674289447894,0.6063629401171576,174.3470911848708,348.6974420833626,5.282334632724361,1.8941668450993774,24.65925643229002,70.58997882535027,12.429155598301122,0.6063629401171576,0.020016145391318747,0.061331787791600256,0.3122891266999234,1.3084390718469914,0.17180352300718263,0.0,0.0,0.021216700130405084,0.009563039473411852,0.21955662271532364,0.20657821200140755,0.028316532466726003,0.12322245451346485,0.017925524207737367
v1,4,1.3,26.839695348838777,48311,1.0,t1,h100,burstgpt,total,0.5,1625.7942539468422,3.350829639177391,shortest_queue,0.195328186127383,3.772485773999506,0.1894008243132114,0.14632107023411373,0.3657345118089048,6.910657873555465,13.821444953543038,4.629769579337866,3.3189808544529598,25.375700842279798,29.45945854057703,18.923748816725094,0.3657345118089048,0.0003518867338701331,0.016476578832977998,0.617437022624247,1.8945581751567966,0.0,0.0,0.1294115211856513,0.04688373248328538,0.022334457990933743,0.0,0.16745668688290452,0.0,0.0,0.0
v1,4,1.3,26.839695348838777,48311,1.0,t1,h100,burstgpt,total,0.5,1625.7942539468422,3.350829639177391,capacity_greedy,0.6873486369563867,3.241975454999192,0.6396064891200458,0.5027085590465872,0.9805427335389456,132.2801938628836,264.5628609276244,4.690897556504562,1.1299439039319168,14.860340077270768,28.991579888044544,11.960883874071797,0.9805427335389456,0.008300387075407258,0.008362484734325515,0.002794394651321645,0.02047152822338598,0.0,0.0,0.0,0.029185899691581627,0.012626523980045953,0.5933845294032415,0.21535468112852146,0.025170251081534225,0.0976175198195028,0.015503715509925275
v1,4,1.3,26.839695348838777,48311,1.0,t1,h100,burstgpt,total,0.5,1625.7942539468422,3.350829639177391,batch_lp@2s,0.690691560928153,6.960443553001824,0.6387606218358785,0.5037919826652221,0.9807290265157004,131.0368708863116,262.0761917284554,4.694818340621501,2.342442864311778,15.211666721003837,29.66621861151838,13.091626245192902,0.9807290265157004,0.009024859762786943,0.00912835586098404,0.0011177578605286581,0.00809339487901306,0.0,0.0,0.0,0.029351493448696985,0.01270932085860363,0.6041895220550185,0.20514996584628759,0.02332802053362588,0.09995653163875722,0.015069031897497464
v1,4,1.3,26.839695348838777,48311,1.0,t1,h100,burstgpt,total,0.5,1625.7942539468422,3.350829639177391,A:knn_capacity_greedy,0.6702407319244065,5.461416826998175,0.6257604302077798,0.5070422535211268,0.9675643228250295,155.9357087710141,311.8743330237287,4.677649899834244,1.0743231698784257,18.491803936905928,42.28346426115025,11.95807612012004,0.9675643228250295,0.016124692099107864,0.01279211773716131,0.003518867338701331,0.02690898553124547,0.0,0.0,0.0006209765891825878,0.03373972801225394,0.017180352300718262,0.6295460661133075,0.17817888265612386,0.022106766574900127,0.0874749021961872,0.01484134048146385
