suite,seed,rho,rate_per_s,n_arrivals,api_limit_scale,tier,hardware,arrivals,load_basis,budget_frac,budget_per_hour,lambda,router,acc_slo,sim_s,acc_slo_dataset_avg,worst_group_acc,slo_attainment,api_spend,api_spend_per_hour,self_hosted_cost,ttft_p50,ttft_p95,ttft_p99,e2e_p50,frac_ok,frac_late,frac_abandoned,frac_failed,refusals_429,refusals_queue_full,refusals_budget,share_Llama-3.1-8B-Instruct,share_Qwen3-8B,share_NVIDIA-Nemotron-Nano-9B-v2,share_deepseek-v3-0324,share_qwen3-235b-a22b-2507,share_gpt-5-chat,share_gpt-5,share_gemini-2.5-pro
v1,0,0.3,4.487127758705165,8077,1.0,t1,spark,poisson,total,0.1,54.36087430958008,5.820419271287392,oracle_unconstrained,0.9288102018076019,,,,,,,,,,,,,,,,,,,,,,,,,,
v1,0,0.3,4.487127758705165,8077,1.0,t1,spark,poisson,total,0.1,54.36087430958008,5.820419271287392,predictor_unconstrained,0.816392224835954,,,,,,,,,,,,,,,,,,,,,,,,,,
v1,0,0.3,4.487127758705165,8077,1.0,t1,spark,poisson,total,0.1,54.36087430958008,5.820419271287392,fluid_ceiling,0.8906153274730717,,,,,,,,,,,,,,,,,,,,,,,,,,
v1,0,0.3,4.487127758705165,8077,1.0,t1,spark,poisson,total,0.1,54.36087430958008,5.820419271287392,random,0.14083199207626593,0.6235197499991045,0.13185681023638743,0.07482993197278912,0.2934257768973629,27.362928456850568,54.743491230890264,9.326568957937615,21.17281219791426,44.56470363667637,126.83364456277455,63.85490144107109,0.2934257768973629,0.02872353596632413,0.4881763030828278,0.18967438405348522,0.0,0.0,0.986504890429615,0.12603689488671538,0.04320911229416863,0.02488547728116875,0.026742602451405226,0.027733069208864678,0.02488547728116875,0.025256902315216045,0.02339977714497957
v1,0,0.3,4.487127758705165,8077,1.0,t1,spark,poisson,total,0.1,54.36087430958008,5.820419271287392,always_best_api,0.04952333787297264,0.6542117019998841,0.04082222401756139,0.006802721088435374,0.05831373034542528,27.30296719976468,54.62353007407729,3.999600383768545,17.786400636253966,132.97394938414368,296.6373313174027,22.100809384242325,0.05831373034542528,0.029961619413148448,0.0,0.9117246502414262,0.0003714250340472948,0.0,2.747554785192522,0.0,0.0,0.0,0.0,0.0,0.0,0.08827534975857373,0.0
v1,0,0.3,4.487127758705165,8077,1.0,t1,spark,poisson,total,0.1,54.36087430958008,5.820419271287392,always_best_self,0.02519499814287483,0.2567515110022214,0.030134257716166662,0.010671525247267048,0.04259007057075647,0.0,0.0,8.801533801304418,29.780632325595775,30.041425532463517,30.08768913011739,523.3901575189357,0.04259007057075647,0.006809458957533738,0.9506004704717098,0.0,0.0,0.0,0.0,0.0,0.04939952952829021,0.0,0.0,0.0,0.0,0.0,0.0
v1,0,0.3,4.487127758705165,8077,1.0,t1,spark,poisson,total,0.1,54.36087430958008,5.820419271287392,threshold,0.05230902562832735,0.2880941149996943,0.04811361368785668,0.028112449799196786,0.08121827411167512,25.60106491181068,51.21862868995236,9.401865647670082,29.799869125335476,66.87937293704653,92.82104120529607,60.07920721923918,0.08121827411167512,0.05150427138789154,0.8574965952705212,0.009780859229912096,0.0,0.0,0.030456852791878174,0.0,0.04618051256654698,0.0,0.0,0.0,0.0,0.08654203293301968,0.0
v1,0,0.3,4.487127758705165,8077,1.0,t1,spark,poisson,total,0.1,54.36087430958008,5.820419271287392,static_qc,0.5674755478519252,0.44571483500112663,0.5946122532168286,0.3253909158600149,0.7426024514052247,26.458581928254716,52.9342153583921,10.414332783908572,2.435318549644535,20.201893019338268,70.95879782882675,14.870406814102353,0.7426024514052247,0.015104618051256655,0.15154141389129627,0.09075151665222236,0.0,0.0,0.2845115760802278,0.0,0.029961619413148448,0.012504642812925591,0.05100903800916182,0.4702240931038752,0.056208988485823945,0.13779868763154637,0.0
v1,0,0.3,4.487127758705165,8077,1.0,t1,spark,poisson,total,0.1,54.36087430958008,5.820419271287392,static_qc_fallback,0.5809706574223102,0.44612161600161926,0.6086104170544656,0.3320923306031273,0.7603070446948125,26.44855457628364,52.91415419222112,10.340410436754183,2.4251348370939354,19.83793101644369,60.37247445037611,14.745758243602179,0.7603070446948125,0.01485700136189179,0.1727126408319921,0.0521233131113037,0.0,0.0,0.19784573480252568,0.0,0.03008542775783088,0.012504642812925591,0.05422805497090504,0.4774049770954562,0.06054228054970905,0.14039866286987743,0.0
v1,0,0.3,4.487127758705165,8077,1.0,t1,spark,poisson,total,0.1,54.36087430958008,5.820419271287392,shortest_queue,0.6205893277206884,0.3847965499990096,0.6158384822360311,0.5539836187639613,0.9571623127398786,5.9205783330307895,11.84497224290791,9.503516164214462,2.660673528522352,24.111883841209494,28.993302515023768,21.115058520607136,0.9571623127398786,0.0004952333787297264,0.04234245388139161,0.0,0.0,0.0,0.0,0.12405596137179646,0.047542404358053736,0.027609260864182247,0.0,0.758449919524576,0.0,0.0,0.0
v1,0,0.3,4.487127758705165,8077,1.0,t1,spark,poisson,total,0.1,54.36087430958008,5.820419271287392,capacity_greedy,0.7050266187941068,0.5439963200005877,0.7092510406526661,0.5644080416976918,0.9476290701993314,19.929350526355847,39.871544725095276,9.686764779710538,2.217797253867502,11.658457627060399,28.40768803163787,14.644991137407885,0.9476290701993314,0.005076142131979695,0.04729478766868887,0.0,0.0,0.0,0.0,0.0,0.03107589451529033,0.012999876191655317,0.11031323511204655,0.5952705212331311,0.06908505633279682,0.133960628946391,0.0
v1,0,0.3,4.487127758705165,8077,1.0,t1,spark,poisson,total,0.1,54.36087430958008,5.820419271287392,batch_lp@2s,0.7047790021047419,3.0354486030009866,0.7096337184570146,0.5632911392405063,0.9473814535099666,19.865235797344212,39.743273947683626,9.968941658804779,3.2847689496971277,12.406137761172294,28.72788578834531,15.688994139628903,0.9473814535099666,0.005571375510709422,0.047047170979324,0.0,0.0,0.0,0.0,0.0,0.030456852791878174,0.012876067846972886,0.10820849325244522,0.5981181131608271,0.07007552309025629,0.1332177788782964,0.0
v1,0,0.3,4.487127758705165,8077,1.0,t1,spark,poisson,total,0.1,54.36087430958008,5.820419271287392,A:knn_capacity_greedy,0.6371177417357929,3.020136178998655,0.6098963352734771,0.552901023890785,0.9119722669307911,27.198490897622833,54.41451013897944,9.84671660320326,1.572751784717184,25.39661851141277,43.34769055501665,14.415027256979101,0.9119722669307911,0.01621889315339854,0.07168503157112789,0.0001238083446824316,0.000619041723412158,0.0,0.0,0.05026618794106723,0.03578061161322273,0.02079980190664851,0.24675003095208617,0.37625355948990963,0.11018942676736412,0.08592299120960753,0.002228550204283769
v1,0,0.3,4.487127758705165,8077,1.0,t1,spark,poisson,total,0.5,271.8043715479004,3.3891535146758542,oracle_unconstrained,0.9288102018076019,,,,,,,,,,,,,,,,,,,,,,,,,,
v1,0,0.3,4.487127758705165,8077,1.0,t1,spark,poisson,total,0.5,271.8043715479004,3.3891535146758542,predictor_unconstrained,0.816392224835954,,,,,,,,,,,,,,,,,,,,,,,,,,
v1,0,0.3,4.487127758705165,8077,1.0,t1,spark,poisson,total,0.5,271.8043715479004,3.3891535146758542,fluid_ceiling,0.8906153274730717,,,,,,,,,,,,,,,,,,,,,,,,,,
v1,0,0.3,4.487127758705165,8077,1.0,t1,spark,poisson,total,0.5,271.8043715479004,3.3891535146758542,random,0.4379720193141018,0.40072026800044114,0.4063494363896852,0.2925170068027211,0.695926705459948,124.02022634512832,248.12037878488815,9.392675569847476,2.4177389958864524,85.50180055974981,144.5858454725561,21.382002987846136,0.695926705459948,0.1065989847715736,0.1954933762535595,0.0019809335149189055,0.004580908753249969,0.0,0.010771325987371549,0.1187322025504519,0.047418596013371304,0.02575213569394577,0.12294168626965457,0.11761792744831001,0.12640831992076265,0.11922743592918163,0.12442738640584375
v1,0,0.3,4.487127758705165,8077,1.0,t1,spark,poisson,total,0.5,271.8043715479004,3.3891535146758542,always_best_api,0.5218521728364491,0.4681518670004152,0.4566696362120366,0.21768707482993196,0.6097560975609756,135.73915275093168,271.56578397765475,4.246092642242981,13.17283341783505,60.25592186644494,110.05553448280615,16.147398110052933,0.6097560975609756,0.17518880772564072,0.0,0.2150550947133837,0.5914324625479758,0.0,0.16590318187445835,0.0,0.0,0.0,0.0,0.0,0.0,0.7849449052866163,0.0
v1,0,0.3,4.487127758705165,8077,1.0,t1,spark,poisson,total,0.5,271.8043715479004,3.3891535146758542,always_best_self,0.02519499814287483,0.25844807000248693,0.030134257716166662,0.010671525247267048,0.04259007057075647,0.0,0.0,8.801533801304418,29.780632325595775,30.041425532463517,30.08768913011739,523.3901575189357,0.04259007057075647,0.006809458957533738,0.9506004704717098,0.0,0.0,0.0,0.0,0.0,0.04939952952829021,0.0,0.0,0.0,0.0,0.0,0.0
v1,0,0.3,4.487127758705165,8077,1.0,t1,spark,poisson,total,0.5,271.8043715479004,3.3891535146758542,threshold,0.23542156741364367,0.3612402690014278,0.16724104035645382,0.05802047781569966,0.30233997771449794,136.13017525535543,272.3480809849271,9.244618539152523,23.349647727461274,110.51405252617963,229.99017359963372,32.39382672872637,0.30233997771449794,0.18311254178531633,0.4511576080227807,0.06338987247740498,0.025380710659898477,0.0,0.17964590813420825,0.0,0.044571004085675374,0.0,0.0,0.0,0.0,0.4408815154141389,0.0
v1,0,0.3,4.487127758705165,8077,1.0,t1,spark,poisson,total,0.5,271.8043715479004,3.3891535146758542,static_qc,0.666955552804259,0.43543159999899217,0.6665849044099951,0.5297840655249442,0.8213445586232512,131.6407947244188,263.3664266961688,10.426595295135462,4.017065194967017,75.07094778138062,230.2786750540285,16.52863898661107,0.8213445586232512,0.1254178531633032,0.027485452519499815,0.02575213569394577,0.0,0.0,0.08319920762659404,0.0,0.02327596880029714,0.011142751021418843,0.0008666584127770212,0.3722916924600718,0.07663736535842516,0.46168131732078743,0.0008666584127770212
v1,0,0.3,4.487127758705165,8077,1.0,t1,spark,poisson,total,0.5,271.8043715479004,3.3891535146758542,static_qc_fallback,0.6720316949362387,0.44601337899803184,0.6762605709848987,0.5331347728965004,0.8279064008914201,131.53894019986546,263.1626520058791,10.476542667990632,3.9638698380977644,74.81359157646409,214.35672751316892,16.486604059895935,0.8279064008914201,0.12665593661012753,0.03355206140893896,0.011885601089513434,0.0,0.0,0.05187569642193884,0.0,0.024390243902439025,0.011142751021418843,0.0018571251702364738,0.3736535842515786,0.07861829887334407,0.46378605918038873,0.0011142751021418844
v1,0,0.3,4.487127758705165,8077,1.0,t1,spark,poisson,total,0.5,271.8043715479004,3.3891535146758542,shortest_queue,0.6205893277206884,0.39110572599747684,0.6158384822360311,0.5539836187639613,0.9571623127398786,5.9205783330307895,11.84497224290791,9.503516164214462,2.660673528522352,24.111883841209494,28.993302515023768,21.115058520607136,0.9571623127398786,0.0004952333787297264,0.04234245388139161,0.0,0.0,0.0,0.0,0.12405596137179646,0.047542404358053736,0.027609260864182247,0.0,0.758449919524576,0.0,0.0,0.0
v1,0,0.3,4.487127758705165,8077,1.0,t1,spark,poisson,total,0.5,271.8043715479004,3.3891535146758542,capacity_greedy,0.7031075894515291,0.5536951490030333,0.7124348355022576,0.5666418466120625,0.9465147950971895,26.244560622995778,52.506034819670084,10.14850608794349,2.2231189482163245,13.94473488106712,29.945595580658352,13.825336952930911,0.9465147950971895,0.009409434195864801,0.04407577070694565,0.0,0.0008666584127770212,0.0,0.0,0.0,0.03008542775783088,0.011514176055466138,0.10610375139284388,0.5183855391853411,0.10870372663117495,0.1802649498576204,0.0008666584127770212
v1,0,0.3,4.487127758705165,8077,1.0,t1,spark,poisson,total,0.5,271.8043715479004,3.3891535146758542,batch_lp@2s,0.7019933143493872,3.094248420002259,0.7110434226931527,0.5658972449739389,0.9444100532375882,26.125003382036084,52.26684328787233,10.023417524438722,3.286186738839973,15.349900472004745,30.869480747809458,15.013418172137563,0.9444100532375882,0.010771325987371549,0.04432338739631051,0.0004952333787297264,0.0023523585489662003,0.0,0.0,0.0,0.03020923610251331,0.011885601089513434,0.10164665098427635,0.5222235978704964,0.10907515166522223,0.17927448310016095,0.0008666584127770212
v1,0,0.3,4.487127758705165,8077,1.0,t1,spark,poisson,total,0.5,271.8043715479004,3.3891535146758542,A:knn_capacity_greedy,0.6633032066361273,2.832652411001618,0.637599307004424,0.5759493670886076,0.9082580165903182,46.84443392464891,93.71905722057346,9.991017967692777,1.7856211156656627,27.73788261149068,68.08919262548788,13.529283613094563,0.9082580165903182,0.037513928438776774,0.052618546490033426,0.0016095084808716107,0.007304692336263464,0.0,0.0,0.0001238083446824316,0.03280921134084437,0.01943791011514176,0.24538813916057942,0.33713012257026126,0.12269406958028971,0.18323635012999875,0.004952333787297264
v1,0,0.7,10.469964770312052,18846,1.0,t1,spark,poisson,total,0.1,126.84204005568688,5.820419271287392,oracle_unconstrained,0.9269340974212035,,,,,,,,,,,,,,,,,,,,,,,,,,
v1,0,0.7,10.469964770312052,18846,1.0,t1,spark,poisson,total,0.1,126.84204005568688,5.820419271287392,predictor_unconstrained,0.8092964024196115,,,,,,,,,,,,,,,,,,,,,,,,,,
v1,0,0.7,10.469964770312052,18846,1.0,t1,spark,poisson,total,0.1,126.84204005568688,5.820419271287392,fluid_ceiling,0.8788664444617871,,,,,,,,,,,,,,,,,,,,,,,,,,
v1,0,0.7,10.469964770312052,18846,1.0,t1,spark,poisson,total,0.1,126.84204005568688,5.820419271287392,random,0.11917648307333122,1.2708617979988048,0.11173072124174328,0.0748502994011976,0.20078531253316353,63.58169168065433,127.08130897321836,9.40281000881433,11.306262859425033,64.26540712188438,131.77137007641616,38.36835140524704,0.20078531253316353,0.030351268173617742,0.584951713891542,0.18391170540167676,0.010240899925713679,0.0,0.959513955215961,0.056616788708479256,0.02074710813965828,0.010612331529236973,0.0333227210018041,0.030510453146556298,0.020534861509073542,0.031041069723018146,0.027751246948954686
v1,0,0.7,10.469964770312052,18846,1.0,t1,spark,poisson,total,0.1,126.84204005568688,5.820419271287392,always_best_api,0.10036612543775868,1.5262402890002704,0.09049785662637883,0.04491017964071856,0.11625809190279104,63.8203034978942,127.55822459577873,4.244334831239616,10.625637015329687,81.7125535373859,248.2313107308511,12.941327643192153,0.11625809190279104,0.026106335561922954,0.0,0.857635572535286,0.18783826806749443,0.0,2.4527220630372493,0.0,0.0,0.0,0.0,0.0,0.0,0.142364427464714,0.0
v1,0,0.7,10.469964770312052,18846,1.0,t1,spark,poisson,total,0.1,126.84204005568688,5.820419271287392,always_best_self,0.008330680250451025,0.9760421130013128,0.009578861835802513,0.002935862691960253,0.014698079167993209,0.0,0.0,9.50525982250789,29.921356793806098,30.07451238198579,30.1563425362759,548.7576189035697,0.014698079167993209,0.0056775973681417805,0.79221054865754,0.18741377480632496,0.0,0.870264247055078,0.0,0.0,0.02037567653613499,0.0,0.0,0.0,0.0,0.0,0.0
v1,0,0.7,10.469964770312052,18846,1.0,t1,spark,poisson,total,0.1,126.84204005568688,5.820419271287392,threshold,0.04024726732463122,0.9121460110000044,0.030286227573592308,0.005988023952095809,0.06441685238246843,61.13652109121904,122.19412414131811,8.806974569138738,29.83895082526108,71.4605523235446,93.01590998240431,42.50823385423564,0.06441685238246843,0.050196328133290884,0.7835084368035657,0.10187838268067495,0.0,0.4990979518200149,0.005306165764618486,0.0,0.02058792316671973,0.0,0.0,0.0,0.0,0.09402525734903959,0.0
v1,0,0.7,10.469964770312052,18846,1.0,t1,spark,poisson,total,0.1,126.84204005568688,5.820419271287392,static_qc,0.5900191021967526,1.0474655469988647,0.6203261631693393,0.3209896249002394,0.7700838374190809,63.47383025138515,126.86572534754046,9.972063524654068,2.4258594707554266,15.362752013778222,64.87298385646116,13.990811496618676,0.7700838374190809,0.015334819059747427,0.1686299479995755,0.04595139552159609,0.013265414411546217,0.0,0.13647458346598748,0.0,0.013636846015069511,0.005146980791679932,0.06218826276132866,0.4971877321447522,0.059375994906080864,0.14788283985991724,0.0
v1,0,0.7,10.469964770312052,18846,1.0,t1,spark,poisson,total,0.1,126.84204005568688,5.820419271287392,static_qc_fallback,0.5803088188475009,1.0710441150004044,0.6105266825130796,0.3142857142857143,0.7562347447734267,63.461897818802754,126.84187588534903,9.98868011191915,2.439860191311027,16.46303552265039,65.0432978520663,14.027134920583023,0.7562347447734267,0.015971558951501645,0.18635254165340126,0.04144115462167038,0.0038735010081714953,0.0,0.15562984187626022,0.0,0.013477661042130957,0.0052531041069723014,0.06181683115780537,0.485938660723761,0.059322933248434684,0.14629099013053168,0.00010612331529236973
v1,0,0.7,10.469964770312052,18846,1.0,t1,spark,poisson,total,0.1,126.84204005568688,5.820419271287392,shortest_queue,0.669054441260745,0.9388496179999493,0.6583517392495529,0.587390263367917,0.9749548975910007,15.362705028865093,30.705579119274052,9.251296117250712,2.4774992855245728,15.463671406507256,27.658001784569194,17.43611834698106,0.9749548975910007,0.00026530828823092433,0.016608298843255865,0.008171495277512469,0.04170646290990131,0.0,0.0,0.052849411015600124,0.021861402950228166,0.012098057943330149,0.0,0.8884113339700732,0.0,0.0,0.0
v1,0,0.7,10.469964770312052,18846,1.0,t1,spark,poisson,total,0.1,126.84204005568688,5.820419271287392,capacity_greedy,0.7106282500265308,1.3076276460014924,0.7084830856711412,0.5937749401436552,0.9669425872864268,46.83945400465382,93.61844532855318,9.985332031014032,2.24362003750025,10.159610797988814,25.034729941991227,14.163638924235514,0.9669425872864268,0.004828610845802823,0.026000212246630586,0.002228589621139764,0.010293961583359865,0.0,0.0,0.0,0.013424599384484771,0.0052531041069723014,0.1363153984930489,0.6192295447309774,0.05789026849198769,0.13965828292475857,0.0
v1,0,0.7,10.469964770312052,18846,1.0,t1,spark,poisson,total,0.1,126.84204005568688,5.820419271287392,batch_lp@2s,0.7111058049453465,4.444494856001256,0.7093257242124064,0.5932960893854748,0.9673670805475963,46.05601460899197,92.05257783949756,9.820444245835988,3.2751805605208233,10.976074963797778,25.608810311227014,15.19960970089528,0.9673670805475963,0.004616364215218083,0.02562878064310729,0.002387774594078319,0.012840921150376737,0.0,0.0,0.0,0.013689907672715695,0.0052531041069723014,0.13557253528600233,0.6231030457391489,0.057571898546110584,0.1367929534118646,0.0
v1,0,0.7,10.469964770312052,18846,1.0,t1,spark,poisson,total,0.1,126.84204005568688,5.820419271287392,A:knn_capacity_greedy,0.6546747320386289,3.6811118879995774,0.6320519560837404,0.5598802395209581,0.9213095617107079,63.43323265803156,126.784582566212,9.827027977717641,1.710076217315759,21.304581907961882,44.1189198717083,13.684963889190158,0.9213095617107079,0.018253210230287593,0.056669850366125436,0.0037673776928791257,0.017934840284410485,0.0,0.0,0.030881884750079594,0.014910325798577947,0.008330680250451025,0.28600233471293646,0.4335137429693304,0.0672821818953624,0.09577629205136369,0.0028653295128939827
v1,0,0.7,10.469964770312052,18846,1.0,t1,spark,poisson,total,0.5,634.2102002784343,3.3891535146758542,oracle_unconstrained,0.9269340974212035,,,,,,,,,,,,,,,,,,,,,,,,,,
v1,0,0.7,10.469964770312052,18846,1.0,t1,spark,poisson,total,0.5,634.2102002784343,3.3891535146758542,predictor_unconstrained,0.8092964024196115,,,,,,,,,,,,,,,,,,,,,,,,,,
v1,0,0.7,10.469964770312052,18846,1.0,t1,spark,poisson,total,0.5,634.2102002784343,3.3891535146758542,fluid_ceiling,0.8788664444617871,,,,,,,,,,,,,,,,,,,,,,,,,,
v1,0,0.7,10.469964770312052,18846,1.0,t1,spark,poisson,total,0.5,634.2102002784343,3.3891535146758542,random,0.3965562984187626,0.9576404030012782,0.35981848610309336,0.20359281437125748,0.5711556829035339,293.3341128432512,586.289575525092,9.635709286818747,3.872323053973332,91.69264136310593,153.16983095298374,18.727578500433196,0.5711556829035339,0.11270296084049666,0.3156107396795076,0.0005306165764618487,0.05921680993314231,0.0,0.0,0.05173511620503025,0.021543033004351057,0.011514379709222117,0.13578478191658708,0.13021330786373767,0.07338427252467367,0.1290459513955216,0.13063780112490714
v1,0,0.7,10.469964770312052,18846,1.0,t1,spark,poisson,total,0.5,634.2102002784343,3.3891535146758542,always_best_api,0.48495702005730656,1.3438693070020236,0.4336274502184477,0.2112691960252936,0.56314337259896,126.95064771483885,253.73742126317717,4.126686793928429,8.488792932861486,29.50462824262009,45.144715708630756,10.268786202522051,0.56314337259896,0.027857370264247054,0.0,0.40899925713679297,1.4008808235169268,0.0,0.0,0.0,0.0,0.0,0.0,0.0,0.0,0.591000742863207,0.0
v1,0,0.7,10.469964770312052,18846,1.0,t1,spark,poisson,total,0.5,634.2102002784343,3.3891535146758542,always_best_self,0.008330680250451025,0.9907543820008868,0.009578861835802513,0.002935862691960253,0.014698079167993209,0.0,0.0,9.50525982250789,29.921356793806098,30.07451238198579,30.1563425362759,548.7576189035697,0.014698079167993209,0.0056775973681417805,0.79221054865754,0.18741377480632496,0.0,0.870264247055078,0.0,0.0,0.02037567653613499,0.0,0.0,0.0,0.0,0.0,0.0
v1,0,0.7,10.469964770312052,18846,1.0,t1,spark,poisson,total,0.5,634.2102002784343,3.3891535146758542,threshold,0.235646821606707,1.0119587879999017,0.15346982846920798,0.01652892561983471,0.30308818847500796,136.2864499076968,272.3969745343024,9.060042192876978,15.422697093613735,51.60097273900038,75.276713767239,19.801981569759732,0.30308818847500796,0.07757614347872227,0.48238352966146664,0.13695213838480313,0.49214687466836465,0.0,0.0,0.0,0.01883688846439563,0.0,0.0,0.0,0.0,0.3618274434893346,0.0
v1,0,0.7,10.469964770312052,18846,1.0,t1,spark,poisson,total,0.5,634.2102002784343,3.3891535146758542,static_qc,0.6544890162368673,1.1789316329995927,0.6503657569353369,0.49535080304311074,0.7990555024938979,145.2826107460387,290.37768352223173,10.25447004426586,3.7276057600035983,38.04030725827462,74.26245395588671,14.039501060424868,0.7990555024938979,0.06080865966252786,0.04404117584633344,0.09609466199724079,0.3426191234214157,0.0,0.0,0.0,0.00971028334925183,0.004085747638756234,0.0012734797835084368,0.37817043404435957,0.059269871590788496,0.40677066751565316,0.0005836782341080335
v1,0,0.7,10.469964770312052,18846,1.0,t1,spark,poisson,total,0.5,634.2102002784343,3.3891535146758542,static_qc_fallback,0.6822667940146451,1.0950851349989534,0.6877701653019361,0.520510774142059,0.8637907248222434,147.40714005222253,294.6239996872348,10.296625211997464,3.4841992207991552,36.41570187518805,73.58563492749231,14.352562226761506,0.8637907248222434,0.061127029608404965,0.07508224556935159,0.0,0.11328663907460469,0.0,0.0,0.0,0.009073543457497613,0.004138809296402419,0.02016342990555025,0.4243340761965404,0.06038416640135838,0.4060808659662528,0.0007428632070465882
v1,0,0.7,10.469964770312052,18846,1.0,t1,spark,poisson,total,0.5,634.2102002784343,3.3891535146758542,shortest_queue,0.669054441260745,0.930473862998042,0.6583517392495529,0.587390263367917,0.9749548975910007,15.362705028865093,30.705579119274052,9.251296117250712,2.4774992855245728,15.463671406507256,27.658001784569194,17.43611834698106,0.9749548975910007,0.00026530828823092433,0.016608298843255865,0.008171495277512469,0.04170646290990131,0.0,0.0,0.052849411015600124,0.021861402950228166,0.012098057943330149,0.0,0.8884113339700732,0.0,0.0,0.0
v1,0,0.7,10.469964770312052,18846,1.0,t1,spark,poisson,total,0.5,634.2102002784343,3.3891535146758542,capacity_greedy,0.7092751777565531,1.3231007750000572,0.7061820473440487,0.5992019154030327,0.9617425448371008,59.29676252368881,118.51698185748718,9.758922698442246,2.328938888904304,12.473225690218985,29.668194905045688,13.994965991356821,0.9617425448371008,0.009126605115143797,0.023824684283137006,0.005306165764618486,0.02387774594078319,0.0,0.0,0.0,0.013265414411546217,0.005146980791679932,0.13801337153772683,0.5614453995542821,0.059269871590788496,0.1931444338321129,0.0005836782341080335
v1,0,0.7,10.469964770312052,18846,1.0,t1,spark,poisson,total,0.5,634.2102002784343,3.3891535146758542,batch_lp@2s,0.709222116098907,4.544815723998909,0.7082553979698188,0.5987230646448524,0.9623262230712087,58.75601487102176,117.4361845759321,9.671434484547456,3.390420222439616,13.19207100023687,29.767316485608607,15.179248222428232,0.9623262230712087,0.009338851745728537,0.024620609147829778,0.0037143160352329408,0.023187944391382786,0.0,0.0,0.0,0.01395521596094662,0.004828610845802823,0.13477661042130956,0.5683964767059323,0.05948211822137323,0.1896423644274647,0.0005836782341080335
v1,0,0.7,10.469964770312052,18846,1.0,t1,spark,poisson,total,0.5,634.2102002784343,3.3891535146758542,A:knn_capacity_greedy,0.6786055396370583,3.683512654999504,0.6623433575916776,0.6071827613727055,0.9287381937811737,111.17416426175078,222.20481942108472,9.983767474395826,1.9307987792940366,28.023624124271507,69.48874027970007,13.570898485462749,0.9287381937811737,0.042237079486363155,0.024461424174891222,0.004563302557571898,0.02255120449962857,0.0,0.0,0.0009551098376313276,0.015387880717393611,0.008277618592804839,0.27862676430011674,0.3893664438077046,0.07025363472354876,0.2016873607131487,0.0064204605751883685
v1,0,1.0,14.957092529017217,26923,1.0,t1,spark,poisson,total,0.1,181.20291436526696,5.820419271287392,oracle_unconstrained,0.9303569438769825,,,,,,,,,,,,,,,,,,,,,,,,,,
v1,0,1.0,14.957092529017217,26923,1.0,t1,spark,poisson,total,0.1,181.20291436526696,5.820419271287392,predictor_unconstrained,0.813282323663782,,,,,,,,,,,,,,,,,,,,,,,,,,
v1,0,1.0,14.957092529017217,26923,1.0,t1,spark,poisson,total,0.1,181.20291436526696,5.820419271287392,fluid_ceiling,0.8809915373409174,,,,,,,,,,,,,,,,,,,,,,,,,,
v1,0,1.0,14.957092529017217,26923,1.0,t1,spark,poisson,total,0.1,181.20291436526696,5.820419271287392,random,0.09919028340080972,1.8451402700011386,0.08612503848248422,0.055970149253731345,0.15340043828696653,90.93705826848418,181.52252481096951,9.539469038997474,8.394040599479183,85.58808369368865,147.48758576336408,29.42146470515786,0.15340043828696653,0.030271515061471604,0.6254503584295955,0.19087768822196635,0.015191471975634216,0.0,0.9791627976079932,0.031422946922705496,0.01493147123277495,0.007614307469449913,0.0298629424655499,0.028637224677784793,0.015228614938899826,0.0270772202206292,0.02889722542064406
v1,0,1.0,14.957092529017217,26923,1.0,t1,spark,poisson,total,0.1,181.20291436526696,5.820419271287392,always_best_api,0.15674330498087138,2.2241839620000974,0.13679684107731752,0.06343283582089553,0.18047765850759573,92.02818536298582,183.70056035395825,4.746145540106848,8.633021915839578,55.68601752989519,151.7853495922219,10.459846870244519,0.18047765850759573,0.023028637224677784,0.0,0.7964937042677265,0.47026705790587975,0.0,2.0169000482858523,0.0,0.0,0.0,0.0,0.0,0.0,0.20350629573227352,0.0
v1,0,1.0,14.957092529017217,26923,1.0,t1,spark,poisson,total,0.1,181.20291436526696,5.820419271287392,always_best_self,0.006202874865356758,1.8107938170032867,0.00708124307205913,0.0028226438764309236,0.010808602310292315,0.0,0.0,9.271992682283882,29.805877026534773,30.058576905775602,30.113569490554635,650.8055500993669,0.010808602310292315,0.0030085800245143557,0.5624558927311221,0.4237269249340712,0.0,1.609627456078446,0.0,0.0,0.013817182334806671,0.0,0.0,0.0,0.0,0.0,0.0
v1,0,1.0,14.957092529017217,26923,1.0,t1,spark,poisson,total,0.1,181.20291436526696,5.820419271287392,threshold,0.03523010065743045,1.773586177998368,0.026344063886676292,0.003674219228413962,0.05753445009842885,85.62500732811168,170.91896101661396,9.281247350991709,29.80353493650864,72.23756019578092,92.69054063225234,41.699094968364705,0.05753445009842885,0.048508710024885784,0.5609701742004977,0.3329866656761876,0.0,1.3317609478884225,0.00111428889796828,0.0,0.01444861271032203,0.0,0.0,0.0,0.0,0.09159454741299261,0.0
v1,0,1.0,14.957092529017217,26923,1.0,t1,spark,poisson,total,0.1,181.20291436526696,5.820419271287392,static_qc,0.6099431712662036,1.4390798229978827,0.6306440038114748,0.3232460614303525,0.7926679790513688,88.02523946415567,175.7101452242752,10.35439595996085,2.4685808955096036,13.98664674581838,60.14219276307948,14.23293890409468,0.7926679790513688,0.014634327526650077,0.16974334212383463,0.022954351298146568,0.05994874271069346,0.0,0.01834862385321101,0.0,0.009508598595995989,0.004011440032685808,0.06310589458827025,0.5277272220777773,0.04720870631058946,0.15574044497269993,0.0
v1,0,1.0,14.957092529017217,26923,1.0,t1,spark,poisson,total,0.1,181.20291436526696,5.820419271287392,static_qc_fallback,0.5990417115477473,1.5660840140008077,0.6231167991153139,0.3117987079224753,0.7797422278349366,89.20421092140532,178.06352985838308,10.3344543346035,2.495263264185951,15.120715559379871,61.251318008881306,14.219495879328335,0.7797422278349366,0.015674330498087138,0.18248337852393864,0.02210006314303755,0.018162909036882963,0.0,0.08906882591093117,0.0,0.009545741559261597,0.003974297069420199,0.061954462727036363,0.517587193106266,0.04646584704527727,0.15585187386249674,3.714296326560933e-05
v1,0,1.0,14.957092529017217,26923,1.0,t1,spark,poisson,total,0.1,181.20291436526696,5.820419271287392,shortest_queue,0.5221186346246703,2.081175250998058,0.4935780961133683,0.44216417910447764,0.7415964045611559,15.227545704397926,30.396216851174593,9.476702943827918,2.522393953057758,12.39424623996747,27.24639128892995,16.65644425575124,0.7415964045611559,0.00014857185306243732,0.013668610481744234,0.24458641310403745,0.9970657059020168,0.0,0.0,0.035285815102328866,0.012591464547041563,0.008802882293949411,0.0,0.6850648144708985,0.0,0.0,0.0
v1,0,1.0,14.957092529017217,26923,1.0,t1,spark,poisson,total,0.1,181.20291436526696,5.820419271287392,capacity_greedy,0.7127363221037775,2.023430998000549,0.6876469840057654,0.6104499603309532,0.9669799056568733,66.14494261288382,132.03414774115828,9.798649727654036,2.2213749962559177,10.5677981421114,26.080026001870507,14.172060249942547,0.9669799056568733,0.005311443746982134,0.017085763102180292,0.010622887493964268,0.05326300932288378,0.0,0.0,0.0,0.009731456375589644,0.004271440775545073,0.16803476581361662,0.6005274300783716,0.04423726924934071,0.1452289863685325,0.0002600007428592653
v1,0,1.0,14.957092529017217,26923,1.0,t1,spark,poisson,total,0.1,181.20291436526696,5.820419271287392,batch_lp@2s,0.7177506221446347,5.732117231000302,0.7001485587154792,0.6169103479542106,0.970434201240575,70.28661606216156,140.30148160669637,9.911530415948388,3.213852415491687,11.33663190960064,26.619243580920465,14.825443005294687,0.970434201240575,0.006722876351075289,0.017642907551164433,0.0052000148571853064,0.04416298332280949,0.0,0.0,0.0,0.009657170449058426,0.00445715559187312,0.20476915648330424,0.5592987408535453,0.04449726999219998,0.15436615533187237,0.00011142888979682799
v1,0,1.0,14.957092529017217,26923,1.0,t1,spark,poisson,total,0.1,181.20291436526696,5.820419271287392,A:knn_capacity_greedy,0.6638376109646028,4.483270807999361,0.6458143105455804,0.5603184323331292,0.9280169371912491,90.67827520597166,181.0059592239577,9.499114993227845,1.732819948344968,18.583103160381583,45.43969918779086,13.778035353040352,0.9280169371912491,0.01775433644096126,0.05073728782082235,0.003491438546967277,0.018571481632804664,0.0,0.0,0.022062920179771944,0.01054860156743305,0.005311443746982134,0.2964008468595625,0.46168703339152395,0.05099728856368161,0.09623741782119377,0.0025257215020614344
v1,0,1.0,14.957092529017217,26923,1.0,t1,spark,poisson,total,0.5,906.0145718263348,3.3891535146758542,oracle_unconstrained,0.9303569438769825,,,,,,,,,,,,,,,,,,,,,,,,,,
v1,0,1.0,14.957092529017217,26923,1.0,t1,spark,poisson,total,0.5,906.0145718263348,3.3891535146758542,predictor_unconstrained,0.813282323663782,,,,,,,,,,,,,,,,,,,,,,,,,,
v1,0,1.0,14.957092529017217,26923,1.0,t1,spark,poisson,total,0.5,906.0145718263348,3.3891535146758542,fluid_ceiling,0.8809915373409176,,,,,,,,,,,,,,,,,,,,,,,,,,
v1,0,1.0,14.957092529017217,26923,1.0,t1,spark,poisson,total,0.5,906.0145718263348,3.3891535146758542,random,0.3797867993908554,1.6014845950012386,0.3423683527933811,0.22014925373134328,0.5318872339635257,440.03311052191384,878.3649124269571,9.950277909582603,3.8573188717775793,95.57119818518898,168.5712804499808,18.80440273056888,0.5318872339635257,0.11837462392749694,0.3485124243212123,0.001225717787765108,0.07662593321695205,0.0,0.0011885748244994986,0.034060097314563755,0.01597147420421201,0.007317163763325038,0.13620324629498942,0.13297180849088142,0.056420161200460575,0.13430895516844335,0.133008951454147
v1,0,1.0,14.957092529017217,26923,1.0,t1,spark,poisson,total,0.5,906.0145718263348,3.3891535146758542,always_best_api,0.4277940794116555,2.130833254999743,0.37165232993320413,0.15453975223459307,0.49303569438769823,123.3508117744932,246.22470989419114,4.1006121092116485,7.386658363993206,21.845221077607825,32.71740643066098,8.901552089159596,0.49303569438769823,0.00720573487352821,0.0,0.49975857073877356,1.6744790699402,0.0,0.0,0.0,0.0,0.0,0.0,0.0,0.0,0.5002414292612265,0.0
v1,0,1.0,14.957092529017217,26923,1.0,t1,spark,poisson,total,0.5,906.0145718263348,3.3891535146758542,always_best_self,0.006202874865356758,1.9023326189999352,0.00708124307205913,0.0028226438764309236,0.010808602310292315,0.0,0.0,9.271992682283882,29.805877026534773,30.058576905775602,30.113569490554635,650.8055500993669,0.010808602310292315,0.0030085800245143557,0.5624558927311221,0.4237269249340712,0.0,1.609627456078446,0.0,0.0,0.013817182334806671,0.0,0.0,0.0,0.0,0.0,0.0
v1,0,1.0,14.957092529017217,26923,1.0,t1,spark,poisson,total,0.5,906.0145718263348,3.3891535146758542,threshold,0.21827062363035324,1.5971949329978088,0.14055445461115793,0.01749271137026239,0.2806150874716785,133.99862703250255,267.4791725539369,9.025093291322298,12.979068197914671,37.85856534755331,57.11824981929261,16.356816972308707,0.2806150874716785,0.03966868476767076,0.49110426029788656,0.18861196746276418,0.6564275897931137,0.0019685770530772943,0.0,0.0,0.011142888979682799,0.0,0.0,0.0,0.0,0.30914088325966643,0.0
v1,0,1.0,14.957092529017217,26923,1.0,t1,spark,poisson,total,0.5,906.0145718263348,3.3891535146758542,static_qc,0.6390261115031757,2.0242004680003447,0.6297184560491923,0.40171463563992654,0.774579355941017,144.63982382568247,288.7204238731237,10.233901699757634,3.57313756888243,26.09335822813973,53.634662808981034,13.284477928827233,0.774579355941017,0.030197229134940384,0.04902871151060432,0.14619470341343832,0.5089328826653791,0.0,0.0,0.0,0.007020020057200163,0.0029342940979831373,0.0015228614938899827,0.38483824239497827,0.04709727742079263,0.36095531701519146,0.0004085725959217026
v1,0,1.0,14.957092529017217,26923,1.0,t1,spark,poisson,total,0.5,906.0145718263348,3.3891535146758542,static_qc_fallback,0.6854362441035545,1.8245690779986035,0.6892977840126541,0.5110506630397824,0.8737139248969282,151.34833759021603,302.1115141442867,10.168281454838633,3.2638222848700025,25.688808874568963,52.28732520686252,13.959270479150291,0.8737139248969282,0.032982951379861083,0.09330312372321063,0.0,0.18055194443412695,0.0,0.0,0.0,0.0069085911674033355,0.0029714370612487465,0.03439438398395424,0.45648701853433865,0.047617278906511164,0.3563495895702559,0.0019685770530772943
v1,0,1.0,14.957092529017217,26923,1.0,t1,spark,poisson,total,0.5,906.0145718263348,3.3891535146758542,shortest_queue,0.5221186346246703,2.0326359999999113,0.4935780961133683,0.44216417910447764,0.7415964045611559,15.227545704397926,30.396216851174593,9.476702943827918,2.522393953057758,12.39424623996747,27.24639128892995,16.65644425575124,0.7415964045611559,0.00014857185306243732,0.013668610481744234,0.24458641310403745,0.9970657059020168,0.0,0.0,0.035285815102328866,0.012591464547041563,0.008802882293949411,0.0,0.6850648144708985,0.0,0.0,0.0
v1,0,1.0,14.957092529017217,26923,1.0,t1,spark,poisson,total,0.5,906.0145718263348,3.3891535146758542,capacity_greedy,0.7148534710099171,2.015699894000136,0.693195331639488,0.6167970078204692,0.9649370426772648,83.16389076092855,166.00624334534072,10.302079297188225,2.352943125167144,12.80380078451161,30.163132610931136,14.128218537564692,0.9649370426772648,0.01006574304498013,0.016565761616461762,0.008431452661293318,0.04732013520038629,0.0,0.0,0.0,0.009545741559261597,0.0035657244734984958,0.16097760279315085,0.5585187386249675,0.04512870036771534,0.1966348475281358,0.0006314303755153586
v1,0,1.0,14.957092529017217,26923,1.0,t1,spark,poisson,total,0.5,906.0145718263348,3.3891535146758542,batch_lp@2s,0.7154477584221669,6.005462088000058,0.6994025935285934,0.614530205145642,0.965865616758905,85.74124308746286,171.15098313072778,9.982713639079796,3.37455756455131,13.925243643876023,30.876129142784634,15.104527718775387,0.965865616758905,0.010771459347026707,0.018014337183820527,0.005348586710247743,0.04167440478401367,0.0,0.0,0.0,0.00991717119191769,0.0035657244734984958,0.18133194666270475,0.5357129591798834,0.044645841845262414,0.20068343052408721,0.0007800022285777959
v1,0,1.0,14.957092529017217,26923,1.0,t1,spark,poisson,total,0.5,906.0145718263348,3.3891535146758542,A:knn_capacity_greedy,0.6840805259443599,4.461949573000311,0.6650914493780581,0.5958358848744642,0.9376741076403076,152.59865040419209,304.6073056633653,9.773702047134138,1.9710865197098428,26.263136689965677,68.70538773995122,13.903832772046371,0.9376741076403076,0.039222969208483456,0.018980054228726367,0.0041228689224826354,0.02213720610630316,0.0,0.0,0.0006314303755153586,0.010845745273557925,0.005385729673513353,0.28834082383092524,0.4133268952197006,0.05430301229432084,0.19756342160977602,0.006500018571481633
v1,0,1.3,19.444220287722384,35000,1.0,t1,spark,poisson,total,0.1,235.56378867484705,5.820419271287392,oracle_unconstrained,0.9253142857142858,,,,,,,,,,,,,,,,,,,,,,,,,,
v1,0,1.3,19.444220287722384,35000,1.0,t1,spark,poisson,total,0.1,235.56378867484705,5.820419271287392,predictor_unconstrained,0.8089428571428572,,,,,,,,,,,,,,,,,,,,,,,,,,
v1,0,1.3,19.444220287722384,35000,1.0,t1,spark,poisson,total,0.1,235.56378867484705,5.820419271287392,fluid_ceiling,0.8766352234851839,,,,,,,,,,,,,,,,,,,,,,,,,,
v1,0,1.3,19.444220287722384,35000,1.0,t1,spark,poisson,total,0.1,235.56378867484705,5.820419271287392,random,0.08655714285714286,2.5056698900007177,0.08153594369304336,0.06696428571428571,0.13714285714285715,118.17885044793184,236.02035629622517,9.457267553801834,10.242372890199022,86.55281614187014,165.67903422764365,30.840862342039884,0.13714285714285715,0.03037142857142857,0.6375142857142857,0.19497142857142857,0.015342857142857142,0.0,1.0076571428571428,0.031971428571428574,0.010571428571428572,0.005857142857142857,0.025742857142857144,0.027085714285714286,0.012142857142857143,0.027571428571428573,0.026571428571428572
v1,0,1.3,19.444220287722384,35000,1.0,t1,spark,poisson,total,0.1,235.56378867484705,5.820419271287392,always_best_api,0.2448857142857143,2.9360411890011164,0.21300195556213966,0.07697974217311233,0.28045714285714285,119.59895426849835,238.8565102140991,5.089483229236494,7.116572299302106,30.10910423844864,95.30819369504678,8.56962214364453,0.28045714285714285,0.014885714285714285,0.0,0.7046571428571429,1.0929142857142857,0.0,1.1500285714285714,0.0,0.0,0.0,0.0,0.0,0.0,0.29534285714285713,0.0
v1,0,1.3,19.444220287722384,35000,1.0,t1,spark,poisson,total,0.1,235.56378867484705,5.820419271287392,always_best_self,0.005228571428571429,2.6483038420010416,0.005523485171318738,0.0029465930018416206,0.00842857142857143,0.0,0.0,8.951241231272801,29.653459386845157,30.057258473893256,30.109945566337185,585.1608762457807,0.00842857142857143,0.002057142857142857,0.43342857142857144,0.5560857142857143,0.0,1.943342857142857,0.0,0.0,0.010485714285714286,0.0,0.0,0.0,0.0,0.0,0.0
v1,0,1.3,19.444220287722384,35000,1.0,t1,spark,poisson,total,0.1,235.56378867484705,5.820419271287392,threshold,0.0333,2.658584651999263,0.024947651426017587,0.005433398420918584,0.05331428571428572,112.63792104530148,224.95431421793273,9.362456950834394,29.788641730205427,76.77190644532259,93.0509794801882,39.894301103025214,0.05331428571428572,0.0478,0.4339142857142857,0.4649714285714286,0.0,1.6670857142857143,0.0,0.0,0.009742857142857143,0.0,0.0,0.0,0.0,0.09137142857142858,0.0
v1,0,1.3,19.444220287722384,35000,1.0,t1,spark,poisson,total,0.1,235.56378867484705,5.820419271287392,static_qc,0.5761714285714286,2.2007911130021967,0.5684097384701644,0.3014687155106546,0.7500571428571429,111.07418723157389,221.8313103092845,10.103284394929213,2.5092118045339475,14.537203978807222,71.51500254689205,13.649741846261634,0.7500571428571429,0.01577142857142857,0.1806,0.05357142857142857,0.2035142857142857,0.0,0.0,0.0,0.0072,0.0030571428571428572,0.06474285714285714,0.49825714285714284,0.039342857142857145,0.15322857142857144,0.0
v1,0,1.3,19.444220287722384,35000,1.0,t1,spark,poisson,total,0.1,235.56378867484705,5.820419271287392,static_qc_fallback,0.5580142857142857,2.1713206759995956,0.5648151391883135,0.28321589269038117,0.7306285714285714,117.9884059283504,235.64001088589245,10.128173170102837,2.4754608973132974,16.9287083275171,72.61984357645065,13.877100317647788,0.7306285714285714,0.0184,0.2122,0.038771428571428575,0.06254285714285714,0.0,0.1566,0.0,0.007285714285714286,0.0030571428571428572,0.07342857142857143,0.47468571428571427,0.03862857142857143,0.15182857142857142,0.00011428571428571428
v1,0,1.3,19.444220287722384,35000,1.0,t1,spark,poisson,total,0.1,235.56378867484705,5.820419271287392,shortest_queue,0.40008571428571427,2.989070879000792,0.374591743514459,0.2976190476190476,0.5739142857142857,15.19084488266708,30.338327103862245,9.280972160058731,2.5529898363663506,13.302769089680766,27.42565309565937,16.786742776206665,0.5739142857142857,0.00017142857142857143,0.011428571428571429,0.4144857142857143,1.5160857142857143,0.0,0.0,0.0286,0.0102,0.0072,0.0,0.5280857142857143,0.0,0.0,0.0
v1,0,1.3,19.444220287722384,35000,1.0,t1,spark,poisson,total,0.1,235.56378867484705,5.820419271287392,capacity_greedy,0.6977571428571429,2.7552933700026188,0.6515882182759428,0.5089285714285714,0.9634285714285714,86.2292542999221,172.21236495266305,10.049169925877834,2.049592341631751,10.531182021741516,26.613705821270116,13.533365761404184,0.9634285714285714,0.006714285714285714,0.013628571428571429,0.01622857142857143,0.08994285714285714,0.0,0.0,0.0,0.007171428571428572,0.0033142857142857145,0.24245714285714284,0.5314857142857143,0.03711428571428572,0.14797142857142856,0.0006285714285714285
v1,0,1.3,19.444220287722384,35000,1.0,t1,spark,poisson,total,0.1,235.56378867484705,5.820419271287392,batch_lp@2s,0.7062714285714286,6.904475734001608,0.6694955066635079,0.5729166666666666,0.972,98.03657664107595,195.79330532651892,9.776568097114033,2.9537737079356674,11.852823987539322,29.59918588057584,13.898759014471324,0.972,0.009257142857142858,0.014114285714285715,0.004628571428571429,0.043514285714285714,0.0,0.0,0.0,0.0074285714285714285,0.0031714285714285716,0.32057142857142856,0.44197142857142857,0.036314285714285716,0.1718,0.0
v1,0,1.3,19.444220287722384,35000,1.0,t1,spark,poisson,total,0.1,235.56378867484705,5.820419271287392,A:knn_capacity_greedy,0.6424714285714286,5.101139597998554,0.6153337984338044,0.5500472143531634,0.8974857142857143,117.93308344905927,235.5295238467649,9.469743810282731,1.730017814478515,18.273653150550068,51.57133349834365,13.710180115496655,0.8974857142857143,0.02002857142857143,0.05405714285714286,0.028428571428571428,0.036457142857142855,0.07031428571428572,0.0,0.013714285714285714,0.008114285714285715,0.004371428571428571,0.3082285714285714,0.44034285714285715,0.040914285714285716,0.09925714285714286,0.0025714285714285713
v1,0,1.3,19.444220287722384,35000,1.0,t1,spark,poisson,total,0.5,1177.8189433742352,3.3891535146758542,oracle_unconstrained,0.9253142857142858,,,,,,,,,,,,,,,,,,,,,,,,,,
v1,0,1.3,19.444220287722384,35000,1.0,t1,spark,poisson,total,0.5,1177.8189433742352,3.3891535146758542,predictor_unconstrained,0.8089428571428572,,,,,,,,,,,,,,,,,,,,,,,,,,
v1,0,1.3,19.444220287722384,35000,1.0,t1,spark,poisson,total,0.5,1177.8189433742352,3.3891535146758542,fluid_ceiling,0.8766352234851839,,,,,,,,,,,,,,,,,,,,,,,,,,
v1,0,1.3,19.444220287722384,35000,1.0,t1,spark,poisson,total,0.5,1177.8189433742352,3.3891535146758542,random,0.3678142857142857,1.9368372239987366,0.3354994359206935,0.23363095238095238,0.5144,542.4918562367002,1083.4351553723993,9.76975194346816,3.746585366221325,93.89082313627472,152.4562587750843,18.411470528346797,0.5144,0.11371428571428571,0.37005714285714286,0.0018285714285714285,0.10477142857142857,0.0,0.0,0.0286,0.0114,0.0057714285714285714,0.13945714285714286,0.1376,0.04588571428571429,0.12702857142857144,0.13237142857142858
v1,0,1.3,19.444220287722384,35000,1.0,t1,spark,poisson,total,0.5,1177.8189433742352,3.3891535146758542,always_best_api,0.3810428571428571,2.807460929001536,0.3272909140995696,0.11375076734192756,0.43497142857142856,120.50620300445007,240.66841792090972,4.138602117654199,6.7298212376576885,18.11724222889865,25.685673114703977,8.115834692128601,0.43497142857142856,0.0026,0.0,0.5624285714285714,1.8599714285714286,0.0,0.0,0.0,0.0,0.0,0.0,0.0,0.0,0.43757142857142856,0.0
v1,0,1.3,19.444220287722384,35000,1.0,t1,spark,poisson,total,0.5,1177.8189433742352,3.3891535146758542,always_best_self,0.005228571428571429,2.6409122059994843,0.005523485171318738,0.0029465930018416206,0.00842857142857143,0.0,0.0,8.951241231272801,29.653459386845157,30.057258473893256,30.109945566337185,585.1608762457807,0.00842857142857143,0.002057142857142857,0.43342857142857144,0.5560857142857143,0.0,1.943342857142857,0.0,0.0,0.010485714285714286,0.0,0.0,0.0,0.0,0.0,0.0
v1,0,1.3,19.444220287722384,35000,1.0,t1,spark,poisson,total,0.5,1177.8189433742352,3.3891535146758542,threshold,0.20145714285714286,2.487737544997799,0.12875645658437784,0.008928571428571428,0.2594,131.9709465180058,263.5651785397351,9.121623038653965,11.481298559141578,32.75477716879118,47.308462975858745,14.467362748964604,0.2594,0.0222,0.4256285714285714,0.29277142857142857,0.7717714285714286,0.3279714285714286,0.0,0.0,0.009914285714285714,0.0,0.0,0.0,0.0,0.2716857142857143,0.0
v1,0,1.3,19.444220287722384,35000,1.0,t1,spark,poisson,total,0.5,1177.8189433742352,3.3891535146758542,static_qc,0.6091857142857143,2.601315624000563,0.6042235799883481,0.3404154863078376,0.7418,144.09254985671942,287.77378378543597,10.119719594772523,3.465359535511624,20.929274627546395,36.56688696029154,12.685603969238157,0.7418,0.014314285714285713,0.053457142857142856,0.19042857142857142,0.6549428571428572,0.0,0.0,0.0,0.005285714285714286,0.0022,0.0012,0.3793714285714286,0.03951428571428572,0.3279714285714286,0.0005714285714285715
v1,0,1.3,19.444220287722384,35000,1.0,t1,spark,poisson,total,0.5,1177.8189433742352,3.3891535146758542,static_qc_fallback,0.6613857142857142,2.395536637999612,0.6413355370373688,0.48781730197809664,0.8522,154.36387301461218,308.2871103423533,10.370021108966299,3.1366463470556027,20.813011322921636,38.9867699183381,13.080645911086322,0.8522,0.018514285714285716,0.12142857142857143,0.007857142857142858,0.2906285714285714,0.0,0.0,0.0,0.005628571428571429,0.0023142857142857145,0.0514,0.4465142857142857,0.04014285714285714,0.32054285714285713,0.004171428571428572
v1,0,1.3,19.444220287722384,35000,1.0,t1,spark,poisson,total,0.5,1177.8189433742352,3.3891535146758542,shortest_queue,0.40008571428571427,3.0109171549993334,0.374591743514459,0.2976190476190476,0.5739142857142857,15.19084488266708,30.338327103862245,9.280972160058731,2.5529898363663506,13.302769089680766,27.42565309565937,16.786742776206665,0.5739142857142857,0.00017142857142857143,0.011428571428571429,0.4144857142857143,1.5160857142857143,0.0,0.0,0.0286,0.0102,0.0072,0.0,0.5280857142857143,0.0,0.0,0.0
v1,0,1.3,19.444220287722384,35000,1.0,t1,spark,poisson,total,0.5,1177.8189433742352,3.3891535146758542,capacity_greedy,0.6983571428571429,2.7229627490014536,0.6552225553067639,0.5148809523809523,0.9600285714285715,107.14095548465411,213.97607432767683,10.26173275360786,2.217797253867559,13.069829044968387,30.68759057464721,13.763458715505749,0.9600285714285715,0.010742857142857143,0.013142857142857144,0.016085714285714287,0.08928571428571429,0.0,0.0,0.0,0.007228571428571429,0.0030571428571428572,0.21642857142857144,0.5064571428571428,0.03637142857142857,0.19985714285714284,0.0013714285714285714
v1,0,1.3,19.444220287722384,35000,1.0,t1,spark,poisson,total,0.5,1177.8189433742352,3.3891535146758542,batch_lp@2s,0.7063142857142857,6.874972908997734,0.6747389316389749,0.5982142857142857,0.9675142857142857,123.60732177340833,246.86180323471353,9.844866023798058,3.1507598538754564,15.109708526574423,34.2863523409539,14.216366365281203,0.9675142857142857,0.013942857142857142,0.013657142857142857,0.004885714285714286,0.04557142857142857,0.0,0.0,0.0,0.007285714285714286,0.003,0.28677142857142857,0.42365714285714284,0.035685714285714286,0.22294285714285714,0.0021142857142857144
v1,0,1.3,19.444220287722384,35000,1.0,t1,spark,poisson,total,0.5,1177.8189433742352,3.3891535146758542,A:knn_capacity_greedy,0.6824428571428571,5.203944973000034,0.6568201118126193,0.5793201133144475,0.9398857142857143,182.5557305037819,364.59035093088687,9.827107474944397,1.9549633047597013,24.80755100556553,65.5550730432369,13.888510092771497,0.9398857142857143,0.03742857142857143,0.013314285714285714,0.009371428571428572,0.0476,0.0,0.0,0.0006,0.007914285714285714,0.004742857142857143,0.30774285714285715,0.4120285714285714,0.043514285714285714,0.19485714285714287,0.005914285714285714
v1,1,0.3,4.487127758705165,8077,1.0,t1,spark,poisson,total,0.1,54.36087430958008,5.427273206834798,oracle_unconstrained,0.9268911724650242,,,,,,,,,,,,,,,,,,,,,,,,,,
v1,1,0.3,4.487127758705165,8077,1.0,t1,spark,poisson,total,0.1,54.36087430958008,5.427273206834798,predictor_unconstrained,0.8082208740869135,,,,,,,,,,,,,,,,,,,,,,,,,,
v1,1,0.3,4.487127758705165,8077,1.0,t1,spark,poisson,total,0.1,54.36087430958008,5.427273206834798,fluid_ceiling,0.8868757069540221,,,,,,,,,,,,,,,,,,,,,,,,,,
v1,1,0.3,4.487127758705165,8077,1.0,t1,spark,poisson,total,0.1,54.36087430958008,5.427273206834798,random,0.1449176674507862,0.6018691319986829,0.13784173561127908,0.08899844317592112,0.2848830011142751,28.59773382142521,56.3426817135385,9.346864096976548,24.352655351393878,48.817848277476685,123.72099524900734,67.27958015242035,0.2848830011142751,0.029094961000371424,0.49028104494242913,0.19574099294292435,0.0,0.0,1.0128760678469728,0.11056085180141141,0.04865667946019562,0.02637117741735793,0.026123560727993066,0.02179026866410796,0.026247369072675497,0.02562832734926334,0.0285997276216417
v1,1,0.3,4.487127758705165,8077,1.0,t1,spark,poisson,total,0.1,54.36087430958008,5.427273206834798,always_best_api,0.06338987247740498,0.6886548799993761,0.06235195995440535,0.03788271925272444,0.07416119846477652,31.50882149877725,62.0780482803246,4.884318443513201,17.253751038913606,114.25326367213734,302.1686215625579,21.36122767442771,0.07416119846477652,0.03491395320044571,0.0,0.8909248483347778,0.012133217778878297,0.0,2.6676984028723534,0.0,0.0,0.0,0.0,0.0,0.0,0.10907515166522223,0.0
v1,1,0.3,4.487127758705165,8077,1.0,t1,spark,poisson,total,0.1,54.36087430958008,5.427273206834798,always_best_self,0.023028352110932276,0.27378957900145906,0.026130015227657625,0.008822003113648157,0.040113903677107834,0.0,0.0,9.076525187301698,29.775653806427215,30.05879795067423,30.101999253932057,538.5147539010165,0.040113903677107834,0.009657050885229664,0.9502290454376625,0.0,0.0,0.0,0.0,0.0,0.0497709545623375,0.0,0.0,0.0,0.0,0.0,0.0
v1,1,0.3,4.487127758705165,8077,1.0,t1,spark,poisson,total,0.1,54.36087430958008,5.427273206834798,threshold,0.0442614832239693,0.30621736900138785,0.03933782526322308,0.016556291390728478,0.0709421815030333,27.117007528431714,53.425384463625065,9.434128672971033,29.926675775158287,71.39349071290738,101.73850238444352,68.66863693972607,0.0709421815030333,0.05732326358796583,0.8610870372663118,0.010647517642689118,0.0,0.0,0.03268540299616194,0.0,0.04791382939210103,0.0,0.0,0.0,0.0,0.08035161569889811,0.0
v1,1,0.3,4.487127758705165,8077,1.0,t1,spark,poisson,total,0.1,54.36087430958008,5.427273206834798,static_qc,0.6206512318930296,0.42967065400080173,0.6561309808621055,0.3434004474272931,0.8306301844744336,25.63469572403119,50.504963470931266,9.402633910431812,2.2129380094235103,16.05615066308701,54.679691351193554,14.944966035776588,0.8306301844744336,0.01485700136189179,0.1543890058189922,0.0001238083446824316,0.0,0.0,0.0018571251702364738,0.0,0.03020923610251331,0.015228426395939087,0.07886591556270893,0.5272997400024761,0.07960876563080352,0.11427510214188437,0.0
v1,1,0.3,4.487127758705165,8077,1.0,t1,spark,poisson,total,0.1,54.36087430958008,5.427273206834798,static_qc_fallback,0.6201559985142998,0.4407106139988173,0.6558294831109585,0.343027591349739,0.8303825677850687,25.64723366369435,50.52966546823623,9.402633910431812,2.2229928578762497,16.124286231566522,54.673050588233984,14.969616682284595,0.8303825677850687,0.01485700136189179,0.15451281416367463,0.0002476166893648632,0.0,0.0,0.002228550204283769,0.0,0.03020923610251331,0.015228426395939087,0.07886591556270893,0.5269283149684288,0.07985638232016838,0.11415129379720193,0.0
v1,1,0.3,4.487127758705165,8077,1.0,t1,spark,poisson,total,0.1,54.36087430958008,5.427273206834798,shortest_queue,0.6168750773802154,0.41554621099930955,0.5942176485975135,0.5346938775510204,0.9565432710164665,5.871160599401264,11.567242880388752,9.58677399825088,2.6859647147771284,24.651225106962737,29.041101206927223,21.464853786389654,0.9565432710164665,0.0008666584127770212,0.04259007057075647,0.0,0.0,0.0,0.0,0.1281416367463167,0.05038999628574966,0.02884734431100656,0.0,0.7500309520861707,0.0,0.0,0.0
v1,1,0.3,4.487127758705165,8077,1.0,t1,spark,poisson,total,0.1,54.36087430958008,5.427273206834798,capacity_greedy,0.6985266806982791,0.5691670590022113,0.7007235786184816,0.5753169276659209,0.9572861210845611,19.633865387746482,38.68224787516153,9.995337376155526,1.9155149451397335,10.182730240731313,27.98250422955916,14.38265810732274,0.9572861210845611,0.004952333787297264,0.03776154512814164,0.0,0.0,0.0,0.0,0.0,0.03020923610251331,0.02637117741735793,0.18088399158103255,0.5441376748792869,0.08827534975857373,0.09236102513309397,0.0
v1,1,0.3,4.487127758705165,8077,1.0,t1,spark,poisson,total,0.1,54.36087430958008,5.427273206834798,batch_lp@2s,0.6982790640089142,3.355341917998885,0.7006077571368041,0.5738255033557047,0.9574099294292435,19.644328657181177,38.702862398785086,10.441119355789217,2.9537923111342934,11.02894285993178,27.689931451714113,15.447125651419583,0.9574099294292435,0.004952333787297264,0.037637736783459205,0.0,0.0,0.0,0.0,0.0,0.030456852791878174,0.026866410796087658,0.1798935248235731,0.5445090999133342,0.08827534975857373,0.09236102513309397,0.0
v1,1,0.3,4.487127758705165,8077,1.0,t1,spark,poisson,total,0.1,54.36087430958008,5.427273206834798,A:knn_capacity_greedy,0.648879534480624,3.0343954839991056,0.6113949284118417,0.5033112582781457,0.9295530518756964,27.46806459673826,54.11703005996476,9.817503795349783,1.4485046276799949,20.183515072956133,43.432561525134254,13.904887994248114,0.9295530518756964,0.016590318187445833,0.05385662993685775,0.0,0.0,0.0,0.0,0.04803763773678346,0.036894886715364617,0.018447443357682308,0.2614832239692955,0.38293921010276094,0.10857991828649251,0.0870372663117494,0.002723783583013495
v1,1,0.3,4.487127758705165,8077,1.0,t1,spark,poisson,total,0.5,271.8043715479004,3.1946902925992617,oracle_unconstrained,0.9268911724650242,,,,,,,,,,,,,,,,,,,,,,,,,,
v1,1,0.3,4.487127758705165,8077,1.0,t1,spark,poisson,total,0.5,271.8043715479004,3.1946902925992617,predictor_unconstrained,0.8082208740869135,,,,,,,,,,,,,,,,,,,,,,,,,,
v1,1,0.3,4.487127758705165,8077,1.0,t1,spark,poisson,total,0.5,271.8043715479004,3.1946902925992617,fluid_ceiling,0.8868757069540221,,,,,,,,,,,,,,,,,,,,,,,,,,
v1,1,0.3,4.487127758705165,8077,1.0,t1,spark,poisson,total,0.5,271.8043715479004,3.1946902925992617,random,0.4351863315587471,0.43965730700074346,0.4011486071963634,0.2909090909090909,0.6788411538937724,130.86749359719397,257.8325116401749,9.149254083026605,3.2553101060678955,86.01175493537664,160.48957890979486,21.446701557981214,0.6788411538937724,0.11501795220997896,0.20180760183236351,0.004333292063885106,0.0040856753745202425,0.0,0.024637860591803888,0.11018942676736412,0.04791382939210103,0.024637860591803888,0.12257026123560728,0.11997028599727622,0.11576080227807355,0.13222731212083694,0.12058932772068838
v1,1,0.3,4.487127758705165,8077,1.0,t1,spark,poisson,total,0.5,271.8043715479004,3.1946902925992617,always_best_api,0.5276711650365234,0.5599812159998692,0.4701013709345017,0.26666666666666666,0.6168131732078742,138.31467985751806,272.5048086741629,4.549732362619893,12.942422306036917,61.50095156553951,102.13603891512668,15.874966461266453,0.6168131732078742,0.1770459328958772,0.0,0.2061408938962486,0.612727497833354,0.0,0.11997028599727622,0.0,0.0,0.0,0.0,0.0,0.0,0.7938591061037514,0.0
v1,1,0.3,4.487127758705165,8077,1.0,t1,spark,poisson,total,0.5,271.8043715479004,3.1946902925992617,always_best_self,0.023028352110932276,0.2762742070008244,0.026130015227657625,0.008822003113648157,0.040113903677107834,0.0,0.0,9.076525187301698,29.775653806427215,30.05879795067423,30.101999253932057,538.5147539010165,0.040113903677107834,0.009657050885229664,0.9502290454376625,0.0,0.0,0.0,0.0,0.0,0.0497709545623375,0.0,0.0,0.0,0.0,0.0,0.0
v1,1,0.3,4.487127758705165,8077,1.0,t1,spark,poisson,total,0.5,271.8043715479004,3.1946902925992617,threshold,0.2516404605670422,0.34790245699696243,0.18534745771047323,0.056291390728476824,0.32499690479138293,137.45646832464263,270.8139775215398,9.305730499652594,23.68733180731556,91.26519231399747,204.60491273717233,32.71079771420341,0.32499690479138293,0.19722669307911353,0.4537575832611118,0.02401881886839173,0.0,0.0,0.07577070694564814,0.0,0.04580908753249969,0.0,0.0,0.0,0.0,0.47641451033799675,0.0
v1,1,0.3,4.487127758705165,8077,1.0,t1,spark,poisson,total,0.5,271.8043715479004,3.1946902925992617,static_qc,0.6267797449548099,0.451200734001759,0.6164983885581888,0.4925428784489187,0.7775164046056704,138.024980804581,271.93404940931106,9.796509115102575,3.7919674503236678,79.07078503434161,213.7832347035822,17.34657576178219,0.7775164046056704,0.14237959638479633,0.020056951838553917,0.06004704717097933,0.0,0.0,0.19177912591308655,0.0,0.025009285625851183,0.014361767983162065,0.016837934876810696,0.3612727497833354,0.08158969914572242,0.420824563575585,0.0
v1,1,0.3,4.487127758705165,8077,1.0,t1,spark,poisson,total,0.5,271.8043715479004,3.1946902925992617,static_qc_fallback,0.6234988238207255,0.4710877299985441,0.6136959092526922,0.4891871737509321,0.7731831125417853,138.0773362123873,272.0371989839044,9.740965603803177,3.805979946616162,80.03212227670315,214.31505244382566,17.20765032098072,0.7731831125417853,0.14176055466138418,0.04060913705583756,0.04444719574099294,0.0,0.0,0.17196979076389748,0.0,0.02575213569394577,0.01485700136189179,0.017456976600222857,0.3561966076513557,0.08369444100532376,0.4166150798563823,0.0003714250340472948
v1,1,0.3,4.487127758705165,8077,1.0,t1,spark,poisson,total,0.5,271.8043715479004,3.1946902925992617,shortest_queue,0.6168750773802154,0.39992315500057884,0.5942176485975135,0.5346938775510204,0.9565432710164665,5.871160599401264,11.567242880388752,9.58677399825088,2.6859647147771284,24.651225106962737,29.041101206927223,21.464853786389654,0.9565432710164665,0.0008666584127770212,0.04259007057075647,0.0,0.0,0.0,0.0,0.1281416367463167,0.05038999628574966,0.02884734431100656,0.0,0.7500309520861707,0.0,0.0,0.0
v1,1,0.3,4.487127758705165,8077,1.0,t1,spark,poisson,total,0.5,271.8043715479004,3.1946902925992617,capacity_greedy,0.7040980562089885,0.5603822909979499,0.7064900440982295,0.586875466070097,0.9577813544632908,25.26814831775846,49.7827991213535,9.57751053059038,1.865366531236532,11.246114954154336,29.39865609425351,13.95054201874973,0.9577813544632908,0.008047542404358054,0.0333044447195741,0.0008666584127770212,0.00309520861706079,0.0,0.0,0.0,0.030456852791878174,0.025133093970533614,0.18199826668317445,0.4769097437167265,0.12096075275473567,0.13037018695060046,0.0
v1,1,0.3,4.487127758705165,8077,1.0,t1,spark,poisson,total,0.5,271.8043715479004,3.1946902925992617,batch_lp@2s,0.705088522966448,3.2421155999982147,0.7062230601982721,0.5883668903803132,0.9577813544632908,24.968645531225775,49.19272473716274,9.383506602561582,2.9118073577960786,12.645044082920181,29.192363753168095,15.071765416158769,0.9577813544632908,0.00854277578308778,0.03280921134084437,0.0008666584127770212,0.003961867029837811,0.0,0.0,0.0,0.03256159465147951,0.024266435557756594,0.18175064999380958,0.47988114398910486,0.12133217778878297,0.1265321282654451,0.0
v1,1,0.3,4.487127758705165,8077,1.0,t1,spark,poisson,total,0.5,271.8043715479004,3.1946902925992617,A:knn_capacity_greedy,0.6581651603318064,2.9564002529987192,0.6199828206356693,0.5364238410596026,0.9042961495604803,48.26355803806291,95.0878942325211,9.995356988808924,1.8056968194890146,28.578639555256398,72.84082334927065,13.414175748533182,0.9042961495604803,0.0403615203664727,0.05435186331558747,0.0009904667574594528,0.0034666336511080848,0.0,0.0,0.0004952333787297264,0.03441871982171598,0.02092361025133094,0.24588337253930914,0.3243778630679708,0.11860839420576946,0.19376005942800545,0.00619041723412158
v1,1,0.7,10.469964770312052,18846,1.0,t1,spark,poisson,total,0.1,126.84204005568688,5.427273206834798,oracle_unconstrained,0.9285524779794121,,,,,,,,,,,,,,,,,,,,,,,,,,
v1,1,0.7,10.469964770312052,18846,1.0,t1,spark,poisson,total,0.1,126.84204005568688,5.427273206834798,predictor_unconstrained,0.8131699034277831,,,,,,,,,,,,,,,,,,,,,,,,,,
v1,1,0.7,10.469964770312052,18846,1.0,t1,spark,poisson,total,0.1,126.84204005568688,5.427273206834798,fluid_ceiling,0.8846572076668122,,,,,,,,,,,,,,,,,,,,,,,,,,
v1,1,0.7,10.469964770312052,18846,1.0,t1,spark,poisson,total,0.1,126.84204005568688,5.427273206834798,random,0.1086968056882097,1.3487868720003462,0.10688632792411633,0.08333333333333333,0.18242597898758356,63.448584286008554,127.022115190866,9.631695130450964,15.513509891296849,73.54866158466062,144.36548286942417,45.40327020082103,0.18242597898758356,0.0318900562453571,0.5922742226467155,0.19340974212034384,0.0072694470975273266,0.0,1.000265308288231,0.05375145919558527,0.021649156319643426,0.010771516502175529,0.02669001379603099,0.026106335561922954,0.01878382680674944,0.028175740210124166,0.028387986840708902
v1,1,0.7,10.469964770312052,18846,1.0,t1,spark,poisson,total,0.1,126.84204005568688,5.427273206834798,always_best_api,0.15032367611164174,1.5820328669979062,0.1381330168189127,0.06702654071075123,0.17653613498885706,63.466483835771214,127.05794953921915,3.9969542474711752,9.660734615417319,51.84999216139024,121.5667796889607,11.721186506431934,0.17653613498885706,0.023612437652552266,0.0,0.7998514273585907,0.35466411970709966,0.0,2.1129682691287277,0.0,0.0,0.0,0.0,0.0,0.0,0.2001485726414093,0.0
v1,1,0.7,10.469964770312052,18846,1.0,t1,spark,poisson,total,0.1,126.84204005568688,5.427273206834798,always_best_self,0.008914358484559057,1.0122706350011867,0.01006435733563569,0.004048582995951417,0.015653189005624537,0.0,0.0,9.064695228326167,29.884839186497004,30.061287178867104,30.20370458921881,546.4185341951056,0.015653189005624537,0.005465350737557041,0.7912554388199088,0.18762602143690968,0.0,0.8689907672715695,0.0,0.0,0.021118539743181577,0.0,0.0,0.0,0.0,0.0,0.0
v1,1,0.7,10.469964770312052,18846,1.0,t1,spark,poisson,total,0.1,126.84204005568688,5.427273206834798,threshold,0.030934946407725778,0.934063242002594,0.026292668245346425,0.007698887938408896,0.04552690226042662,63.56325626093894,127.25168495940669,9.073666251205529,30.121113154744307,79.52218740126598,103.85451864774913,52.29142245070928,0.04552690226042662,0.054494322402631856,0.7855247797941207,0.11445399554282076,0.0,0.49734691711769075,0.051841239520322616,0.0,0.01952669001379603,0.0,0.0,0.0,0.0,0.08049453464926244,0.0
v1,1,0.7,10.469964770312052,18846,1.0,t1,spark,poisson,total,0.1,126.84204005568688,5.427273206834798,static_qc,0.5994640772577735,1.078176609997172,0.6500817158372987,0.30662020905923343,0.795075878170434,59.560980052980085,119.23925102989001,9.591554034123693,2.216676081002447,14.83501993873954,64.34584380871009,14.856966984127453,0.795075878170434,0.014857264140931763,0.17260957232303936,0.01745728536559482,0.061551522869574445,0.0,0.0,0.0,0.012840921150376737,0.015334819059747427,0.08160882945983232,0.5156531890056245,0.07057200466942587,0.11392337896635892,0.0
v1,1,0.7,10.469964770312052,18846,1.0,t1,spark,poisson,total,0.1,126.84204005568688,5.427273206834798,static_qc_fallback,0.6108458028228801,1.0163980720026302,0.6661175297238607,0.3067785872663921,0.812267855247798,60.52691490232064,121.17302290329752,9.591554034123693,2.2247277633478006,14.888404967212393,64.39439732164944,14.843265807507123,0.812267855247798,0.015122572429162687,0.17260957232303936,0.0,0.01841239520322615,0.0,0.0,0.0,0.012840921150376737,0.015334819059747427,0.08229863100923272,0.5319961795606495,0.06961689483179455,0.11530298206515971,0.0
v1,1,0.7,10.469964770312052,18846,1.0,t1,spark,poisson,total,0.1,126.84204005568688,5.427273206834798,shortest_queue,0.6634299055502494,0.9437426149997918,0.6549887730074803,0.576338295850491,0.9673140188899502,15.268179350578066,30.56642568227637,9.48564167712712,2.4599691455031234,14.685857209936819,27.350048657239117,17.3784582953474,0.9673140188899502,0.0003714316035232941,0.018730765149103257,0.013583784357423325,0.06303724928366762,0.0,0.0,0.04993101984505996,0.020269553220842618,0.011196009763345007,0.0,0.8862888676642259,0.0,0.0,0.0
v1,1,0.7,10.469964770312052,18846,1.0,t1,spark,poisson,total,0.1,126.84204005568688,5.427273206834798,capacity_greedy,0.7082139446036294,1.3301607630019134,0.7152071662280317,0.6027874564459931,0.970444656691075,44.158473786739705,88.40390699196399,10.098876068236066,1.9526177792266708,9.61087116179085,25.54343020287444,14.02882148872527,0.970444656691075,0.004987795818741377,0.021118539743181577,0.0034490077470020163,0.01591849729385546,0.0,0.0,0.0,0.013424599384484771,0.012044996285683965,0.21824259789875836,0.5712087445611801,0.0673352435530086,0.09317627082670063,0.0
v1,1,0.7,10.469964770312052,18846,1.0,t1,spark,poisson,total,0.1,126.84204005568688,5.427273206834798,batch_lp@2s,0.708956807810676,4.681070007001836,0.7164488486992182,0.6035793474817865,0.9692242385652128,44.156979865443645,88.40091620745572,9.98104115423426,2.982842446814516,11.072372783816865,26.225665467767275,15.06401287439735,0.9692242385652128,0.005146980791679932,0.021755279634935794,0.0038735010081714953,0.01820014857264141,0.0,0.0,0.0,0.013742969330361881,0.012469489546853443,0.2163323782234957,0.572906717605858,0.06595564045420779,0.09296402419611588,0.0
v1,1,0.7,10.469964770312052,18846,1.0,t1,spark,poisson,total,0.1,126.84204005568688,5.427273206834798,A:knn_capacity_greedy,0.6283826806749443,4.091779504000442,0.6154407363024917,0.5457656116338752,0.8817255651066539,63.42283103176851,126.9705579675894,9.580829899071814,1.7237758227852282,22.521914198568627,45.75926537819492,14.109076914825977,0.8817255651066539,0.01995118327496551,0.09391913403374721,0.004404117584633344,0.019791998302026954,0.0,0.0,0.028759418444232198,0.0161307439244402,0.007640878701050621,0.2759736814178075,0.411599278361456,0.06356786586012947,0.09588241536665605,0.0021224663058473947
v1,1,0.7,10.469964770312052,18846,1.0,t1,spark,poisson,total,0.5,634.2102002784343,3.1946902925992617,oracle_unconstrained,0.9285524779794121,,,,,,,,,,,,,,,,,,,,,,,,,,
v1,1,0.7,10.469964770312052,18846,1.0,t1,spark,poisson,total,0.5,634.2102002784343,3.1946902925992617,predictor_unconstrained,0.8131699034277831,,,,,,,,,,,,,,,,,,,,,,,,,,
v1,1,0.7,10.469964770312052,18846,1.0,t1,spark,poisson,total,0.5,634.2102002784343,3.1946902925992617,fluid_ceiling,0.8846572076668122,,,,,,,,,,,,,,,,,,,,,,,,,,
v1,1,0.7,10.469964770312052,18846,1.0,t1,spark,poisson,total,0.5,634.2102002784343,3.1946902925992617,random,0.3951501644911387,1.0911759160007932,0.36234181215969724,0.27380952380952384,0.5712618062188263,301.18770040385425,602.9685170328823,9.46104149269464,3.719994136590003,91.21836683296664,166.28076019967222,18.72243468858278,0.5712618062188263,0.11514379709222117,0.31290459513955216,0.0006898015494004033,0.05651066539318688,0.0,0.0,0.049241218295659556,0.021012416427889206,0.010824578159821713,0.1367398917542184,0.13169903427783083,0.07391488910113551,0.133184760691924,0.1297888146025682
v1,1,0.7,10.469964770312052,18846,1.0,t1,spark,poisson,total,0.5,634.2102002784343,3.1946902925992617,always_best_api,0.48028759418444233,1.5395668799974374,0.435635854164704,0.21581196581196582,0.5576249602037567,127.07581867888803,254.40188240358847,4.162756590781381,8.58913690024292,29.49787044119413,44.825411908682554,10.421089461405472,0.5576249602037567,0.027751246948954686,0.0,0.41462379284728856,1.4177013689907674,0.0,0.0,0.0,0.0,0.0,0.0,0.0,0.0,0.5853762071527114,0.0
v1,1,0.7,10.469964770312052,18846,1.0,t1,spark,poisson,total,0.5,634.2102002784343,3.1946902925992617,always_best_self,0.008914358484559057,1.1418396579974797,0.01006435733563569,0.004048582995951417,0.015653189005624537,0.0,0.0,9.064695228326167,29.884839186497004,30.061287178867104,30.20370458921881,546.4185341951056,0.015653189005624537,0.005465350737557041,0.7912554388199088,0.18762602143690968,0.0,0.8689907672715695,0.0,0.0,0.021118539743181577,0.0,0.0,0.0,0.0,0.0,0.0
v1,1,0.7,10.469964770312052,18846,1.0,t1,spark,poisson,total,0.5,634.2102002784343,3.1946902925992617,threshold,0.22134670487106017,1.0827109640013077,0.1546373938617577,0.03463203463203463,0.28801867770349143,137.43125245557167,275.1331424755859,9.136919971612025,16.007372185623126,52.27232612356704,76.72027430132607,20.65704162097518,0.28801867770349143,0.08187413774806325,0.4975591637482755,0.1325480208001698,0.47882839859917226,0.0,0.0,0.0,0.018040963599702853,0.0,0.0,0.0,0.0,0.35185185185185186,0.0
v1,1,0.7,10.469964770312052,18846,1.0,t1,spark,poisson,total,0.5,634.2102002784343,3.1946902925992617,static_qc,0.6427889207258835,1.2719183740009612,0.6553592489711305,0.4830535318340196,0.7893452191446461,148.0162915997298,296.3240654346908,9.694385424261256,3.4284014148331607,39.69897218469515,75.49046457872338,15.256999929247627,0.7893452191446461,0.06648625703066964,0.036453358802929006,0.10771516502175528,0.3832643531783933,0.0,0.0,0.0,0.01188581131274541,0.014008277618592805,0.019102196752626553,0.3870847925289186,0.0701475114082564,0.35360288655417593,0.0
v1,1,0.7,10.469964770312052,18846,1.0,t1,spark,poisson,total,0.5,634.2102002784343,3.1946902925992617,static_qc_fallback,0.6737503979624323,1.1912672130019928,0.6922204698717783,0.5064935064935064,0.8611376419399343,151.3760764244962,303.05025136666137,9.892190818278019,3.2195127406846495,38.59175983938792,75.80138891232588,15.78107301910211,0.8611376419399343,0.06696381194948531,0.0718985461105805,0.0,0.1338745622413244,0.0,0.0,0.0,0.010665393186883159,0.014008277618592805,0.04016767483816194,0.4409423750397962,0.06919240157062506,0.3527008383741908,0.0004244932611694789
v1,1,0.7,10.469964770312052,18846,1.0,t1,spark,poisson,total,0.5,634.2102002784343,3.1946902925992617,shortest_queue,0.6634299055502494,1.0042845049974858,0.6549887730074803,0.576338295850491,0.9673140188899502,15.268179350578066,30.56642568227637,9.48564167712712,2.4599691455031234,14.685857209936819,27.350048657239117,17.3784582953474,0.9673140188899502,0.0003714316035232941,0.018730765149103257,0.013583784357423325,0.06303724928366762,0.0,0.0,0.04993101984505996,0.020269553220842618,0.011196009763345007,0.0,0.8862888676642259,0.0,0.0,0.0
v1,1,0.7,10.469964770312052,18846,1.0,t1,spark,poisson,total,0.5,634.2102002784343,3.1946902925992617,capacity_greedy,0.7090894619547915,1.3935398319990782,0.715575520247503,0.6086474501108647,0.9659344157911494,53.172106375122894,106.44892233491828,9.965089510201373,2.008379363399172,12.392155095527782,29.337122002934166,14.175044162098175,0.9659344157911494,0.008118433619866285,0.021436909689058686,0.004510240899925713,0.02180834129258198,0.0,0.0,0.0,0.013159291096253847,0.011832749655099225,0.21659768651172662,0.5316778096147724,0.06574339382362306,0.1350419187095405,0.0
v1,1,0.7,10.469964770312052,18846,1.0,t1,spark,poisson,total,0.5,634.2102002784343,3.1946902925992617,batch_lp@2s,0.7080547596306909,4.552271758999268,0.714871444424053,0.6042128603104213,0.964979305953518,52.5043333327867,105.11206123298055,10.259135934887315,3.077497394742551,13.160674363273422,29.72106449780085,15.190512612111434,0.964979305953518,0.008967420142205243,0.02159609466199724,0.004457179242279528,0.025098164066645442,0.0,0.0,0.0,0.013265414411546217,0.012947044465669107,0.2173405497187732,0.5328982277406347,0.06478828398599172,0.13270720577310835,0.0
v1,1,0.7,10.469964770312052,18846,1.0,t1,spark,poisson,total,0.5,634.2102002784343,3.1946902925992617,A:knn_capacity_greedy,0.6784994163217659,3.802575641999283,0.6629354165169622,0.5953806672369547,0.9258728642682797,116.6956335196137,233.62107082455665,9.886992935490714,1.974062197356119,28.38836404272737,82.16938379739864,13.934050677765015,0.9258728642682797,0.043563620927517775,0.025257349039583998,0.005306165764618486,0.024779794120768334,0.0,0.0,0.0003714316035232941,0.015122572429162687,0.008595988538681949,0.2817574021012416,0.386341929321872,0.0673352435530086,0.20529555343308925,0.004616364215218083
v1,1,1.0,14.957092529017217,26923,1.0,t1,spark,poisson,total,0.1,181.20291436526696,5.427273206834798,oracle_unconstrained,0.9267169334769528,,,,,,,,,,,,,,,,,,,,,,,,,,
v1,1,1.0,14.957092529017217,26923,1.0,t1,spark,poisson,total,0.1,181.20291436526696,5.427273206834798,predictor_unconstrained,0.8118708910596888,,,,,,,,,,,,,,,,,,,,,,,,,,
v1,1,1.0,14.957092529017217,26923,1.0,t1,spark,poisson,total,0.1,181.20291436526696,5.427273206834798,fluid_ceiling,0.8758835872210977,,,,,,,,,,,,,,,,,,,,,,,,,,
v1,1,1.0,14.957092529017217,26923,1.0,t1,spark,poisson,total,0.1,181.20291436526696,5.427273206834798,random,0.09703599153140438,1.9751224469982844,0.09031190709812609,0.07677902621722846,0.15704044868699624,91.79711682068591,182.7406084442798,9.595117745390372,11.64136962752491,77.5176014648676,135.8031205560663,35.8319508973218,0.15704044868699624,0.03205437729822085,0.6202874865356758,0.1906176874791071,0.012182891951119861,0.0,0.9955799873713925,0.039000111428889796,0.013965754187869108,0.008542881551090146,0.028414366898191136,0.027485792816550905,0.014857185306243732,0.02774579355941017,0.029082940236972107
v1,1,1.0,14.957092529017217,26923,1.0,t1,spark,poisson,total,0.1,181.20291436526696,5.427273206834798,always_best_api,0.12927608364595328,2.355455463999533,0.11830580179974144,0.05207517619420517,0.14860899602570293,94.43275627540424,187.9873784330998,4.601852528559535,9.645471595407969,67.68698987378878,197.98108320319955,11.696237437960441,0.14860899602570293,0.026371503918582624,0.0,0.8250195000557144,0.349589570255915,0.0,2.2142777550793,0.0,0.0,0.0,0.0,0.0,0.0,0.17498049994428555,0.0
v1,1,1.0,14.957092529017217,26923,1.0,t1,spark,poisson,total,0.1,181.20291436526696,5.427273206834798,always_best_self,0.007094305983731382,1.9044294610030192,0.007867803977470972,0.0029757243539545813,0.011662890465401329,0.0,0.0,9.076797083186745,29.8299486719917,30.068473810409888,30.111355793796566,544.7414162488715,0.011662890465401329,0.0033057237306392305,0.5629387512535751,0.4220926345503844,0.0,1.6074731642090405,0.0,0.0,0.01496861419604056,0.0,0.0,0.0,0.0,0.0,0.0
v1,1,1.0,14.957092529017217,26923,1.0,t1,spark,poisson,total,0.1,181.20291436526696,5.427273206834798,threshold,0.030512944322698066,1.8806381799986411,0.024466817268458632,0.006660323501427212,0.04405155443301267,90.77930760988966,180.71445467275757,9.279009303878498,30.211518990182725,77.46681197091618,103.80925161299521,47.65462727346217,0.04405155443301267,0.052371578204509155,0.5627158934739813,0.34086097388849684,0.0,1.3189094825985217,0.032277235077814506,0.0,0.014597184563384467,0.0,0.0,0.0,0.0,0.08182594807413736,0.0
v1,1,1.0,14.957092529017217,26923,1.0,t1,spark,poisson,total,0.1,181.20291436526696,5.427273206834798,static_qc,0.5839988114251755,1.5686017379994155,0.6257846631834703,0.296505197965052,0.7785907959737027,76.38156279474788,152.0528502687335,9.276599658089614,2.2409811963417496,13.362081451621018,43.05176390504788,14.91511290036442,0.7785907959737027,0.01326003788582253,0.17802622293206552,0.030122943208409168,0.10303458009880029,0.0,0.0,0.0,0.009620027485792817,0.01556290160829031,0.07692307692307693,0.5224900642573265,0.0569401626861791,0.11031460089885971,0.0
v1,1,1.0,14.957092529017217,26923,1.0,t1,spark,poisson,total,0.1,181.20291436526696,5.427273206834798,static_qc_fallback,0.6041674404784013,1.5310962949988607,0.6539810309670013,0.2961734129617341,0.8079708799167997,78.42759421795563,156.1258869840745,9.276599658089614,2.2753278780181745,13.45316110004713,43.030934966118956,14.992034613806595,0.8079708799167997,0.013817182334806671,0.17821193774839356,0.0,0.031237232106377445,0.0,0.0,0.0,0.009620027485792817,0.01556290160829031,0.0784087954537013,0.5503101437432678,0.05582587378821082,0.11206032017234335,0.0
v1,1,1.0,14.957092529017217,26923,1.0,t1,spark,poisson,total,0.1,181.20291436526696,5.427273206834798,shortest_queue,0.5155443301266575,2.028258182999707,0.49558256291243596,0.4344569288389513,0.7418935482672807,15.2151146868473,30.288743391093334,9.533792277995692,2.509025956364667,9.949547290255396,27.45502425643914,16.714637411834474,0.7418935482672807,0.0002600007428592653,0.014782899379712514,0.24306355161014745,0.9979199940571258,0.0,0.0,0.032240092114548896,0.01441146974705642,0.008060023028637224,0.0,0.6874419641198974,0.0,0.0,0.0
v1,1,1.0,14.957092529017217,26923,1.0,t1,spark,poisson,total,0.1,181.20291436526696,5.427273206834798,capacity_greedy,0.7057348735282101,1.9860360950005997,0.6964389848338022,0.6138022561380225,0.973665639044683,58.94615967537902,117.34417656682939,9.95571809997965,1.9500925110653426,8.976220639738813,24.788114921863425,13.918910407871522,0.973665639044683,0.004531441518404338,0.016194331983805668,0.0056085874531070085,0.029528655796159417,0.0,0.0,0.0,0.009471455632730379,0.009768599338855254,0.23351781005088587,0.5820673773353638,0.05266872191063403,0.09062883036808676,7.428592653121866e-05
v1,1,1.0,14.957092529017217,26923,1.0,t1,spark,poisson,total,0.1,181.20291436526696,5.427273206834798,batch_lp@2s,0.7075920216914906,5.630987641998217,0.7040358136821186,0.6133598761335988,0.9742970694201983,60.14561875839718,119.73194091309874,9.648156109666651,3.004397842092885,10.077164139700127,25.601151938935505,14.890014254915172,0.9742970694201983,0.004717156334732385,0.01664004754299298,0.0043457267020762915,0.02982579950228429,0.0,0.0,0.0,0.009508598595995989,0.010214314898042566,0.2459978457081306,0.5709987742822122,0.048471567061620174,0.09367455335586673,0.00014857185306243732
v1,1,1.0,14.957092529017217,26923,1.0,t1,spark,poisson,total,0.1,181.20291436526696,5.427273206834798,A:knn_capacity_greedy,0.6412732607807451,4.318546100999811,0.6325410468039112,0.5672417606724176,0.8955539872971066,90.89377210910789,180.94231926106775,9.803046876783883,1.7778965169562184,21.632397896024685,45.54393210552932,14.135221703881939,0.8955539872971066,0.019500055714444898,0.07387735393529696,0.01106860305315158,0.01823719496341418,0.027522935779816515,0.0,0.021988634253240723,0.011811462318463768,0.00664859042454407,0.2860008171451918,0.4367641050403001,0.05044014411469747,0.0987259963599896,0.0026742933551238716
v1,1,1.0,14.957092529017217,26923,1.0,t1,spark,poisson,total,0.5,906.0145718263348,3.1946902925992617,oracle_unconstrained,0.9267169334769528,,,,,,,,,,,,,,,,,,,,,,,,,,
v1,1,1.0,14.957092529017217,26923,1.0,t1,spark,poisson,total,0.5,906.0145718263348,3.1946902925992617,predictor_unconstrained,0.8118708910596888,,,,,,,,,,,,,,,,,,,,,,,,,,
v1,1,1.0,14.957092529017217,26923,1.0,t1,spark,poisson,total,0.5,906.0145718263348,3.1946902925992617,fluid_ceiling,0.8758835872210977,,,,,,,,,,,,,,,,,,,,,,,,,,
v1,1,1.0,14.957092529017217,26923,1.0,t1,spark,poisson,total,0.5,906.0145718263348,3.1946902925992617,random,0.3770382201092003,1.463696617000096,0.34566222324962803,0.2247191011235955,0.5348215280615087,450.6056075933848,897.0210149504807,9.459306282564846,4.026432704261424,95.9210320694741,168.68018114170445,19.1805563248588,0.5348215280615087,0.12205177729079227,0.34201240574973074,0.00111428889796828,0.07462021320060915,0.0,0.002451435575530216,0.03840582401664005,0.014114326040931546,0.008022880065371616,0.1380975374215355,0.13319466627047505,0.057497307135163246,0.13282323663781898,0.13471752776436505
v1,1,1.0,14.957092529017217,26923,1.0,t1,spark,poisson,total,0.5,906.0145718263348,3.1946902925992617,always_best_api,0.427552650150429,2.1065494069989654,0.3765760812344146,0.15505090054815976,0.49184711956319876,123.69332843867596,246.2364274853582,4.075991986750063,7.433794406213025,21.96039734664246,31.777296813275463,8.974425840766827,0.49184711956319876,0.007057163020465773,0.0,0.5010957174163355,1.6732162091891691,0.0,0.0,0.0,0.0,0.0,0.0,0.0,0.0,0.49890428258366454,0.0
v1,1,1.0,14.957092529017217,26923,1.0,t1,spark,poisson,total,0.5,906.0145718263348,3.1946902925992617,always_best_self,0.007094305983731382,1.917317865001678,0.007867803977470972,0.0029757243539545813,0.011662890465401329,0.0,0.0,9.076797083186745,29.8299486719917,30.068473810409888,30.111355793796566,544.7414162488715,0.011662890465401329,0.0033057237306392305,0.5629387512535751,0.4220926345503844,0.0,1.6074731642090405,0.0,0.0,0.01496861419604056,0.0,0.0,0.0,0.0,0.0,0.0
v1,1,1.0,14.957092529017217,26923,1.0,t1,spark,poisson,total,0.5,906.0145718263348,3.1946902925992617,threshold,0.21227203506295733,1.5488024469996162,0.1437147269082851,0.011235955056179775,0.27418935482672807,135.29372496285941,269.3293479652582,9.060663762630222,13.467640409710924,38.915254064300655,57.838820871395235,17.113714822351582,0.27418935482672807,0.043011551461575606,0.4975671359061026,0.18523195780559373,0.6435018385766816,0.007577164506184304,0.0,0.0,0.013185751959291312,0.0,0.0,0.0,0.0,0.3040151543290124,0.0
v1,1,1.0,14.957092529017217,26923,1.0,t1,spark,poisson,total,0.5,906.0145718263348,3.1946902925992617,static_qc,0.6207517735764959,1.905435884000326,0.6236150809190174,0.404138770541692,0.7634736099245998,148.1386443630363,294.899741327298,9.708834001839897,3.290598484747477,28.74295385997165,56.00199304932808,14.440567387445753,0.7634736099245998,0.0354343869553913,0.04104297440849831,0.1600490287115106,0.5574044497269992,0.0,0.0,0.0,0.008542881551090146,0.014522898636853248,0.01935148386138246,0.38606396018274336,0.05675444786985106,0.3136723247780708,0.0
v1,1,1.0,14.957092529017217,26923,1.0,t1,spark,poisson,total,0.5,906.0145718263348,3.1946902925992617,static_qc_fallback,0.6699104854585299,1.7674431750019721,0.6833725100906589,0.4944702499447025,0.8687367678193366,155.22193906077518,309.00046287156397,9.841327379980976,3.0165697029302123,27.78250805686752,57.25507972845018,15.181419541506841,0.8687367678193366,0.03866582475949931,0.09259740742116405,0.0,0.20190914831185233,0.0,0.0,0.0,0.007168591910262601,0.014522898636853248,0.04888013965754188,0.4704156297589422,0.05582587378821082,0.3097723136351818,0.0008171451918434052
v1,1,1.0,14.957092529017217,26923,1.0,t1,spark,poisson,total,0.5,906.0145718263348,3.1946902925992617,shortest_queue,0.5155443301266575,1.999999563999154,0.49558256291243596,0.4344569288389513,0.7418935482672807,15.2151146868473,30.288743391093334,9.533792277995692,2.509025956364667,9.949547290255396,27.45502425643914,16.714637411834474,0.7418935482672807,0.0002600007428592653,0.014782899379712514,0.24306355161014745,0.9979199940571258,0.0,0.0,0.032240092114548896,0.01441146974705642,0.008060023028637224,0.0,0.6874419641198974,0.0,0.0,0.0
v1,1,1.0,14.957092529017217,26923,1.0,t1,spark,poisson,total,0.5,906.0145718263348,3.1946902925992617,capacity_greedy,0.7090220257772165,1.9675592990024597,0.7033778736316774,0.6174518911745189,0.9712142034691528,73.42719619783384,146.17158985243825,10.14418469094075,2.039484049162013,11.904459606307162,29.639264526614916,14.22145123265176,0.9712142034691528,0.008765739330683801,0.015265757902165434,0.004754299297997994,0.025331500947145563,0.0,0.0,0.0,0.009545741559261597,0.011031460089885972,0.22779779370798203,0.5445158414738328,0.05084871671061917,0.1361661033317238,7.428592653121866e-05
v1,1,1.0,14.957092529017217,26923,1.0,t1,spark,poisson,total,0.5,906.0145718263348,3.1946902925992617,batch_lp@2s,0.7084648813282324,5.603213801001402,0.7048141730611315,0.6156823711568237,0.9711770605058871,73.35533430764917,146.02853431876662,9.989822371663205,3.103912513807302,12.48621688947778,29.712837245374196,15.159838529962258,0.9711770605058871,0.008988597110277458,0.015785759387883964,0.004048582995951417,0.027225792073691638,0.0,0.0,0.0,0.010362886751105003,0.010288600824573784,0.23299780856516733,0.5427329792370835,0.046911562604464586,0.13668610481744234,0.00018571481632804665
v1,1,1.0,14.957092529017217,26923,1.0,t1,spark,poisson,total,0.5,906.0145718263348,3.1946902925992617,A:knn_capacity_greedy,0.6827619507484307,4.399917320999521,0.6719536479076801,0.6068167985392574,0.9317683764810757,168.55191745275806,335.5364636335305,9.658247832519866,2.026183832368133,28.524909320607108,82.3464956365812,14.155636879250494,0.9317683764810757,0.04505441444118412,0.019128626081788804,0.004048582995951417,0.02165434758385024,0.0,0.0,0.0006314303755153586,0.010251457861308174,0.005682873379638228,0.28592653121866063,0.4056383018237195,0.05322586635961817,0.20970917059763028,0.005757159306169446
v1,1,1.3,19.444220287722384,35000,1.0,t1,spark,poisson,total,0.1,235.56378867484705,5.427273206834798,oracle_unconstrained,0.9293,,,,,,,,,,,,,,,,,,,,,,,,,,
v1,1,1.3,19.444220287722384,35000,1.0,t1,spark,poisson,total,0.1,235.56378867484705,5.427273206834798,predictor_unconstrained,0.8153285714285714,,,,,,,,,,,,,,,,,,,,,,,,,,
v1,1,1.3,19.444220287722384,35000,1.0,t1,spark,poisson,total,0.1,235.56378867484705,5.427273206834798,fluid_ceiling,0.8819186603898576,,,,,,,,,,,,,,,,,,,,,,,,,,
v1,1,1.3,19.444220287722384,35000,1.0,t1,spark,poisson,total,0.1,235.56378867484705,5.427273206834798,random,0.0849,2.540758001996437,0.07876468733074245,0.05555555555555555,0.1321142857142857,118.67395993155515,236.76688340581615,9.540959947124767,10.459248228504286,86.60370255267713,163.88482264218717,31.37073999943651,0.1321142857142857,0.030914285714285714,0.6400857142857143,0.19688571428571428,0.013542857142857143,0.0,1.0204285714285715,0.03,0.011114285714285714,0.0060857142857142854,0.0262,0.025485714285714285,0.011257142857142858,0.02697142857142857,0.025914285714285713
v1,1,1.3,19.444220287722384,35000,1.0,t1,spark,poisson,total,0.1,235.56378867484705,5.427273206834798,always_best_api,0.24678571428571427,2.920419876001688,0.2127079577068461,0.07932199300277476,0.2817142857142857,120.36656569031766,240.14380780075558,4.790159514910316,7.195183267411267,29.490835542363925,92.08263886783782,8.65876631053294,0.2817142857142857,0.0146,0.0,0.7036857142857142,1.0926285714285715,0.0,1.1478,0.0,0.0,0.0,0.0,0.0,0.0,0.2963142857142857,0.0
v1,1,1.3,19.444220287722384,35000,1.0,t1,spark,poisson,total,0.1,235.56378867484705,5.427273206834798,always_best_self,0.0053,2.697252075999131,0.004858400912860565,0.0025937990107371216,0.0092,0.0,0.0,9.095995791283373,29.62944854001654,30.0647597293572,30.116430386609533,571.140500002742,0.0092,0.0022,0.4332,0.5554,0.0,1.9416571428571427,0.0,0.0,0.0114,0.0,0.0,0.0,0.0,0.0,0.0
v1,1,1.3,19.444220287722384,35000,1.0,t1,spark,poisson,total,0.1,235.56378867484705,5.427273206834798,threshold,0.027571428571428573,2.656520610998996,0.02141759550868681,0.005069124423963134,0.04025714285714286,118.06180365337059,235.54556801171745,9.202640093300193,31.10099904590365,79.94715299011541,104.96725988616846,46.72581908979441,0.04025714285714286,0.05065714285714286,0.43357142857142855,0.4755142857142857,0.0,1.6504857142857143,0.04348571428571429,0.0,0.010628571428571428,0.0,0.0,0.0,0.0,0.08028571428571428,0.0
v1,1,1.3,19.444220287722384,35000,1.0,t1,spark,poisson,total,0.1,235.56378867484705,5.427273206834798,static_qc,0.563,2.125932722003199,0.5727487254523118,0.29022815325010765,0.7453142857142857,91.16909591136027,181.89182120751906,8.98883469707818,2.2956034831273655,13.867625343777181,55.11175194855657,14.428702072535355,0.7453142857142857,0.012628571428571428,0.17742857142857144,0.06462857142857142,0.23854285714285714,0.0,0.0,0.0,0.007828571428571428,0.014428571428571428,0.07634285714285714,0.5002857142857143,0.04862857142857143,0.11042857142857143,0.0
v1,1,1.3,19.444220287722384,35000,1.0,t1,spark,poisson,total,0.1,235.56378867484705,5.427273206834798,static_qc_fallback,0.5935857142857143,2.108736656999099,0.6073162609156281,0.2892811020232458,0.7917142857142857,107.20655675549824,213.88822230510897,9.004790088956208,2.292215276535444,16.188127442820278,65.11947119753007,14.356276473532716,0.7917142857142857,0.01722857142857143,0.19105714285714287,0.0,0.10065714285714286,0.0,0.0,0.0,0.0077714285714285715,0.014571428571428572,0.09611428571428571,0.5239428571428572,0.047857142857142855,0.11794285714285714,0.0007428571428571429
v1,1,1.3,19.444220287722384,35000,1.0,t1,spark,poisson,total,0.1,235.56378867484705,5.427273206834798,shortest_queue,0.4017,2.957089674000599,0.38192366523067034,0.32051282051282054,0.5734285714285714,15.208575386655866,30.34268846693677,8.893354094029947,2.539745078335045,13.309575435082293,27.410685800071015,16.782513558423943,0.5734285714285714,8.571428571428571e-05,0.010028571428571428,0.41645714285714286,1.5186285714285714,0.0,0.0,0.0286,0.010514285714285714,0.005514285714285715,0.0,0.5288857142857143,0.0,0.0,0.0
v1,1,1.3,19.444220287722384,35000,1.0,t1,spark,poisson,total,0.1,235.56378867484705,5.427273206834798,capacity_greedy,0.6987285714285715,2.71918982400166,0.6674308098912536,0.6011396011396012,0.9692571428571428,76.99197824735165,153.60699809282045,10.372154537431895,1.8514115708326244,9.19641664082244,24.502369790228876,13.285023269315445,0.9692571428571428,0.0054285714285714284,0.012542857142857142,0.01277142857142857,0.07074285714285715,0.0,0.0,0.0,0.007485714285714286,0.005514285714285715,0.28785714285714287,0.5322857142857143,0.04377142857142857,0.09631428571428571,0.0014571428571428572
v1,1,1.3,19.444220287722384,35000,1.0,t1,spark,poisson,total,0.1,235.56378867484705,5.427273206834798,batch_lp@2s,0.7051714285714286,6.60041968600126,0.6782287219756072,0.6129032258064516,0.9745714285714285,86.52612543449686,172.62861257955902,9.576527129287319,2.792868112417466,11.070533418246185,27.42113654547671,14.039508518634804,0.9745714285714285,0.007314285714285714,0.012857142857142857,0.005257142857142857,0.0494,0.0,0.0,0.0,0.007342857142857143,0.005628571428571429,0.35925714285714283,0.45071428571428573,0.03888571428571429,0.11977142857142857,0.00028571428571428574
v1,1,1.3,19.444220287722384,35000,1.0,t1,spark,poisson,total,0.1,235.56378867484705,5.427273206834798,A:knn_capacity_greedy,0.611,4.908403866000299,0.5961892400631251,0.5387096774193548,0.8514571428571429,117.93177486442619,235.28614706436593,9.943321778594902,1.7952182089259168,21.942922126166234,62.486070762884616,14.019675854684237,0.8514571428571429,0.02085714285714286,0.0984,0.029285714285714286,0.020657142857142857,0.08897142857142858,0.0,0.02037142857142857,0.009142857142857144,0.004114285714285714,0.2788,0.42254285714285716,0.04005714285714286,0.09462857142857142,0.002657142857142857
v1,1,1.3,19.444220287722384,35000,1.0,t1,spark,poisson,total,0.5,1177.8189433742352,3.1946902925992617,oracle_unconstrained,0.9293,,,,,,,,,,,,,,,,,,,,,,,,,,
v1,1,1.3,19.444220287722384,35000,1.0,t1,spark,poisson,total,0.5,1177.8189433742352,3.1946902925992617,predictor_unconstrained,0.8153285714285714,,,,,,,,,,,,,,,,,,,,,,,,,,
v1,1,1.3,19.444220287722384,35000,1.0,t1,spark,poisson,total,0.5,1177.8189433742352,3.1946902925992617,fluid_ceiling,0.8819186603898576,,,,,,,,,,,,,,,,,,,,,,,,,,
v1,1,1.3,19.444220287722384,35000,1.0,t1,spark,poisson,total,0.5,1177.8189433742352,3.1946902925992617,random,0.36888571428571426,2.0000340749975294,0.3365977665719611,0.24643874643874644,0.5134,540.2302882114436,1077.8155691022719,9.582482535445328,3.6814167213799465,90.95942285586219,145.32802616043355,18.40473446323817,0.5134,0.11625714285714285,0.3684857142857143,0.0018571428571428571,0.10377142857142857,0.0,0.0,0.028,0.010714285714285714,0.005714285714285714,0.1404857142857143,0.13682857142857144,0.04757142857142857,0.12748571428571429,0.13285714285714287
v1,1,1.3,19.444220287722384,35000,1.0,t1,spark,poisson,total,0.5,1177.8189433742352,3.1946902925992617,always_best_api,0.3804571428571429,2.8711766160013212,0.32661044844298043,0.11533357461696224,0.4316857142857143,120.43871719675371,240.28775755453267,4.0631259851975505,6.7946048514615995,18.367599709547218,26.13568358597178,8.194394866850587,0.4316857142857143,0.002457142857142857,0.0,0.5658571428571428,1.8662857142857143,0.0,0.0,0.0,0.0,0.0,0.0,0.0,0.0,0.43414285714285716,0.0
v1,1,1.3,19.444220287722384,35000,1.0,t1,spark,poisson,total,0.5,1177.8189433742352,3.1946902925992617,always_best_self,0.0053,2.648232724997797,0.004858400912860565,0.0025937990107371216,0.0092,0.0,0.0,9.095995791283373,29.62944854001654,30.0647597293572,30.116430386609533,571.140500002742,0.0092,0.0022,0.4332,0.5554,0.0,1.9416571428571427,0.0,0.0,0.0114,0.0,0.0,0.0,0.0,0.0,0.0
v1,1,1.3,19.444220287722384,35000,1.0,t1,spark,poisson,total,0.5,1177.8189433742352,3.1946902925992617,threshold,0.19834285714285715,2.391875590001291,0.13377938294429084,0.014245014245014245,0.2533714285714286,133.06220599543303,265.47292962004167,9.231397006730857,11.592061798100985,33.94241550253677,48.675564165151584,14.866107285996009,0.2533714285714286,0.024028571428571427,0.4271714285714286,0.29542857142857143,0.7632285714285715,0.34994285714285717,0.0,0.0,0.009685714285714285,0.0,0.0,0.0,0.0,0.26771428571428574,0.0
v1,1,1.3,19.444220287722384,35000,1.0,t1,spark,poisson,total,0.5,1177.8189433742352,3.1946902925992617,static_qc,0.6025285714285714,2.551134032997652,0.6073203260116061,0.35391705069124424,0.7410857142857142,147.7405380242435,294.75772748186085,9.599466406583991,3.1968049810273556,22.680990262566503,41.43071219425466,13.858624744269036,0.7410857142857142,0.01802857142857143,0.04122857142857143,0.19965714285714287,0.6827142857142857,0.0,0.0,0.0,0.0070857142857142855,0.0134,0.018914285714285713,0.38757142857142857,0.04851428571428571,0.28362857142857145,0.0
v1,1,1.3,19.444220287722384,35000,1.0,t1,spark,poisson,total,0.5,1177.8189433742352,3.1946902925992617,static_qc_fallback,0.6588857142857143,2.394158655002684,0.6490456947693214,0.4846319414550151,0.8544571428571428,162.0093966476834,323.22558334492084,9.726411614409733,2.941579956524947,22.350052008962052,43.842028919554444,14.061653709124812,0.8544571428571428,0.023857142857142858,0.11314285714285714,0.008542857142857144,0.3051142857142857,0.0,0.0,0.0,0.0062,0.013657142857142857,0.06308571428571429,0.46534285714285717,0.04711428571428571,0.2788,0.004114285714285714
v1,1,1.3,19.444220287722384,35000,1.0,t1,spark,poisson,total,0.5,1177.8189433742352,3.1946902925992617,shortest_queue,0.4017,2.8555370659996697,0.38192366523067034,0.32051282051282054,0.5734285714285714,15.208575386655866,30.34268846693677,8.893354094029947,2.539745078335045,13.309575435082293,27.410685800071015,16.782513558423943,0.5734285714285714,8.571428571428571e-05,0.010028571428571428,0.41645714285714286,1.5186285714285714,0.0,0.0,0.0286,0.010514285714285714,0.005514285714285715,0.0,0.5288857142857143,0.0,0.0,0.0
v1,1,1.3,19.444220287722384,35000,1.0,t1,spark,poisson,total,0.5,1177.8189433742352,3.1946902925992617,capacity_greedy,0.7027857142857142,2.6044610450007895,0.6742497191353367,0.6168091168091168,0.9658285714285715,98.65185405516058,196.82070135956667,9.968176907058858,1.9633262651342989,12.714980761599485,31.860695016146664,13.620925731921318,0.9658285714285715,0.0104,0.011714285714285714,0.012057142857142857,0.06971428571428571,0.0,0.0,0.0,0.0074285714285714285,0.006371428571428571,0.2721142857142857,0.5023714285714286,0.0416,0.14474285714285715,0.0016
v1,1,1.3,19.444220287722384,35000,1.0,t1,spark,poisson,total,0.5,1177.8189433742352,3.1946902925992617,batch_lp@2s,0.7069714285714286,6.435899476000486,0.6846080304560048,0.6230414746543779,0.9702285714285714,108.63835049231238,216.74479961104004,9.493502605411797,2.9376819628548674,14.540664521404468,34.204291506142624,14.282180992623381,0.9702285714285714,0.012257142857142857,0.011857142857142858,0.005657142857142857,0.049742857142857144,0.0,0.0,0.0,0.0078,0.007228571428571429,0.3316571428571429,0.4268571428571429,0.03577142857142857,0.17188571428571428,0.0012857142857142856
v1,1,1.3,19.444220287722384,35000,1.0,t1,spark,poisson,total,0.5,1177.8189433742352,3.1946902925992617,A:knn_capacity_greedy,0.6833142857142858,4.726400717001525,0.6678153071300491,0.6036866359447005,0.9362,183.880152933094,366.86001508050447,9.744116633056686,1.97758403418527,25.822802599187842,65.34525755965986,13.932989300561047,0.9362,0.03742857142857143,0.013457142857142857,0.012914285714285715,0.06168571428571429,0.0,0.0,0.0006285714285714285,0.007942857142857142,0.004742857142857143,0.2994857142857143,0.4141714285714286,0.04291428571428572,0.19702857142857144,0.006714285714285714
v1,2,0.3,4.487127758705165,8077,1.0,t1,spark,poisson,total,0.1,54.36087430958008,5.438216687965905,oracle_unconstrained,0.9272006933267303,,,,,,,,,,,,,,,,,,,,,,,,,,
v1,2,0.3,4.487127758705165,8077,1.0,t1,spark,poisson,total,0.1,54.36087430958008,5.438216687965905,predictor_unconstrained,0.8095827658784202,,,,,,,,,,,,,,,,,,,,,,,,,,
v1,2,0.3,4.487127758705165,8077,1.0,t1,spark,poisson,total,0.1,54.36087430958008,5.438216687965905,fluid_ceiling,0.8890162258905109,,,,,,,,,,,,,,,,,,,,,,,,,,
v1,2,0.3,4.487127758705165,8077,1.0,t1,spark,poisson,total,0.1,54.36087430958008,5.438216687965905,random,0.1708555156617556,0.5245694810000714,0.17186922783845734,0.11189516129032258,0.32895877182122074,27.614087802383438,55.238328600226644,9.42400396705316,11.184497243949878,41.7385437450926,112.08321642235082,55.02886532507773,0.32895877182122074,0.028228302587594404,0.4595765754611861,0.18323635012999875,0.0002476166893648632,0.0,0.9333911105608518,0.12021790268664108,0.050885229664479385,0.023152160455614707,0.03367586975362139,0.03367586975362139,0.03739012009409434,0.028352110932276835,0.029837811068466013
v1,2,0.3,4.487127758705165,8077,1.0,t1,spark,poisson,total,0.1,54.36087430958008,5.438216687965905,always_best_api,0.05045190045809088,0.6164064699987648,0.04690411701182717,0.021421370967741934,0.057818496966695554,27.23523868760094,54.480491077509186,4.000153675082313,18.005085539585522,121.48142178357288,281.38258768868803,22.149105053101948,0.057818496966695554,0.03181874458338492,0.0,0.9103627584499195,0.008914200817135075,0.0,2.727745450043333,0.0,0.0,0.0,0.0,0.0,0.0,0.08963724155008047,0.0
v1,2,0.3,4.487127758705165,8077,1.0,t1,spark,poisson,total,0.1,54.36087430958008,5.438216687965905,always_best_self,0.02476166893648632,0.249277904000337,0.029608911203735405,0.010584677419354838,0.04073294540051999,0.0,0.0,8.781231549712398,29.723525468751404,30.057740066548575,30.12819590020676,576.0101822648157,0.04073294540051999,0.007676117370310759,0.9515909372291692,0.0,0.0,0.0,0.0,0.0,0.048409062770830756,0.0,0.0,0.0,0.0,0.0,0.0
v1,2,0.3,4.487127758705165,8077,1.0,t1,spark,poisson,total,0.1,54.36087430958008,5.438216687965905,threshold,0.04618051256654698,0.2800333839986706,0.045942600397369505,0.02338709677419355,0.07787544880524948,27.090192509349436,54.19034539122756,9.166051674863533,29.84543555863229,69.22559440636316,91.93412313955312,63.79015028819322,0.07787544880524948,0.05571375510709422,0.8483347777640213,0.018076018323635014,0.0,0.0,0.05658041351987124,0.0,0.04580908753249969,0.0,0.0,0.0,0.0,0.087780116379844,0.0
v1,2,0.3,4.487127758705165,8077,1.0,t1,spark,poisson,total,0.1,54.36087430958008,5.438216687965905,static_qc,0.6039990095332426,0.42243751299974974,0.6412065500143493,0.36863619472315123,0.7894020056951838,26.418269169795167,52.84625166305245,9.659483809942646,2.2782272118056426,18.86225717677212,38.56681265592508,14.176093408337692,0.7894020056951838,0.012999876191655317,0.1418843630060666,0.05571375510709422,0.0,0.0,0.17692212455119474,0.0,0.03355206140893896,0.012752259502290454,0.04952333787297264,0.4593289587718212,0.1069704098056209,0.140274854525195,0.0
v1,2,0.3,4.487127758705165,8077,1.0,t1,spark,poisson,total,0.1,54.36087430958008,5.438216687965905,static_qc_fallback,0.6040609137055838,0.43827991699799895,0.6387116235768442,0.3671497584541063,0.7886591556270892,26.378355726601512,52.766410101510544,9.737780876611028,2.2841400755525,18.904779525202343,38.043990674447365,14.165799433807024,0.7886591556270892,0.012504642812925591,0.15736040609137056,0.04147579546861459,0.0,0.0,0.15426519747430978,0.0,0.03342825306425653,0.014485576327844496,0.049894762907019934,0.45511947505261857,0.10882753497585737,0.13940819611241798,0.0
v1,2,0.3,4.487127758705165,8077,1.0,t1,spark,poisson,total,0.1,54.36087430958008,5.438216687965905,shortest_queue,0.6161322273121208,0.3765347490007116,0.631278411009316,0.5449101796407185,0.9591432462547975,5.9189997690336895,11.840175803248087,9.208689081390053,2.6038609758010125,24.62248215735337,28.9550371406831,21.330106798654356,0.9591432462547975,0.0009904667574594528,0.03986628698774297,0.0,0.0,0.0,0.0,0.12702736164417483,0.04692336263464157,0.02649498576204036,0.0,0.7596880029714003,0.0,0.0,0.0
v1,2,0.3,4.487127758705165,8077,1.0,t1,spark,poisson,total,0.1,54.36087430958008,5.438216687965905,capacity_greedy,0.705398043828154,0.5352347789994383,0.721064617724068,0.5648457822370866,0.947505261854649,22.35771903600289,44.72365843479624,9.315412114241747,2.014792056100532,12.985672651795824,27.687089180212574,14.128033678420906,0.947505261854649,0.0035904419957905162,0.04890429614956048,0.0,0.0002476166893648632,0.0,0.0,0.0,0.03355206140893896,0.014609384672526928,0.13408443729107342,0.5245759564194626,0.11749411910362759,0.12677974495480995,0.0
v1,2,0.3,4.487127758705165,8077,1.0,t1,spark,poisson,total,0.1,54.36087430958008,5.438216687965905,batch_lp@2s,0.7032933019685527,2.8564709790007328,0.7196968511504317,0.5596432552954292,0.9472576451652841,22.351617356393035,44.71145283214463,9.411251437014327,3.067928950408678,13.702798300899644,28.289711022512165,15.18027194194002,0.9472576451652841,0.0037142503404729477,0.04878048780487805,0.0002476166893648632,0.0008666584127770212,0.0,0.0,0.0,0.033923486442986255,0.013495109570385045,0.1321035037761545,0.527547356691841,0.11737031075894515,0.1265321282654451,0.0
v1,2,0.3,4.487127758705165,8077,1.0,t1,spark,poisson,total,0.1,54.36087430958008,5.438216687965905,A:knn_capacity_greedy,0.6535223474062152,2.681889998999395,0.6403089374718651,0.5652173913043478,0.9374767859353721,26.32015526799296,52.649987785469904,10.133326183276745,1.4503669896657811,20.657062208271437,40.48989677861381,14.47353552993468,0.9374767859353721,0.014485576327844496,0.04791382939210103,0.0001238083446824316,0.0003714250340472948,0.0,0.0,0.06376129751145228,0.03813297016218893,0.02240931038752012,0.2526928314968429,0.38058685155379474,0.10907515166522223,0.08258016590318187,0.002723783583013495
v1,2,0.3,4.487127758705165,8077,1.0,t1,spark,poisson,total,0.5,271.8043715479004,3.1315309607962263,oracle_unconstrained,0.9272006933267303,,,,,,,,,,,,,,,,,,,,,,,,,,
v1,2,0.3,4.487127758705165,8077,1.0,t1,spark,poisson,total,0.5,271.8043715479004,3.1315309607962263,predictor_unconstrained,0.8095827658784202,,,,,,,,,,,,,,,,,,,,,,,,,,
v1,2,0.3,4.487127758705165,8077,1.0,t1,spark,poisson,total,0.5,271.8043715479004,3.1315309607962263,fluid_ceiling,0.8890162258905109,,,,,,,,,,,,,,,,,,,,,,,,,,
v1,2,0.3,4.487127758705165,8077,1.0,t1,spark,poisson,total,0.5,271.8043715479004,3.1315309607962263,random,0.44540051999504765,0.3897568259999389,0.4232006930643539,0.352,0.6908505633279683,125.99878279425866,252.04389212585585,9.118412825513007,2.414890542719718,85.80506384113912,150.63376269204812,20.546994072074995,0.6908505633279683,0.10573232635879658,0.19908381824935,0.004333292063885106,0.0018571251702364738,0.0,0.02562832734926334,0.10845610994181008,0.049894762907019934,0.025009285625851183,0.12207502785687756,0.1273987866782221,0.11811316082703974,0.12120836944410053,0.12442738640584375
v1,2,0.3,4.487127758705165,8077,1.0,t1,spark,poisson,total,0.5,271.8043715479004,3.1315309607962263,always_best_api,0.5242045313854153,0.4483517370026675,0.4911427908234614,0.2590725806451613,0.6154512814163675,135.92121458775364,271.8924039378268,4.205896485194326,13.056042735849815,60.518844211814006,102.85378711236068,16.027219825380826,0.6154512814163675,0.1763030828277826,0.0,0.20824563575584995,0.6040609137055838,0.0,0.12826544509099913,0.0,0.0,0.0,0.0,0.0,0.0,0.79175436424415,0.0
v1,2,0.3,4.487127758705165,8077,1.0,t1,spark,poisson,total,0.5,271.8043715479004,3.1315309607962263,always_best_self,0.02476166893648632,0.25574101000165683,0.029608911203735405,0.010584677419354838,0.04073294540051999,0.0,0.0,8.781231549712398,29.723525468751404,30.057740066548575,30.12819590020676,576.0101822648157,0.04073294540051999,0.007676117370310759,0.9515909372291692,0.0,0.0,0.0,0.0,0.0,0.048409062770830756,0.0,0.0,0.0,0.0,0.0,0.0
v1,2,0.3,4.487127758705165,8077,1.0,t1,spark,poisson,total,0.5,271.8043715479004,3.1315309607962263,threshold,0.2417976971647889,0.32894512599887094,0.1693136581314192,0.056,0.31893029590194377,133.16795543488115,266.3848733289459,8.453566228737202,23.27766555428593,93.06460345783125,231.26821472439656,32.00636486148977,0.31893029590194377,0.18509347530023523,0.4754240435805373,0.020552185217283647,0.0003714250340472948,0.0,0.06735173950724278,0.0,0.045437662498452394,0.0,0.0,0.0,0.0,0.4585861087037266,0.0
v1,2,0.3,4.487127758705165,8077,1.0,t1,spark,poisson,total,0.5,271.8043715479004,3.1315309607962263,static_qc,0.6473938343444348,0.41915844200048014,0.6684379822488645,0.452991452991453,0.7994304816144608,126.93258776078983,253.91184539517656,9.417078828206437,3.5399941337757355,74.24054604813215,232.541069201699,15.192996776580259,0.7994304816144608,0.11811316082703974,0.06277083075399281,0.019685526804506623,0.0,0.0,0.06475176426891173,0.0,0.03008542775783088,0.002228550204283769,0.01399034294911477,0.3549585242045314,0.11291321035037762,0.4033675869753621,0.0
v1,2,0.3,4.487127758705165,8077,1.0,t1,spark,poisson,total,0.5,271.8043715479004,3.1315309607962263,static_qc_fallback,0.6501176179274483,0.42199941400031094,0.6711204445960962,0.454477889260498,0.803763773678346,126.91139442928215,253.86945093991403,9.387395622222282,3.4979192335594576,74.30293326171854,231.24387130897563,15.155361513032062,0.803763773678346,0.11823696917172218,0.06772316454129008,0.010276092608641823,0.0004952333787297264,0.0,0.04605670422186455,0.0,0.03008542775783088,0.0037142503404729477,0.014361767983162065,0.35483471585984894,0.11452271883124923,0.4043580537328216,0.0001238083446824316
v1,2,0.3,4.487127758705165,8077,1.0,t1,spark,poisson,total,0.5,271.8043715479004,3.1315309607962263,shortest_queue,0.6161322273121208,0.37840587600294384,0.631278411009316,0.5449101796407185,0.9591432462547975,5.9189997690336895,11.840175803248087,9.208689081390053,2.6038609758010125,24.62248215735337,28.9550371406831,21.330106798654356,0.9591432462547975,0.0009904667574594528,0.03986628698774297,0.0,0.0,0.0,0.0,0.12702736164417483,0.04692336263464157,0.02649498576204036,0.0,0.7596880029714003,0.0,0.0,0.0
v1,2,0.3,4.487127758705165,8077,1.0,t1,spark,poisson,total,0.5,271.8043715479004,3.1315309607962263,capacity_greedy,0.7057694688622013,0.5353083729969512,0.7165903005664963,0.5704199182460052,0.942057694688622,30.638727377567193,61.2887198333866,9.546791376119923,2.0692625529357542,16.367563090430338,41.841523599592996,14.355785642466948,0.942057694688622,0.013495109570385045,0.04333292063885106,0.0011142751021418844,0.005323758821344559,0.0,0.0,0.0,0.0333044447195741,0.01399034294911477,0.1343320539804383,0.4897858115636994,0.1218274111675127,0.16231273987866782,0.0
v1,2,0.3,4.487127758705165,8077,1.0,t1,spark,poisson,total,0.5,271.8043715479004,3.1315309607962263,batch_lp@2s,0.7048409062770831,2.991700803999265,0.71688882721332,0.5674470457079153,0.9440386282035409,27.340724062703885,54.69150061199584,9.445313098237843,3.1283179080453465,15.92531863628681,30.054895358303874,15.243309881901723,0.9440386282035409,0.009780859229912096,0.04481862077504024,0.0013618917915067476,0.010523709298006686,0.0,0.0,0.0,0.03379967809830382,0.013123684536337749,0.1316082703974248,0.4991952457595642,0.12034171103132352,0.15575089761049896,0.0
v1,2,0.3,4.487127758705165,8077,1.0,t1,spark,poisson,total,0.5,271.8043715479004,3.1315309607962263,A:knn_capacity_greedy,0.6674507861829887,2.7485490159997426,0.6564802099495345,0.5819397993311036,0.9125913086542033,50.18567256111601,100.38979711345131,9.836134248627658,1.8224937185996168,28.661018716979967,82.39279681317566,13.473583516454354,0.9125913086542033,0.04110437043456729,0.04432338739631051,0.0019809335149189055,0.007428500680945895,0.0,0.0,0.001238083446824316,0.03862820354091866,0.02030456852791878,0.23969295530518758,0.3318063637489167,0.12257026123560728,0.19413148446205275,0.005323758821344559
v1,2,0.7,10.469964770312052,18846,1.0,t1,spark,poisson,total,0.1,126.84204005568688,5.438216687965905,oracle_unconstrained,0.9234320280165552,,,,,,,,,,,,,,,,,,,,,,,,,,
v1,2,0.7,10.469964770312052,18846,1.0,t1,spark,poisson,total,0.1,126.84204005568688,5.438216687965905,predictor_unconstrained,0.8057943330149634,,,,,,,,,,,,,,,,,,,,,,,,,,
v1,2,0.7,10.469964770312052,18846,1.0,t1,spark,poisson,total,0.1,126.84204005568688,5.438216687965905,fluid_ceiling,0.880249251640818,,,,,,,,,,,,,,,,,,,,,,,,,,
v1,2,0.7,10.469964770312052,18846,1.0,t1,spark,poisson,total,0.1,126.84204005568688,5.438216687965905,random,0.10710495595882415,1.280335939998622,0.10068355222008822,0.07865168539325842,0.1833810888252149,63.6307012103789,127.47999932408307,9.655821799448269,10.65240776058613,74.64476219659832,144.12555676185346,40.107476371637745,0.1833810888252149,0.02913085004775549,0.593282394141993,0.1942056669850366,0.009869468322190385,0.0,0.994534649262443,0.051098376313276024,0.020110368247904065,0.010453146556298419,0.029820651597155894,0.02737981534543139,0.01862464183381089,0.026955322084261914,0.028069616894831794
v1,2,0.7,10.469964770312052,18846,1.0,t1,spark,poisson,total,0.1,126.84204005568688,5.438216687965905,always_best_api,0.10124164278892073,1.4984708800002409,0.09265885865111752,0.047752808988764044,0.11891117478510028,63.533885068434756,127.28603443803235,4.082120984213595,11.64975947324325,71.1758290658608,210.9253568442988,14.234446160199468,0.11891117478510028,0.027273692030139022,0.0,0.8538151331847607,0.1756871484665181,0.0,2.4516077682266793,0.0,0.0,0.0,0.0,0.0,0.0,0.14618486681523932,0.0
v1,2,0.7,10.469964770312052,18846,1.0,t1,spark,poisson,total,0.1,126.84204005568688,5.438216687965905,always_best_self,0.008038841133397007,0.967798710000352,0.008790586029073937,0.002857142857142857,0.015334819059747427,0.0,0.0,9.226375368585131,29.887166128737874,30.073650811849046,30.115843330725667,573.420225807753,0.015334819059747427,0.005571474052849411,0.7895044041175846,0.18958930276981853,0.0,0.8823623049984082,0.0,0.0,0.020906293112596838,0.0,0.0,0.0,0.0,0.0,0.0
v1,2,0.7,10.469964770312052,18846,1.0,t1,spark,poisson,total,0.1,126.84204005568688,5.438216687965905,threshold,0.033959460893558314,0.9021953330011456,0.02713523163564019,0.008426966292134831,0.05205348615090735,63.2943539051339,126.80614922610087,9.12457031082233,30.00781896311142,75.32824426221744,103.68209349307114,46.671206461178485,0.05205348615090735,0.05247797941207683,0.782447203650642,0.11302133078637376,0.0,0.49570200573065903,0.03783296190172981,0.0,0.019261381725565106,0.0,0.0,0.0,0.0,0.08527008383741908,0.0
v1,2,0.7,10.469964770312052,18846,1.0,t1,spark,poisson,total,0.1,126.84204005568688,5.438216687965905,static_qc,0.5677332059853549,1.0325194659999397,0.603348809514825,0.31426319936958236,0.7460469065053592,61.744806757717015,123.70173161718225,9.600692770005818,2.385327156698679,16.025218928211643,46.51529400367196,14.008658684426308,0.7460469065053592,0.014645017510347023,0.16878913297251405,0.07051894301177969,0.1409848243659132,0.0,0.09328239414199299,0.0,0.012947044465669107,0.004881672503449007,0.060118858113127456,0.4646078743499947,0.07104955958824154,0.14708691499522444,0.0
v1,2,0.7,10.469964770312052,18846,1.0,t1,spark,poisson,total,0.1,126.84204005568688,5.438216687965905,static_qc_fallback,0.566884219463016,1.0621153190004406,0.6090024203931053,0.2973995271867612,0.7462591531359439,62.97681180980544,126.16997415136767,9.552282988074683,2.408770976968867,16.803806518159092,46.82961133854573,14.11097052307025,0.7462591531359439,0.01623686723973257,0.18858113127454101,0.048922848349782444,0.039212565000530615,0.0,0.1784463546641197,0.0,0.012840921150376737,0.004881672503449007,0.061020906293112596,0.46752626552053483,0.06882096996710177,0.14740528494110156,0.0
v1,2,0.7,10.469964770312052,18846,1.0,t1,spark,poisson,total,0.1,126.84204005568688,5.438216687965905,shortest_queue,0.6591584421097315,0.9349693929980276,0.6399706894340161,0.5742320819112628,0.9603098800806538,15.111905732288506,30.275726903721704,9.648597494785067,2.4341865065574666,10.541365997264839,27.322248533609283,17.150008622776795,0.9603098800806538,0.0005306165764618487,0.02117160140082776,0.01798790194205667,0.08463334394566487,0.0,0.0,0.04425342247691818,0.01984505995967314,0.010134776610421309,0.0,0.886607237610103,0.0,0.0,0.0
v1,2,0.7,10.469964770312052,18846,1.0,t1,spark,poisson,total,0.1,126.84204005568688,5.438216687965905,capacity_greedy,0.7097792635041918,1.2688255190005293,0.7101917598252944,0.5957446808510638,0.9666772789981959,51.839110521377734,103.8563091168385,9.883333411479443,2.0867881557940393,10.996863632193708,28.123418601135086,14.185211018518658,0.9666772789981959,0.0065265838904807385,0.02255120449962857,0.004244932611694789,0.01984505995967314,0.0,0.0,0.0,0.013053167780961477,0.0066327072057731085,0.1872545898333864,0.5622943860766211,0.06669850366125438,0.13727050833068025,0.0
v1,2,0.7,10.469964770312052,18846,1.0,t1,spark,poisson,total,0.1,126.84204005568688,5.438216687965905,batch_lp@2s,0.7086119070359758,4.10709118199884,0.7091356236398809,0.5946414499605989,0.9665180940252573,51.48193237119631,103.14072576670125,9.846990085528502,3.1364826718769905,11.741271209045266,26.797368236547207,15.050619728067886,0.9665180940252573,0.0064204605751883685,0.023081821076090418,0.003979624323463865,0.022445081184336198,0.0,0.0,0.0,0.012893982808022923,0.0061551522869574445,0.18523824684283138,0.5678127984718243,0.06462909901305317,0.13620927517775655,0.0
v1,2,0.7,10.469964770312052,18846,1.0,t1,spark,poisson,total,0.1,126.84204005568688,5.438216687965905,A:knn_capacity_greedy,0.6042396264459302,3.5592885709993425,0.5943136760516873,0.5284475965327029,0.8565743393823623,63.43088940744383,127.07968928476902,9.577385083874534,1.7289674785262719,23.450544973013166,47.11135233125481,14.164027464121205,0.8565743393823623,0.020853231454950653,0.11684177013689907,0.0057306590257879654,0.01777565531147193,0.011726626339806855,0.0,0.028547171813647458,0.015600127347978351,0.0077470020163429906,0.2626021436909689,0.40066857688634194,0.0630903109413138,0.09593547702430225,0.0032367611164172768
v1,2,0.7,10.469964770312052,18846,1.0,t1,spark,poisson,total,0.5,634.2102002784343,3.1315309607962263,oracle_unconstrained,0.9234320280165552,,,,,,,,,,,,,,,,,,,,,,,,,,
v1,2,0.7,10.469964770312052,18846,1.0,t1,spark,poisson,total,0.5,634.2102002784343,3.1315309607962263,predictor_unconstrained,0.8057943330149634,,,,,,,,,,,,,,,,,,,,,,,,,,
v1,2,0.7,10.469964770312052,18846,1.0,t1,spark,poisson,total,0.5,634.2102002784343,3.1315309607962263,fluid_ceiling,0.880249251640818,,,,,,,,,,,,,,,,,,,,,,,,,,
v1,2,0.7,10.469964770312052,18846,1.0,t1,spark,poisson,total,0.5,634.2102002784343,3.1315309607962263,random,0.3832908840072164,0.9858568519994151,0.36131100816302825,0.2808988764044944,0.5549718773214475,305.8218461001816,612.6943125338668,9.811282024366982,3.696599620617576,94.82928487057139,164.08037334550585,19.188874840140215,0.5549718773214475,0.11620503024514486,0.3230393717499735,0.00578372068343415,0.05385758251087764,0.0,0.03762071527114507,0.04886978669213626,0.019367505040857477,0.011302133078637377,0.1293643213413987,0.13138066433195372,0.0725883476599809,0.12713573172025894,0.131168417701369
v1,2,0.7,10.469964770312052,18846,1.0,t1,spark,poisson,total,0.5,634.2102002784343,3.1315309607962263,always_best_api,0.485063143372599,1.3609504029991513,0.43140344823755933,0.21067415730337077,0.5635678658601295,126.69296844216296,253.82117789295444,4.1265753158046135,8.537265736066274,29.15544650640129,45.36373249020985,10.350848043314613,0.5635678658601295,0.026530828823092434,0.0,0.4099013053167781,1.4048073861827444,0.0,0.0,0.0,0.0,0.0,0.0,0.0,0.0,0.590098694683222,0.0
v1,2,0.7,10.469964770312052,18846,1.0,t1,spark,poisson,total,0.5,634.2102002784343,3.1315309607962263,always_best_self,0.008038841133397007,1.0446568619991012,0.008790586029073937,0.002857142857142857,0.015334819059747427,0.0,0.0,9.226375368585131,29.887166128737874,30.073650811849046,30.115843330725667,573.420225807753,0.015334819059747427,0.005571474052849411,0.7895044041175846,0.18958930276981853,0.0,0.8823623049984082,0.0,0.0,0.020906293112596838,0.0,0.0,0.0,0.0,0.0,0.0
v1,2,0.7,10.469964770312052,18846,1.0,t1,spark,poisson,total,0.5,634.2102002784343,3.1315309607962263,threshold,0.2219834447628144,0.9615194619982503,0.13770901605636823,0.011235955056179775,0.2906186989281545,136.0115178115666,272.4902895751504,9.422752720273271,15.295901487735875,52.68436301143684,77.24255918581082,19.502826788379366,0.2906186989281545,0.07964554812692348,0.5131062294386076,0.11662952350631434,0.4253422476918179,0.0,0.0,0.0,0.01841239520322615,0.0,0.0,0.0,0.0,0.35185185185185186,0.0
v1,2,0.7,10.469964770312052,18846,1.0,t1,spark,poisson,total,0.5,634.2102002784343,3.1315309607962263,static_qc,0.6096784463546642,1.184094771000673,0.6267997746214052,0.41245074862096137,0.754589833386395,149.49284587861257,299.49925946207105,9.664695768140017,3.528168721531074,42.60010843823854,81.66508434344638,14.165145598827849,0.754589833386395,0.06855566167887085,0.08022922636103152,0.09662527857370264,0.33651703279210443,0.0,0.0,0.0,0.012363366231561075,0.0035551310622943862,0.02170221797728961,0.3575825108776398,0.07099649793059536,0.3569457709858856,0.0
v1,2,0.7,10.469964770312052,18846,1.0,t1,spark,poisson,total,0.5,634.2102002784343,3.1315309607962263,static_qc_fallback,0.649235912129895,1.1230948519987578,0.6715890675103053,0.4289992119779354,0.8293537090098695,153.26191219284738,307.05034034050556,9.443498626391554,3.3589326793146483,39.0420092776491,79.24993074631216,14.985805218080202,0.8293537090098695,0.06882096996710177,0.10182532102302876,0.0,0.11662952350631434,0.0,0.0,0.0,0.011302133078637377,0.004987795818741377,0.03406558420885068,0.4123421415685026,0.06998832643531784,0.3636846015069511,0.0018040963599702854
v1,2,0.7,10.469964770312052,18846,1.0,t1,spark,poisson,total,0.5,634.2102002784343,3.1315309607962263,shortest_queue,0.6591584421097315,0.9383432889990218,0.6399706894340161,0.5742320819112628,0.9603098800806538,15.111905732288506,30.275726903721704,9.648597494785067,2.4341865065574666,10.541365997264839,27.322248533609283,17.150008622776795,0.9603098800806538,0.0005306165764618487,0.02117160140082776,0.01798790194205667,0.08463334394566487,0.0,0.0,0.04425342247691818,0.01984505995967314,0.010134776610421309,0.0,0.886607237610103,0.0,0.0,0.0
v1,2,0.7,10.469964770312052,18846,1.0,t1,spark,poisson,total,0.5,634.2102002784343,3.1315309607962263,capacity_greedy,0.7079486363153985,1.3340176530000463,0.7081730378155099,0.594956658786446,0.956648625703067,73.03688961064108,146.32469014311232,9.597591616387772,2.1758707926885563,15.340417811049024,50.24244625143001,14.51255775413847,0.956648625703067,0.01666136050090205,0.02191446460787435,0.004775549188156638,0.02212671123845909,0.0,0.0,0.0,0.012310304573914889,0.0070572004669425875,0.18709540486044784,0.5182532102302876,0.06611482542714635,0.18247904064522977,0.0
v1,2,0.7,10.469964770312052,18846,1.0,t1,spark,poisson,total,0.5,634.2102002784343,3.1315309607962263,batch_lp@2s,0.7081874137748063,4.138505778999388,0.7056476416694565,0.5960598896769109,0.9605221267112385,63.99787141099296,128.21560110177444,9.772188021514244,3.215623219384497,14.593004625249513,36.14887629835018,15.262311753940367,0.9605221267112385,0.012469489546853443,0.022392019526690014,0.004616364215218083,0.023612437652552266,0.0,0.0,0.0,0.012628674519791999,0.006314337259895999,0.18486681523930806,0.530404329831264,0.06436379072482225,0.17441366868300967,0.0
v1,2,0.7,10.469964770312052,18846,1.0,t1,spark,poisson,total,0.5,634.2102002784343,3.1315309607962263,A:knn_capacity_greedy,0.6718667091159928,3.5130063699980383,0.6594337092955864,0.5951142631993696,0.9238565212777247,115.75727798649677,231.912228511939,9.73456367001487,1.9603101119524808,28.248272279035092,82.26780346216329,13.896163813364183,0.9238565212777247,0.04366974424281014,0.027114507057200466,0.005359227422264671,0.024620609147829778,0.0,0.0,0.0003183699458771092,0.014645017510347023,0.009020481799851427,0.2770349145707312,0.3857051894301178,0.06887403162474796,0.20566698503661254,0.006261275602249814
v1,2,1.0,14.957092529017217,26923,1.0,t1,spark,poisson,total,0.1,181.20291436526696,5.438216687965905,oracle_unconstrained,0.9279797942279835,,,,,,,,,,,,,,,,,,,,,,,,,,
v1,2,1.0,14.957092529017217,26923,1.0,t1,spark,poisson,total,0.1,181.20291436526696,5.438216687965905,predictor_unconstrained,0.8126323218066337,,,,,,,,,,,,,,,,,,,,,,,,,,
v1,2,1.0,14.957092529017217,26923,1.0,t1,spark,poisson,total,0.1,181.20291436526696,5.438216687965905,fluid_ceiling,0.877611952017745,,,,,,,,,,,,,,,,,,,,,,,,,,
v1,2,1.0,14.957092529017217,26923,1.0,t1,spark,poisson,total,0.1,181.20291436526696,5.438216687965905,random,0.08893882553950154,1.8629862730012974,0.07749375857575057,0.03621730382293763,0.14541470118486052,90.67894236948814,181.88750783038094,9.077591769217731,10.80883287189096,86.89287240007758,165.22976224999422,35.12795313606955,0.14541470118486052,0.03090294543698696,0.6283846525275787,0.19529770085057385,0.011180031942948409,0.0,1.01615718902054,0.03591724547784422,0.014560041600118857,0.008097165991902834,0.026742933551238718,0.025814359469598484,0.014188611967462765,0.025331500947145563,0.025665787616536047
v1,2,1.0,14.957092529017217,26923,1.0,t1,spark,poisson,total,0.1,181.20291436526696,5.438216687965905,always_best_api,0.12979608513167182,2.209372080000321,0.11038769230510832,0.05217735550277118,0.14994614270326487,90.83465704869013,182.1998466622263,4.285163360895006,8.912644702868079,67.91584314687069,196.31927361353561,10.836001307698666,0.14994614270326487,0.024217212049177282,0.0,0.8258366452475578,0.3468409909742599,0.0,2.2220406344018127,0.0,0.0,0.0,0.0,0.0,0.0,0.17416335475244216,0.0
v1,2,1.0,14.957092529017217,26923,1.0,t1,spark,poisson,total,0.1,181.20291436526696,5.438216687965905,always_best_self,0.006462875608216023,1.819315838998591,0.008088786224386276,0.00395882818685669,0.011291460832745237,0.0,0.0,8.790555223607786,29.758361416001165,30.054870106250213,30.09652121123704,601.6077518658094,0.011291460832745237,0.0028228652081863093,0.5598187423392639,0.42606693161980463,0.0,1.619507484307098,0.0,0.0,0.014114326040931546,0.0,0.0,0.0,0.0,0.0,0.0
v1,2,1.0,14.957092529017217,26923,1.0,t1,spark,poisson,total,0.1,181.20291436526696,5.438216687965905,threshold,0.03268580767373621,1.783467870001914,0.02484929184775744,0.0030321406913280777,0.04891728262080749,90.6777351773344,181.88508639529826,9.073664696910809,30.03258750753548,75.00866290162416,103.68235784529135,43.99613484613042,0.04891728262080749,0.05114586041674405,0.5588158823310924,0.3411209746313561,0.0,1.3029380083943096,0.040931545518701484,0.0,0.013705753445009843,0.0,0.0,0.0,0.0,0.08635738959254169,0.0
v1,2,1.0,14.957092529017217,26923,1.0,t1,spark,poisson,total,0.1,181.20291436526696,5.438216687965905,static_qc,0.5746573561638747,1.5203333209974517,0.6022656989770164,0.3232891832229581,0.7512907179734799,84.05187976864181,168.59467633933514,9.68611681014878,2.4348553524279737,15.18671728414292,43.36464635812506,14.157503605031252,0.7512907179734799,0.014114326040931546,0.17390335400958287,0.06069160197600565,0.20042342978122796,0.0,0.0,0.0,0.009174311926605505,0.003714296326560933,0.0593173123351781,0.4863499609998886,0.05656873305352301,0.15028042937265534,0.0
v1,2,1.0,14.957092529017217,26923,1.0,t1,spark,poisson,total,0.1,181.20291436526696,5.438216687965905,static_qc_fallback,0.6026260075028785,1.5033416650003346,0.639110444537231,0.3152317880794702,0.786836533818668,88.85205729304289,178.22306749876378,9.666888174766255,2.4658408264107265,16.178118714255348,43.60718864213727,14.294125778071248,0.786836533818668,0.01600861716747762,0.18092337406678305,0.016231474947071278,0.05946588418824054,0.0,0.06236303532295807,0.0,0.009174311926605505,0.003751439289826542,0.061063031608661736,0.5180700516287189,0.055157300449429854,0.15562901608290308,0.0
v1,2,1.0,14.957092529017217,26923,1.0,t1,spark,poisson,total,0.1,181.20291436526696,5.438216687965905,shortest_queue,0.5147828993797126,1.8800903359988297,0.483562239961388,0.386317907444668,0.7415221186346247,15.026356339729318,30.140476222892655,9.407805537502657,2.511880480017851,12.128310755710476,26.89456061494103,16.77210377115088,0.7415221186346247,0.00018571481632804665,0.013631467518478624,0.24466069903056867,0.9948371281060803,0.0,0.0,0.03848010994317127,0.013668610481744234,0.007465735616387475,0.0,0.6820933774096497,0.0,0.0,0.0
v1,2,1.0,14.957092529017217,26923,1.0,t1,spark,poisson,total,0.1,181.20291436526696,5.438216687965905,capacity_greedy,0.7156706162017605,1.8650619669970183,0.7002954021610183,0.6177704194260486,0.9713627753222152,70.4527592856357,141.31700780124947,9.566262378521218,2.101403064371823,10.650997552995106,26.96074625284911,14.03010444330721,0.9713627753222152,0.006537161534747242,0.015860045314415185,0.006240017828622367,0.03569438769825057,0.0,0.0,0.0,0.008840025257215021,0.0043457267020762915,0.20528915796902278,0.5710359172454779,0.051443004122868924,0.136908962597036,3.714296326560933e-05
v1,2,1.0,14.957092529017217,26923,1.0,t1,spark,poisson,total,0.1,181.20291436526696,5.438216687965905,batch_lp@2s,0.7172491921405489,5.152487284998642,0.7003697344959319,0.619757174392936,0.9709170597630279,75.05953144346131,150.55745861633562,9.318566952575653,3.1130035782191214,11.710760359840037,28.44395360766246,14.850170616850448,0.9709170597630279,0.00839430969802771,0.016862905322586635,0.003825725216357761,0.031237232106377445,0.0,0.0,0.0,0.00891431118374624,0.003751439289826542,0.22408349738142108,0.5517958622738922,0.04821156631876091,0.142517550050143,3.714296326560933e-05
v1,2,1.0,14.957092529017217,26923,1.0,t1,spark,poisson,total,0.1,181.20291436526696,5.438216687965905,A:knn_capacity_greedy,0.5903316866619619,4.111984664999909,0.5750762659957164,0.5033353547604609,0.8301080860231029,90.61950368086946,181.76828329313938,9.9130295544086,1.7730723996788242,24.111517953315765,59.84632960681615,14.297163269437178,0.8301080860231029,0.021208632024662926,0.12792036548675853,0.020762916465475616,0.016862905322586635,0.06648590424544071,0.0,0.027225792073691638,0.011365746759276455,0.005757159306169446,0.26167217620621774,0.4002897151134718,0.048434424098354564,0.09352598150280429,0.0030457229877799653
v1,2,1.0,14.957092529017217,26923,1.0,t1,spark,poisson,total,0.5,906.0145718263348,3.1315309607962263,oracle_unconstrained,0.9279797942279835,,,,,,,,,,,,,,,,,,,,,,,,,,
v1,2,1.0,14.957092529017217,26923,1.0,t1,spark,poisson,total,0.5,906.0145718263348,3.1315309607962263,predictor_unconstrained,0.8126323218066337,,,,,,,,,,,,,,,,,,,,,,,,,,
v1,2,1.0,14.957092529017217,26923,1.0,t1,spark,poisson,total,0.5,906.0145718263348,3.1315309607962263,fluid_ceiling,0.877611952017745,,,,,,,,,,,,,,,,,,,,,,,,,,
v1,2,1.0,14.957092529017217,26923,1.0,t1,spark,poisson,total,0.5,906.0145718263348,3.1315309607962263,random,0.36751105003157153,1.4425187619999633,0.3298823157892921,0.2152917505030181,0.5165100471715633,444.258491380162,891.1117368392678,9.680009003809221,3.9423995702568106,96.60587017352184,169.08053794046816,18.77295832534486,0.5165100471715633,0.12019462912751179,0.356535304386584,0.006760019314340898,0.0756230732087806,0.0,0.0401886862533893,0.035322958065594476,0.013557181591947406,0.007502878579653084,0.1305946588418824,0.13122608921739776,0.05582587378821082,0.13011180031942948,0.1325632358949597
v1,2,1.0,14.957092529017217,26923,1.0,t1,spark,poisson,total,0.5,906.0145718263348,3.1315309607962263,always_best_api,0.42783122237492105,1.9780223920024582,0.3684413827714473,0.15494853523357086,0.4889499684284812,122.72142112441361,246.15961393516483,4.070137312976278,7.36623817909674,22.33676723218668,32.02901420794882,8.888241365218704,0.4889499684284812,0.006797162277606507,0.0,0.5042528692939122,1.6845819559484456,0.0,0.0,0.0,0.0,0.0,0.0,0.0,0.0,0.4957471307060877,0.0
v1,2,1.0,14.957092529017217,26923,1.0,t1,spark,poisson,total,0.5,906.0145718263348,3.1315309607962263,always_best_self,0.006462875608216023,1.7691391439984727,0.008088786224386276,0.00395882818685669,0.011291460832745237,0.0,0.0,8.790555223607786,29.758361416001165,30.054870106250213,30.09652121123704,601.6077518658094,0.011291460832745237,0.0028228652081863093,0.5598187423392639,0.42606693161980463,0.0,1.619507484307098,0.0,0.0,0.014114326040931546,0.0,0.0,0.0,0.0,0.0,0.0
v1,2,1.0,14.957092529017217,26923,1.0,t1,spark,poisson,total,0.5,906.0145718263348,3.1315309607962263,threshold,0.2025962931322661,1.4868637350009521,0.12312620657673068,0.009375,0.2622293206552019,133.23817997297738,267.2545562385723,9.042028815472102,13.155795665974367,41.69586467452709,57.79286310314157,16.71614881529979,0.2622293206552019,0.04635441815548044,0.5146900419715484,0.17672621921776918,0.5941016974334212,0.042788693681981946,0.0,0.0,0.013631467518478624,0.0,0.0,0.0,0.0,0.2949522712922037,0.0
v1,2,1.0,14.957092529017217,26923,1.0,t1,spark,poisson,total,0.5,906.0145718263348,3.1315309607962263,static_qc,0.5911859748170709,1.7872003679985937,0.596986893810303,0.3383869011522135,0.7259592170263344,148.44658227349646,297.7601876480321,9.518061757376033,3.367658506661371,30.74435006278603,62.23507394036116,13.429896049744315,0.7259592170263344,0.04007725736359247,0.08327452364149612,0.15068900196857704,0.5237157820450915,0.0,0.0,0.0,0.008728596367418193,0.0027485792816550904,0.018608624596070274,0.3590238829253798,0.056457304163726185,0.3204694870556773,0.0
v1,2,1.0,14.957092529017217,26923,1.0,t1,spark,poisson,total,0.5,906.0145718263348,3.1315309607962263,static_qc_fallback,0.6552018720053486,1.6579452369987848,0.6703005527302833,0.43940397350993377,0.8402481149946143,155.7671276551191,312.4440350841551,9.583339336314124,3.174617171104842,29.35418768082002,57.76119902327361,14.41159476474661,0.8402481149946143,0.04026297217992052,0.11948891282546521,0.0,0.18333766667904766,0.0,0.0,0.0,0.00839430969802771,0.003157151877576793,0.03881439661256175,0.44649556141588975,0.05578873082494521,0.3254837870965346,0.002377149648998997
v1,2,1.0,14.957092529017217,26923,1.0,t1,spark,poisson,total,0.5,906.0145718263348,3.1315309607962263,shortest_queue,0.5147828993797126,1.91552436100028,0.483562239961388,0.386317907444668,0.7415221186346247,15.026356339729318,30.140476222892655,9.407805537502657,2.511880480017851,12.128310755710476,26.89456061494103,16.77210377115088,0.7415221186346247,0.00018571481632804665,0.013631467518478624,0.24466069903056867,0.9948371281060803,0.0,0.0,0.03848010994317127,0.013668610481744234,0.007465735616387475,0.0,0.6820933774096497,0.0,0.0,0.0
v1,2,1.0,14.957092529017217,26923,1.0,t1,spark,poisson,total,0.5,906.0145718263348,3.1315309607962263,capacity_greedy,0.7138877539650114,1.9363419399996928,0.7009145019551809,0.6165562913907284,0.9602198863425324,102.75066185915784,206.10145338189275,9.367364948370788,2.195067019539465,14.956267010705924,54.55901069411711,14.393232760921137,0.9602198863425324,0.018014337183820527,0.016528618653196152,0.005237157820450916,0.02982579950228429,0.0,0.0,0.0,0.008654310440886975,0.003974297069420199,0.19882628236080674,0.5315900902574008,0.05032871522490064,0.18463767039334397,0.00022285777959365599
v1,2,1.0,14.957092529017217,26923,1.0,t1,spark,poisson,total,0.5,906.0145718263348,3.1315309607962263,batch_lp@2s,0.7164320469487055,5.26554935799868,0.6998919890753398,0.6118859915100061,0.9664227612078892,91.04950052893037,182.63078844621046,9.785743638940373,3.246371074506442,14.057803153453847,37.126237444558214,15.073198552721351,0.9664227612078892,0.013445752702150577,0.015897188277680795,0.004234297812279464,0.028711510604316013,0.0,0.0,0.0,0.009025740073543067,0.003677153363295324,0.20870631058945882,0.5304758013594325,0.04743156409018311,0.1803290866545333,0.00022285777959365599
v1,2,1.0,14.957092529017217,26923,1.0,t1,spark,poisson,total,0.5,906.0145718263348,3.1315309607962263,A:knn_capacity_greedy,0.6787876536790105,4.235448184001143,0.6627643691195936,0.582171012734991,0.9320655201872006,167.94530427185964,336.8715166676024,10.096758678514748,1.9934752869971817,28.46166764914502,82.18906281951642,14.015351935232275,0.9320655201872006,0.04446012702893437,0.019128626081788804,0.0043457267020762915,0.02262006462875608,0.0,0.0,0.0006685733387809679,0.011254317869479627,0.006425732644950414,0.2849979571370204,0.40671544775842217,0.052260149314712324,0.20826059503027153,0.005942874122497493
v1,2,1.3,19.444220287722384,35000,1.0,t1,spark,poisson,total,0.1,235.56378867484705,5.438216687965905,oracle_unconstrained,0.9284,,,,,,,,,,,,,,,,,,,,,,,,,,
v1,2,1.3,19.444220287722384,35000,1.0,t1,spark,poisson,total,0.1,235.56378867484705,5.438216687965905,predictor_unconstrained,0.8108428571428571,,,,,,,,,,,,,,,,,,,,,,,,,,
v1,2,1.3,19.444220287722384,35000,1.0,t1,spark,poisson,total,0.1,235.56378867484705,5.438216687965905,fluid_ceiling,0.8781360177443345,,,,,,,,,,,,,,,,,,,,,,,,,,
v1,2,1.3,19.444220287722384,35000,1.0,t1,spark,poisson,total,0.1,235.56378867484705,5.438216687965905,random,0.08834285714285714,2.445684064001398,0.07937284282096337,0.05443234836702955,0.13674285714285714,118.03406752870433,235.8539752055664,9.632257178633715,8.051098115913419,87.64279987728776,166.8218779632557,27.711569410618267,0.13674285714285714,0.029285714285714286,0.6382,0.19577142857142857,0.016142857142857143,0.0,1.0065714285714287,0.027428571428571427,0.01102857142857143,0.0064285714285714285,0.027657142857142856,0.02702857142857143,0.012628571428571428,0.02642857142857143,0.0274
v1,2,1.3,19.444220287722384,35000,1.0,t1,spark,poisson,total,0.1,235.56378867484705,5.438216687965905,always_best_api,0.15467142857142857,2.8836819309981365,0.13078206601098544,0.05552191813998547,0.17682857142857142,118.96189506183146,237.70794683066512,4.576489111101022,8.019973561535608,58.79166189992001,162.95493945993044,9.696181237771839,0.17682857142857142,0.0244,0.0,0.7987714285714286,0.553,0.0,1.9536,0.0,0.0,0.0,0.0,0.0,0.0,0.20122857142857142,0.0
v1,2,1.3,19.444220287722384,35000,1.0,t1,spark,poisson,total,0.1,235.56378867484705,5.438216687965905,always_best_self,0.005342857142857143,2.5439573990006465,0.006607376791075206,0.0020586098328893195,0.008942857142857143,0.0,0.0,9.141850924202005,29.516784780090916,30.056572825480583,30.127752238568547,604.2080286646514,0.008942857142857143,0.0017428571428571428,0.4332285714285714,0.5560857142857143,0.0,1.9474,0.0,0.0,0.010685714285714286,0.0,0.0,0.0,0.0,0.0,0.0
v1,2,1.3,19.444220287722384,35000,1.0,t1,spark,poisson,total,0.1,235.56378867484705,5.438216687965905,threshold,0.02977142857142857,2.5320469780017447,0.022813252825964307,0.005372217958557176,0.04448571428571429,117.88457021815702,235.55525183092246,8.927655180029273,30.428827040803384,75.37325045281986,103.83448980912745,44.09626070485701,0.04448571428571429,0.050942857142857144,0.4328,0.47177142857142856,0.0,1.635657142857143,0.05014285714285714,0.0,0.010828571428571429,0.0,0.0,0.0,0.0,0.0846,0.0
v1,2,1.3,19.444220287722384,35000,1.0,t1,spark,poisson,total,0.1,235.56378867484705,5.438216687965905,static_qc,0.5575142857142857,2.023715577000985,0.5617383722440176,0.3107442302705506,0.7258571428571429,103.72484891433851,207.2615004824282,9.379657705789798,2.494152960502163,15.090352225772662,42.834990683100294,13.93097947633973,0.7258571428571429,0.013685714285714285,0.1740857142857143,0.08637142857142857,0.30342857142857144,0.0,0.0,0.0,0.006571428571428572,0.0031714285714285716,0.05802857142857143,0.473,0.047542857142857144,0.15122857142857143,0.0
v1,2,1.3,19.444220287722384,35000,1.0,t1,spark,poisson,total,0.1,235.56378867484705,5.438216687965905,static_qc_fallback,0.5762142857142857,2.0574727909988724,0.5880380112892735,0.2928515861353617,0.7506285714285714,116.15205038352906,232.0933556286237,9.490542361543659,2.487089155988869,16.815151051423857,49.25532086516387,13.933545328393905,0.7506285714285714,0.017942857142857142,0.19962857142857143,0.0318,0.10314285714285715,0.0,0.1244,0.0,0.006514285714285715,0.0032571428571428573,0.07151428571428571,0.4837714285714286,0.04591428571428571,0.1576,0.0
v1,2,1.3,19.444220287722384,35000,1.0,t1,spark,poisson,total,0.1,235.56378867484705,5.438216687965905,shortest_queue,0.3982,2.7547967020000215,0.37558442410133225,0.29704510108864696,0.5731142857142857,15.127911658753874,30.22837538330236,9.118098797851932,2.532257769899161,13.048030668096544,27.180245556434723,16.83596922519712,0.5731142857142857,5.714285714285714e-05,0.009685714285714285,0.41714285714285715,1.5224,0.0,0.0,0.02857142857142857,0.010714285714285714,0.006057142857142857,0.0,0.5278285714285714,0.0,0.0,0.0
v1,2,1.3,19.444220287722384,35000,1.0,t1,spark,poisson,total,0.1,235.56378867484705,5.438216687965905,capacity_greedy,0.7058,2.506431841997255,0.6580773015730444,0.49922239502332816,0.9650857142857143,90.97297573637297,181.78089099983956,9.971475147766869,2.0128577097550533,11.195003283169854,28.302139084409976,13.709396167603472,0.9650857142857143,0.006942857142857143,0.0132,0.01477142857142857,0.08011428571428572,0.0,0.0,0.0,0.006628571428571429,0.003285714285714286,0.2552857142857143,0.5198857142857143,0.0426,0.14417142857142856,0.00017142857142857143
v1,2,1.3,19.444220287722384,35000,1.0,t1,spark,poisson,total,0.1,235.56378867484705,5.438216687965905,batch_lp@2s,0.7122,6.29411894200166,0.6763536723633504,0.6080870917573873,0.9704,105.86325522799598,211.5344332063483,9.777916436031434,2.92607785901276,12.789191144336723,31.492944353526244,14.127934930437902,0.9704,0.011142857142857144,0.0134,0.005057142857142857,0.0424,0.0,0.0,0.0,0.006714285714285714,0.003514285714285714,0.3315714285714286,0.4393142857142857,0.03768571428571429,0.16254285714285716,0.0002
v1,2,1.3,19.444220287722384,35000,1.0,t1,spark,poisson,total,0.1,235.56378867484705,5.438216687965905,A:knn_capacity_greedy,0.6137571428571429,4.712076534997323,0.5970323927123602,0.5276872964169381,0.8543428571428572,117.92362588490323,235.63329230219705,10.083460784754289,1.7814018723209983,21.746468231909063,57.809867451074304,13.856018781423273,0.8543428571428572,0.02142857142857143,0.0872,0.03702857142857143,0.0256,0.11311428571428571,0.0,0.015857142857142858,0.008571428571428572,0.004771428571428571,0.2823428571428571,0.4231714285714286,0.0398,0.09848571428571429,0.0027714285714285714
v1,2,1.3,19.444220287722384,35000,1.0,t1,spark,poisson,total,0.5,1177.8189433742352,3.1315309607962263,oracle_unconstrained,0.9284,,,,,,,,,,,,,,,,,,,,,,,,,,
v1,2,1.3,19.444220287722384,35000,1.0,t1,spark,poisson,total,0.5,1177.8189433742352,3.1315309607962263,predictor_unconstrained,0.8108428571428571,,,,,,,,,,,,,,,,,,,,,,,,,,
v1,2,1.3,19.444220287722384,35000,1.0,t1,spark,poisson,total,0.5,1177.8189433742352,3.1315309607962263,fluid_ceiling,0.8781360177443345,,,,,,,,,,,,,,,,,,,,,,,,,,
v1,2,1.3,19.444220287722384,35000,1.0,t1,spark,poisson,total,0.5,1177.8189433742352,3.1315309607962263,random,0.3658571428571429,1.8017469639999035,0.33374058889953356,0.24261275272161742,0.5138285714285714,542.2927964068658,1083.601662094701,9.040007655747086,3.670015614927479,93.8605589470245,150.3931512331376,18.32172392601484,0.5138285714285714,0.11428571428571428,0.3694857142857143,0.0024,0.10654285714285715,0.0,0.0,0.026085714285714285,0.011142857142857144,0.005828571428571429,0.1374,0.1389142857142857,0.04777142857142857,0.1282,0.13277142857142857
v1,2,1.3,19.444220287722384,35000,1.0,t1,spark,poisson,total,0.5,1177.8189433742352,3.1315309607962263,always_best_api,0.38065714285714286,2.939168835997407,0.3235621283820325,0.11503996124969726,0.4337714285714286,120.74569088913267,241.2723019836533,4.063896314133819,6.7546605225493295,18.52606365251218,26.7098696120947,8.140519432303108,0.4337714285714286,0.0027142857142857142,0.0,0.5635142857142857,1.8606571428571428,0.0,0.0,0.0,0.0,0.0,0.0,0.0,0.0,0.4364857142857143,0.0
v1,2,1.3,19.444220287722384,35000,1.0,t1,spark,poisson,total,0.5,1177.8189433742352,3.1315309607962263,always_best_self,0.005342857142857143,2.6675471980015573,0.006607376791075206,0.0020586098328893195,0.008942857142857143,0.0,0.0,9.141850924202005,29.516784780090916,30.056572825480583,30.127752238568547,604.2080286646514,0.008942857142857143,0.0017428571428571428,0.4332285714285714,0.5560857142857143,0.0,1.9474,0.0,0.0,0.010685714285714286,0.0,0.0,0.0,0.0,0.0,0.0
v1,2,1.3,19.444220287722384,35000,1.0,t1,spark,poisson,total,0.5,1177.8189433742352,3.1315309607962263,threshold,0.18972857142857144,2.461775089999719,0.11568852238530376,0.013046815042210284,0.2473142857142857,132.25212001323234,264.2642830799588,9.451493264409851,11.66139575558202,34.105190139447316,49.863102418923596,14.667904446350917,0.2473142857142857,0.025028571428571428,0.427,0.30065714285714285,0.7040571428571428,0.45271428571428574,0.0,0.0,0.010085714285714286,0.0,0.0,0.0,0.0,0.26225714285714286,0.0
v1,2,1.3,19.444220287722384,35000,1.0,t1,spark,poisson,total,0.5,1177.8189433742352,3.1315309607962263,static_qc,0.5777857142857142,2.497805643997708,0.5862791452516932,0.30153559795253604,0.7120857142857143,148.65644476181114,297.043168731548,9.435659715148194,3.278899025875546,23.417063335160094,43.38316902611043,13.112922337771515,0.7120857142857143,0.0218,0.08305714285714286,0.18305714285714286,0.6260571428571429,0.0,0.0,0.0,0.0068,0.0031142857142857144,0.019057142857142856,0.3637142857142857,0.047485714285714284,0.2937142857142857,0.0
v1,2,1.3,19.444220287722384,35000,1.0,t1,spark,poisson,total,0.5,1177.8189433742352,3.1315309607962263,static_qc_fallback,0.6467857142857143,2.390055238000059,0.6432772466022588,0.4309793413432449,0.8328857142857143,164.18858876818922,328.07927537490093,9.478640324832257,3.0514286794294776,23.12899393283965,43.24909471437656,13.749844361045348,0.8328857142857143,0.024857142857142855,0.13405714285714285,0.0082,0.2745142857142857,0.0,0.0,0.0,0.0062,0.0026857142857142856,0.051457142857142854,0.44865714285714287,0.047085714285714286,0.2961142857142857,0.005542857142857143
v1,2,1.3,19.444220287722384,35000,1.0,t1,spark,poisson,total,0.5,1177.8189433742352,3.1315309607962263,shortest_queue,0.3982,2.927297753998573,0.37558442410133225,0.29704510108864696,0.5731142857142857,15.127911658753874,30.22837538330236,9.118098797851932,2.532257769899161,13.048030668096544,27.180245556434723,16.83596922519712,0.5731142857142857,5.714285714285714e-05,0.009685714285714285,0.41714285714285715,1.5224,0.0,0.0,0.02857142857142857,0.010714285714285714,0.006057142857142857,0.0,0.5278285714285714,0.0,0.0,0.0
v1,2,1.3,19.444220287722384,35000,1.0,t1,spark,poisson,total,0.5,1177.8189433742352,3.1315309607962263,capacity_greedy,0.7044285714285714,2.676987320999615,0.6627000935257074,0.5458786936236392,0.9562571428571428,132.40820349920614,264.57616685556377,10.070404562258485,2.1229797921363716,15.40724730034396,50.05480940431207,14.151681589236233,0.9562571428571428,0.0178,0.012542857142857142,0.0134,0.07437142857142857,0.0,0.0,0.0,0.006628571428571429,0.0035714285714285713,0.24282857142857142,0.4861142857142857,0.0408,0.19225714285714285,0.0018571428571428571
v1,2,1.3,19.444220287722384,35000,1.0,t1,spark,poisson,total,0.5,1177.8189433742352,3.1315309607962263,batch_lp@2s,0.7124,6.63901547900241,0.6793819988249422,0.6207538389948813,0.9658857142857142,128.27533024153672,256.3179189848372,9.558189005059816,3.102675315626705,15.652898169241697,39.08418202216129,14.368564287226238,0.9658857142857142,0.015885714285714284,0.013257142857142858,0.004971428571428571,0.04228571428571429,0.0,0.0,0.0,0.0067428571428571425,0.003457142857142857,0.30254285714285717,0.42234285714285713,0.037085714285714284,0.20845714285714287,0.001142857142857143
v1,2,1.3,19.444220287722384,35000,1.0,t1,spark,poisson,total,0.5,1177.8189433742352,3.1315309607962263,A:knn_capacity_greedy,0.6811571428571429,5.090952141999878,0.664137939675496,0.5909725453699395,0.9384857142857143,182.3905868403126,364.45024599277235,10.02293818116672,1.9737862157611232,24.811853591353792,64.97725423934395,13.869715154229482,0.9384857142857143,0.03642857142857143,0.013257142857142858,0.011828571428571428,0.05737142857142857,0.0,0.0,0.0005142857142857143,0.008314285714285715,0.004571428571428572,0.29834285714285713,0.4144857142857143,0.0434,0.19911428571428572,0.006171428571428572
v1,3,0.3,4.487127758705165,8077,1.0,t1,spark,poisson,total,0.1,54.36087430958008,5.658287149053649,oracle_unconstrained,0.9274483100160951,,,,,,,,,,,,,,,,,,,,,,,,,,
v1,3,0.3,4.487127758705165,8077,1.0,t1,spark,poisson,total,0.1,54.36087430958008,5.658287149053649,predictor_unconstrained,0.8188064875572614,,,,,,,,,,,,,,,,,,,,,,,,,,
v1,3,0.3,4.487127758705165,8077,1.0,t1,spark,poisson,total,0.1,54.36087430958008,5.658287149053649,fluid_ceiling,0.8880170855412327,,,,,,,,,,,,,,,,,,,,,,,,,,
v1,3,0.3,4.487127758705165,8077,1.0,t1,spark,poisson,total,0.1,54.36087430958008,5.658287149053649,random,0.1418843630060666,0.5846096809982555,0.14224706967663245,0.1054508405501783,0.28042590070570755,27.27990419222624,55.60048649876835,9.440023611653016,22.19816530925732,48.583486723514184,120.17657427466904,63.35198682588111,0.28042590070570755,0.02872353596632413,0.49907143741488175,0.19177912591308655,0.0,0.0,1.0002476166893648,0.11291321035037762,0.04407577070694565,0.024142627213074162,0.028475919276959267,0.02661879410672279,0.0238950105237093,0.023152160455614707,0.025875944038628203
v1,3,0.3,4.487127758705165,8077,1.0,t1,spark,poisson,total,0.1,54.36087430958008,5.658287149053649,always_best_api,0.04871858363253683,0.654955432000861,0.04309992848255978,0.023529411764705882,0.0568280302092361,27.26471425278578,55.56952715166708,3.9260206148971557,17.330211633269528,137.5750203748234,290.36801298253016,21.295164904297508,0.0568280302092361,0.03020923610251331,0.0,0.9129627336882505,0.007552309025628328,0.0,2.743592918162684,0.0,0.0,0.0,0.0,0.0,0.0,0.0870372663117494,0.0
v1,3,0.3,4.487127758705165,8077,1.0,t1,spark,poisson,total,0.1,54.36087430958008,5.658287149053649,always_best_self,0.021295035285378235,0.25826275700092083,0.02031708786088686,0.010188487009679063,0.037637736783459205,0.0,0.0,8.663663132753427,29.702574949453265,30.04707082927537,30.103531417943476,573.3523245415772,0.037637736783459205,0.00619041723412158,0.9561718459824192,0.0,0.0,0.0,0.0,0.0,0.043828154017580785,0.0,0.0,0.0,0.0,0.0,0.0
v1,3,0.3,4.487127758705165,8077,1.0,t1,spark,poisson,total,0.1,54.36087430958008,5.658287149053649,threshold,0.04450909991333416,0.29457850600010715,0.03892741421250346,0.01764705882352941,0.07057075646898602,27.196501256898046,55.43049895969941,9.201664518162222,29.88583402136979,73.16185756693756,103.79900420753164,61.754944661603645,0.07057075646898602,0.05472328834963477,0.8484585861087037,0.026247369072675497,0.0,0.0,0.07948495728612108,0.0,0.04234245388139161,0.0,0.0,0.0,0.0,0.08295159093722917,0.0
v1,3,0.3,4.487127758705165,8077,1.0,t1,spark,poisson,total,0.1,54.36087430958008,5.658287149053649,static_qc,0.5371425034047295,0.4661125560014625,0.5574032697873782,0.32081911262798635,0.7052123313111304,26.797950100994058,54.618192655147844,9.784023493315567,2.2960710080244553,22.069463959035982,65.76758012908384,15.54634076040088,0.7052123313111304,0.01621889315339854,0.14312244645289093,0.13544632908258017,0.0,0.0,0.41995790516280795,0.0,0.032313977962114646,0.00854277578308778,0.041351987123932156,0.420824563575585,0.0924848334777764,0.12591308654203293,0.0
v1,3,0.3,4.487127758705165,8077,1.0,t1,spark,poisson,total,0.1,54.36087430958008,5.658287149053649,static_qc_fallback,0.5328711155131856,0.4932885249982064,0.554934629918402,0.31816458096321576,0.6984028723535967,26.852004861293608,54.728364265321076,10.551386288452532,2.272592046661032,23.262895712015716,69.30603423854532,15.51261140936559,0.6984028723535967,0.01621889315339854,0.17803639965333665,0.1073418348396682,0.0,0.0,0.3923486442986257,0.0,0.032313977962114646,0.01163798440014857,0.04358053732821592,0.40992942924353104,0.0952086170607899,0.12195121951219512,0.0
v1,3,0.3,4.487127758705165,8077,1.0,t1,spark,poisson,total,0.1,54.36087430958008,5.658287149053649,shortest_queue,0.6183607775164046,0.3780841549996694,0.6098429777014895,0.5265306122448979,0.9534480623994057,5.97735203042248,12.182729034678806,9.345949965647565,2.5806525851713786,23.840591841947624,29.00458032790613,20.342085044862813,0.9534480623994057,0.0004952333787297264,0.04605670422186455,0.0,0.0,0.0,0.0,0.11390367710783707,0.04494242911972267,0.025380710659898477,0.0,0.7697164788906772,0.0,0.0,0.0
v1,3,0.3,4.487127758705165,8077,1.0,t1,spark,poisson,total,0.1,54.36087430958008,5.658287149053649,capacity_greedy,0.6994552432833973,0.525296243999037,0.7069912910032629,0.5475919605612438,0.9402005695183855,24.01711184537635,48.95043228483134,9.786085055751855,2.095122005721805,13.032565435104386,29.152978187016945,14.794699590701612,0.9402005695183855,0.006809458957533738,0.05274235483471586,0.0002476166893648632,0.0016095084808716107,0.0,0.0,0.0,0.0333044447195741,0.011142751021418843,0.11117989352482358,0.5372044075770707,0.12219883620155998,0.1319796954314721,0.0
v1,3,0.3,4.487127758705165,8077,1.0,t1,spark,poisson,total,0.1,54.36087430958008,5.658287149053649,batch_lp@2s,0.697350501423796,2.928403124002216,0.7076648254910056,0.5396283655669322,0.9378482109694194,23.98260197376294,48.88009605354566,9.836596331934816,3.13370435081319,13.595856545841936,29.442659314698364,15.736708406793468,0.9378482109694194,0.007304692336263464,0.05472328834963477,0.0001238083446824316,0.0013618917915067476,0.0,0.0,0.0,0.03206636127274978,0.011885601089513434,0.10957038504395196,0.5381948743345302,0.1218274111675127,0.1316082703974248,0.0
v1,3,0.3,4.487127758705165,8077,1.0,t1,spark,poisson,total,0.1,54.36087430958008,5.658287149053649,A:knn_capacity_greedy,0.6201559985142998,2.7882602350000525,0.5861054072241342,0.49411764705882355,0.9008295159093723,25.80766920856877,52.59985347766016,10.023143861392093,1.581598861214161,24.339155069798526,43.81008043959635,14.981184051526157,0.9008295159093723,0.015104618051256655,0.08406586603937105,0.0,0.0,0.0,0.0,0.07279930667326978,0.03528537823449301,0.018942676736412034,0.23226445462424167,0.38095827658784204,0.09855144236721555,0.07478024018818868,0.0023523585489662003
v1,3,0.3,4.487127758705165,8077,1.0,t1,spark,poisson,total,0.5,271.8043715479004,3.4872337036977115,oracle_unconstrained,0.9274483100160951,,,,,,,,,,,,,,,,,,,,,,,,,,
v1,3,0.3,4.487127758705165,8077,1.0,t1,spark,poisson,total,0.5,271.8043715479004,3.4872337036977115,predictor_unconstrained,0.8188064875572614,,,,,,,,,,,,,,,,,,,,,,,,,,
v1,3,0.3,4.487127758705165,8077,1.0,t1,spark,poisson,total,0.5,271.8043715479004,3.4872337036977115,fluid_ceiling,0.8880170855412327,,,,,,,,,,,,,,,,,,,,,,,,,,
v1,3,0.3,4.487127758705165,8077,1.0,t1,spark,poisson,total,0.5,271.8043715479004,3.4872337036977115,random,0.44762907019933146,0.39270428699819604,0.41518599885619195,0.29411764705882354,0.6889934381577318,124.17720628176176,253.09154433509119,9.936860914565134,2.8752500991472516,86.01812555019605,144.81248039357413,21.082237035599896,0.6889934381577318,0.10635136808220874,0.20465519376005942,0.0,0.0034666336511080848,0.0,0.0028475919276959266,0.10548470966943171,0.04865667946019562,0.02339977714497957,0.12801782840163428,0.129379720193141,0.11712269406958029,0.12331311130370187,0.11997028599727622
v1,3,0.3,4.487127758705165,8077,1.0,t1,spark,poisson,total,0.5,271.8043715479004,3.4872337036977115,always_best_api,0.5261854649003342,0.4697908650014142,0.4767346564182697,0.27058823529411763,0.6160703231397796,133.85301547771087,272.8122770317012,4.3814860908353666,12.976741564952363,60.50966444716312,105.23297499692417,15.903668719529698,0.6160703231397796,0.16553175684041105,0.0,0.21839792001980934,0.64256530890182,0.0,0.1257892781973505,0.0,0.0,0.0,0.0,0.0,0.0,0.7816020799801907,0.0
v1,3,0.3,4.487127758705165,8077,1.0,t1,spark,poisson,total,0.5,271.8043715479004,3.4872337036977115,always_best_self,0.021295035285378235,0.2634847129993432,0.02031708786088686,0.010188487009679063,0.037637736783459205,0.0,0.0,8.663663132753427,29.702574949453265,30.04707082927537,30.103531417943476,573.3523245415772,0.037637736783459205,0.00619041723412158,0.9561718459824192,0.0,0.0,0.0,0.0,0.0,0.043828154017580785,0.0,0.0,0.0,0.0,0.0,0.0
v1,3,0.3,4.487127758705165,8077,1.0,t1,spark,poisson,total,0.5,271.8043715479004,3.4872337036977115,threshold,0.21189798192398168,0.36037821500212885,0.1520058786777759,0.047058823529411764,0.27844496719078865,135.99869613535702,277.18549211323074,8.824511507329241,26.130209235535204,103.12633736722967,288.5679921006576,35.86391686714495,0.27844496719078865,0.181874458338492,0.4689860096570509,0.07069456481366844,0.032313977962114646,0.0,0.20502661879410672,0.0,0.04432338739631051,0.0,0.0,0.0,0.0,0.41599603813297015,0.0
v1,3,0.3,4.487127758705165,8077,1.0,t1,spark,poisson,total,0.5,271.8043715479004,3.4872337036977115,static_qc,0.656060418472205,0.4241164189988922,0.668712777343892,0.43686006825938567,0.8145350996657175,120.85318237976753,246.31669113978265,9.808656503559364,3.366321876004463,72.9062697146478,230.24180745630628,15.665808805315294,0.8145350996657175,0.11179893524823573,0.0736659650860468,0.0,0.0,0.0,0.0,0.0,0.02637117741735793,0.008171350749040485,0.009161817506499938,0.3859106103751393,0.1069704098056209,0.38974866906029465,0.0
v1,3,0.3,4.487127758705165,8077,1.0,t1,spark,poisson,total,0.5,271.8043715479004,3.4872337036977115,static_qc_fallback,0.656060418472205,0.41959009900165256,0.668712777343892,0.43686006825938567,0.8145350996657175,120.85318237976753,246.31669113978265,9.808656503559364,3.366321876004463,72.9062697146478,230.24180745630628,15.665808805315294,0.8145350996657175,0.11179893524823573,0.0736659650860468,0.0,0.0,0.0,0.0,0.0,0.02637117741735793,0.008171350749040485,0.009161817506499938,0.3859106103751393,0.1069704098056209,0.38974866906029465,0.0
v1,3,0.3,4.487127758705165,8077,1.0,t1,spark,poisson,total,0.5,271.8043715479004,3.4872337036977115,shortest_queue,0.6183607775164046,0.4101664680019894,0.6098429777014895,0.5265306122448979,0.9534480623994057,5.97735203042248,12.182729034678806,9.345949965647565,2.5806525851713786,23.840591841947624,29.00458032790613,20.342085044862813,0.9534480623994057,0.0004952333787297264,0.04605670422186455,0.0,0.0,0.0,0.0,0.11390367710783707,0.04494242911972267,0.025380710659898477,0.0,0.7697164788906772,0.0,0.0,0.0
v1,3,0.3,4.487127758705165,8077,1.0,t1,spark,poisson,total,0.5,271.8043715479004,3.4872337036977115,capacity_greedy,0.6975981181131609,0.5734775370001444,0.7057212076600918,0.5437997724687145,0.9385910610375139,25.985336829868174,52.961966412871305,10.03783336546844,2.1379529467158704,13.698688514345143,29.46107054271868,14.850202703394018,0.9385910610375139,0.00854277578308778,0.05113284635384425,0.0017333168255540424,0.007057075646898601,0.0,0.0,0.0,0.0329330196855268,0.010647517642689118,0.11117989352482358,0.5214807478024018,0.11997028599727622,0.15092237216788412,0.0
v1,3,0.3,4.487127758705165,8077,1.0,t1,spark,poisson,total,0.5,271.8043715479004,3.4872337036977115,batch_lp@2s,0.6961124179769717,3.1214624989988806,0.7053654125113719,0.5392491467576792,0.9374767859353721,25.455647870632674,51.88238183592428,10.211491319949756,3.1776645665763397,14.308965222150686,29.44708172676475,15.856102169442138,0.9374767859353721,0.007428500680945895,0.053361396558128014,0.0017333168255540424,0.01089513433205398,0.0,0.0,0.0,0.03243778630679708,0.01163798440014857,0.10857991828649251,0.5244521480747802,0.11897981923981676,0.14881763030828277,0.0
v1,3,0.3,4.487127758705165,8077,1.0,t1,spark,poisson,total,0.5,271.8043715479004,3.4872337036977115,A:knn_capacity_greedy,0.6759316577937353,2.8711447629975737,0.6436475667373563,0.5588235294117647,0.9146960505138046,43.075411010344396,87.7940696357739,9.636587766345757,1.7829309002893297,26.453253839616764,67.08752576024862,13.412834080565972,0.9146960505138046,0.031323511204655194,0.05311377986876315,0.0008666584127770212,0.002723783583013495,0.0,0.0,0.0001238083446824316,0.03417110313235112,0.018447443357682308,0.23399777144979572,0.3767487928686393,0.11811316082703974,0.15884610622755974,0.005571375510709422
v1,3,0.7,10.469964770312052,18846,1.0,t1,spark,poisson,total,0.1,126.84204005568688,5.658287149053649,oracle_unconstrained,0.9284994163217659,,,,,,,,,,,,,,,,,,,,,,,,,,
v1,3,0.7,10.469964770312052,18846,1.0,t1,spark,poisson,total,0.1,126.84204005568688,5.658287149053649,predictor_unconstrained,0.8166719728324313,,,,,,,,,,,,,,,,,,,,,,,,,,
v1,3,0.7,10.469964770312052,18846,1.0,t1,spark,poisson,total,0.1,126.84204005568688,5.658287149053649,fluid_ceiling,0.8809528593564417,,,,,,,,,,,,,,,,,,,,,,,,,,
v1,3,0.7,10.469964770312052,18846,1.0,t1,spark,poisson,total,0.1,126.84204005568688,5.658287149053649,random,0.10421309561710708,1.2666352100022777,0.09848974382064644,0.07674789341835572,0.18253210230287595,63.558887336161206,127.72887574757652,9.647007826097086,12.891972492130122,76.1013144111183,133.1775674168074,44.86102806749393,0.18253210230287595,0.03019208320067919,0.5933885174572854,0.1938872970391595,0.00588984399872652,0.0,0.9958611907035976,0.054069829141462376,0.02058792316671973,0.0115674413668683,0.028600233471293642,0.027432877003077578,0.019155258410272737,0.024832855778414518,0.02647776716544625
v1,3,0.7,10.469964770312052,18846,1.0,t1,spark,poisson,total,0.1,126.84204005568688,5.658287149053649,always_best_api,0.12233365170327921,1.4875277769970126,0.10832111250417414,0.052038260077431106,0.14119707099649792,63.60616076778388,127.82387713175682,3.9892805406465452,10.39817918712032,63.06398821218044,169.40208738825893,12.599779100376395,0.14119707099649792,0.026849198768969542,0.0,0.8319537302345326,0.24323463865011144,0.0,2.3251618380558208,0.0,0.0,0.0,0.0,0.0,0.0,0.16804626976546747,0.0
v1,3,0.7,10.469964770312052,18846,1.0,t1,spark,poisson,total,0.1,126.84204005568688,5.658287149053649,always_best_self,0.009179666772789983,1.0972338619976654,0.01092639005698355,0.005465725347301298,0.015069510771516503,0.0,0.0,8.902276028969304,29.87428414478677,30.05812916182452,30.10033032500901,562.0203527626945,0.015069510771516503,0.005093919134033747,0.7887615409105381,0.1910750291839117,0.0,0.8953093494640773,0.0,0.0,0.02016342990555025,0.0,0.0,0.0,0.0,0.0,0.0
v1,3,0.7,10.469964770312052,18846,1.0,t1,spark,poisson,total,0.1,126.84204005568688,5.658287149053649,threshold,0.033004351055926986,0.9791913110020687,0.027505334708571392,0.0056179775280898875,0.04929427995330574,63.455835168249905,127.52178059373843,8.990070344348185,30.042308828468094,75.02548388854699,103.94811688841921,51.508636107239795,0.04929427995330574,0.054441260744985676,0.778149209381301,0.11811524992040752,0.0,0.4971877321447522,0.05024938979093707,0.0,0.019685874986734585,0.0,0.0,0.0,0.0,0.08404966571155682,0.0
v1,3,0.7,10.469964770312052,18846,1.0,t1,spark,poisson,total,0.1,126.84204005568688,5.658287149053649,static_qc,0.537886023559376,1.1360660110003664,0.5599865934085821,0.3006670902160102,0.7060914782977821,62.30570152816472,125.2104550975797,10.244669278643316,2.434283531916435,18.70418804663287,65.59829507473412,15.501834367663605,0.7060914782977821,0.01591849729385546,0.16974424281014538,0.10824578159821713,0.1062294386076621,0.0,0.2517775655311472,0.0,0.014857264140931763,0.0038204393505253103,0.04510240899925714,0.4490608086596625,0.06882096996710177,0.14034808447415897,0.0
v1,3,0.7,10.469964770312052,18846,1.0,t1,spark,poisson,total,0.1,126.84204005568688,5.658287149053649,static_qc_fallback,0.5096837525204287,1.1541620839998359,0.5453186867932025,0.27033036848792885,0.6696911811524991,63.47522134544306,127.56073934084219,10.246463383065308,2.4646436840229455,20.18920601892719,73.77026160760941,15.548829446521736,0.6696911811524991,0.018730765149103257,0.20603841664013584,0.1055396370582617,0.029236973363047862,0.0,0.3860766210336411,0.0,0.014645017510347023,0.0038204393505253103,0.044412607449856735,0.42544837100711025,0.0648944073012841,0.13514804202483285,5.3061657646184864e-05
v1,3,0.7,10.469964770312052,18846,1.0,t1,spark,poisson,total,0.1,126.84204005568688,5.658287149053649,shortest_queue,0.6634829672078956,0.9204047740022361,0.6425583302172412,0.5867217280813215,0.9657221691605645,15.248860342506305,30.6443342483121,9.65658617577857,2.4507661410009973,13.962385490839296,26.893220846783596,17.265286017466224,0.9657221691605645,0.00021224663058473945,0.019367505040857477,0.014698079167993209,0.07073118964236443,0.0,0.0,0.05024938979093707,0.02016342990555025,0.010240899925713679,0.0,0.8852806961689483,0.0,0.0,0.0
v1,3,0.7,10.469964770312052,18846,1.0,t1,spark,poisson,total,0.1,126.84204005568688,5.658287149053649,capacity_greedy,0.705507800063674,1.2672836299971095,0.7034707476862723,0.5952986022871665,0.965828292475857,52.35405080930468,105.21147129804163,10.269470782241868,2.1707239036350074,12.05936528990295,28.109411158733632,14.754629904423155,0.965828292475857,0.0064735222328345535,0.023718560967844634,0.003979624323463865,0.01687360713148679,0.0,0.0,0.0,0.014326647564469915,0.00578372068343415,0.15377268385864373,0.5891966465032368,0.0662740104000849,0.14294810569882202,0.0
v1,3,0.7,10.469964770312052,18846,1.0,t1,spark,poisson,total,0.1,126.84204005568688,5.658287149053649,batch_lp@2s,0.7076037355406983,4.2023262700022315,0.7075009177374841,0.5946632782719187,0.9659344157911494,51.912309153305614,104.32374076252717,10.151545130618846,3.258271176648435,12.96027650894655,27.69782808979352,15.915739926988067,0.9659344157911494,0.0065796455481269235,0.02366549931019845,0.0038204393505253103,0.02451448583253741,0.0,0.0,0.0,0.014538894195054653,0.006314337259895999,0.15281757402101243,0.5975273267536878,0.05958824153666561,0.14172768757295978,0.0
v1,3,0.7,10.469964770312052,18846,1.0,t1,spark,poisson,total,0.1,126.84204005568688,5.658287149053649,A:knn_capacity_greedy,0.6335296614666243,3.680598093000299,0.6113871246868333,0.5417024935511608,0.8824684283137005,62.99627467349819,126.5982410575257,9.894968997964796,1.7313827805712663,21.845377649902456,48.29785215594113,13.772324729682396,0.8824684283137005,0.01878382680674944,0.09444975061020906,0.004297994269340974,0.018306271887933778,0.0021224663058473947,0.0,0.02037567653613499,0.015228695744455057,0.009179666772789983,0.27480632494959145,0.42475856945770984,0.06367398917542184,0.09084155789026849,0.002387774594078319
v1,3,0.7,10.469964770312052,18846,1.0,t1,spark,poisson,total,0.5,634.2102002784343,3.4872337036977115,oracle_unconstrained,0.9284994163217659,,,,,,,,,,,,,,,,,,,,,,,,,,
v1,3,0.7,10.469964770312052,18846,1.0,t1,spark,poisson,total,0.5,634.2102002784343,3.4872337036977115,predictor_unconstrained,0.8166719728324313,,,,,,,,,,,,,,,,,,,,,,,,,,
v1,3,0.7,10.469964770312052,18846,1.0,t1,spark,poisson,total,0.5,634.2102002784343,3.4872337036977115,fluid_ceiling,0.8809528593564417,,,,,,,,,,,,,,,,,,,,,,,,,,
v1,3,0.7,10.469964770312052,18846,1.0,t1,spark,poisson,total,0.5,634.2102002784343,3.4872337036977115,random,0.38246842831370054,0.9832784949976485,0.3494785195002616,0.24157303370786518,0.5542820757720471,305.2049513782622,613.344363722993,9.681140924180175,3.9097989930006065,95.3967762616484,169.33311930676507,19.4931299405973,0.5542820757720471,0.11524992040751353,0.3235699883264353,0.0068980154940040325,0.054016767483816196,0.0,0.03709009869468322,0.05438819908733949,0.01973893664438077,0.011355194736283561,0.1258091902791043,0.1315398493048923,0.0718985461105805,0.12957656797198344,0.1252255120449963
v1,3,0.7,10.469964770312052,18846,1.0,t1,spark,poisson,total,0.5,634.2102002784343,3.4872337036977115,always_best_api,0.48540804414729916,1.3760216459995718,0.43526488814272574,0.2113413800956502,0.5610739679507588,126.28460953803733,253.78341057487447,4.120656714732551,8.488240204213355,29.46300636322087,43.46854709990316,10.291035775071123,0.5610739679507588,0.027963493579539426,0.0,0.41096253846970177,1.4073543457497613,0.0,0.0,0.0,0.0,0.0,0.0,0.0,0.0,0.5890374615302982,0.0
v1,3,0.7,10.469964770312052,18846,1.0,t1,spark,poisson,total,0.5,634.2102002784343,3.4872337036977115,always_best_self,0.009179666772789983,0.9885033530008513,0.01092639005698355,0.005465725347301298,0.015069510771516503,0.0,0.0,8.902276028969304,29.87428414478677,30.05812916182452,30.10033032500901,562.0203527626945,0.015069510771516503,0.005093919134033747,0.7887615409105381,0.1910750291839117,0.0,0.8953093494640773,0.0,0.0,0.02016342990555025,0.0,0.0,0.0,0.0,0.0,0.0
v1,3,0.7,10.469964770312052,18846,1.0,t1,spark,poisson,total,0.5,634.2102002784343,3.4872337036977115,threshold,0.21580176164703385,0.9571168490001583,0.14107406921057808,0.014044943820224719,0.27692879125543884,135.36616644798778,272.0338410459197,9.091456482289678,17.16676854101729,51.49572821976426,74.4473780688314,22.656024339796886,0.27692879125543884,0.08182107609041707,0.49984081502706146,0.14140931762708267,0.5033428844317096,0.0,0.0,0.0,0.020322614878488805,0.0,0.0,0.0,0.0,0.3384272524673671,0.0
v1,3,0.7,10.469964770312052,18846,1.0,t1,spark,poisson,total,0.5,634.2102002784343,3.4872337036977115,static_qc,0.6196540379921469,1.1803242470014084,0.6294946434638433,0.4193138500635324,0.7587286426827974,148.4965823126604,298.4209180824081,10.091063810879502,3.5237934381357263,42.96459943702985,82.64624350616698,14.370353139961736,0.7587286426827974,0.0659025787965616,0.0953517987901942,0.08001697973044677,0.2773532845166083,0.0,0.0,0.0,0.012628674519791999,0.003608192719940571,0.00949803671866709,0.3748806112702961,0.0683964767059323,0.35561922954473096,0.0
v1,3,0.7,10.469964770312052,18846,1.0,t1,spark,poisson,total,0.5,634.2102002784343,3.4872337036977115,static_qc_fallback,0.6566114825427146,1.0741056899969408,0.6799330218163985,0.44472681067344344,0.8302026955322084,150.3160509468562,302.07734903713293,10.086152185677113,3.3687364525998476,39.67404363147616,78.34986008284439,15.181079749640846,0.8302026955322084,0.06462909901305317,0.1051682054547384,0.0,0.10076408787010506,0.0,0.0,0.0,0.012204181258622519,0.003608192719940571,0.017616470338533377,0.4283667621776504,0.06844953836357848,0.36453358802929003,5.3061657646184864e-05
v1,3,0.7,10.469964770312052,18846,1.0,t1,spark,poisson,total,0.5,634.2102002784343,3.4872337036977115,shortest_queue,0.6634829672078956,0.9378171170028509,0.6425583302172412,0.5867217280813215,0.9657221691605645,15.248860342506305,30.6443342483121,9.65658617577857,2.4507661410009973,13.962385490839296,26.893220846783596,17.265286017466224,0.9657221691605645,0.00021224663058473945,0.019367505040857477,0.014698079167993209,0.07073118964236443,0.0,0.0,0.05024938979093707,0.02016342990555025,0.010240899925713679,0.0,0.8852806961689483,0.0,0.0,0.0
v1,3,0.7,10.469964770312052,18846,1.0,t1,spark,poisson,total,0.5,634.2102002784343,3.4872337036977115,capacity_greedy,0.7090364002971453,1.3489197170019906,0.7071855717401023,0.5983163913595934,0.9619547914676855,61.710991032336096,124.0153161294333,10.059561353208812,2.251773698804186,14.66664570697055,30.53129525826599,14.973935033001368,0.9619547914676855,0.010240899925713679,0.023187944391382786,0.004616364215218083,0.020906293112596838,0.0,0.0,0.0,0.014591955852700839,0.005942905656372705,0.15085429268810358,0.5628780643107291,0.0648944073012841,0.17303406558420886,0.0
v1,3,0.7,10.469964770312052,18846,1.0,t1,spark,poisson,total,0.5,634.2102002784343,3.4872337036977115,batch_lp@2s,0.7067547490183593,4.238242720002745,0.7058212793167947,0.5935514612452351,0.9632813329088401,58.272068057258366,117.10440588857259,9.985245673266624,3.326805018269397,14.148718731551298,29.424639256144996,16.049026671856154,0.9632813329088401,0.008861296826912873,0.023506314337259897,0.004351055926987159,0.025310410697230182,0.0,0.0,0.0,0.014167462591531359,0.006367398917542184,0.15064204605751882,0.5748169372811207,0.05948211822137323,0.16666666666666666,0.0
v1,3,0.7,10.469964770312052,18846,1.0,t1,spark,poisson,total,0.5,634.2102002784343,3.4872337036977115,A:knn_capacity_greedy,0.6889260320492412,3.5703294380000443,0.6659276330872453,0.6010318142734308,0.9380770455269023,97.49431489597191,195.92601059203525,10.44645172790276,1.8871298833349783,23.705591144647677,65.73066651229148,13.705243371710964,0.9380770455269023,0.03236761116417277,0.025098164066645442,0.004457179242279528,0.023400191021967526,0.0,0.0,0.0003714316035232941,0.014645017510347023,0.00960416003395946,0.2820227103894726,0.4182319855672291,0.06871484665180941,0.17122996922423855,0.0056245357104955955
v1,3,1.0,14.957092529017217,26923,1.0,t1,spark,poisson,total,0.1,181.20291436526696,5.658287149053649,oracle_unconstrained,0.9287597964565613,,,,,,,,,,,,,,,,,,,,,,,,,,
v1,3,1.0,14.957092529017217,26923,1.0,t1,spark,poisson,total,0.1,181.20291436526696,5.658287149053649,predictor_unconstrained,0.8165323329495228,,,,,,,,,,,,,,,,,,,,,,,,,,
v1,3,1.0,14.957092529017217,26923,1.0,t1,spark,poisson,total,0.1,181.20291436526696,5.658287149053649,fluid_ceiling,0.8769278635000661,,,,,,,,,,,,,,,,,,,,,,,,,,
v1,3,1.0,14.957092529017217,26923,1.0,t1,spark,poisson,total,0.1,181.20291436526696,5.658287149053649,random,0.09647884708242023,1.8452605109996512,0.09186654484034733,0.05855855855855856,0.15198900568287338,90.61085949431072,182.1123577189295,9.710182306523233,8.08268348951399,79.76661132126121,145.37242052951174,29.6517292040225,0.15198900568287338,0.0298629424655499,0.6253760725030643,0.19277197934851242,0.012888608253166437,0.0,0.9958399881142518,0.0318686624818928,0.014745756416446903,0.00772573635924674,0.028080080228800652,0.028191509118597483,0.014374326783790812,0.029120083200237713,0.02774579355941017
v1,3,1.0,14.957092529017217,26923,1.0,t1,spark,poisson,total,0.1,181.20291436526696,5.658287149053649,always_best_api,0.13583181666233332,2.2093916259982507,0.12225073904265625,0.05618158403090792,0.15614901756862162,90.64878758526174,182.18858670633145,4.261731856708677,9.082611421084259,64.7198938480629,161.1781648210241,11.023063891842199,0.15614901756862162,0.024291497975708502,0.0,0.8195594844556698,0.3820896631133232,0.0,2.16792333692382,0.0,0.0,0.0,0.0,0.0,0.0,0.18044051554433013,0.0
v1,3,1.0,14.957092529017217,26923,1.0,t1,spark,poisson,total,0.1,181.20291436526696,5.658287149053649,always_best_self,0.006184303383723953,1.8220548380013497,0.006828669858179737,0.0021732131358660656,0.01058574453069866,0.0,0.0,8.742693760656799,29.80927185363123,30.06187922660606,30.099976735382153,584.237522471159,0.01058574453069866,0.0029714370612487465,0.5585187386249675,0.4279240797830851,0.0,1.6245589273112209,0.0,0.0,0.013557181591947406,0.0,0.0,0.0,0.0,0.0,0.0
v1,3,1.0,14.957092529017217,26923,1.0,t1,spark,poisson,total,0.1,181.20291436526696,5.658287149053649,threshold,0.03168294766556476,1.7793563659979554,0.026775530795442693,0.007711220384443451,0.04624298926568362,90.65367258619517,182.1984047241983,9.033689160798763,30.236257875760202,73.12928533418446,102.53579280275184,46.82125624634796,0.04624298926568362,0.05266872191063403,0.5575158786167961,0.3435724102068863,0.0,1.295695130557516,0.05593730267800765,0.0,0.013482895665416187,0.0,0.0,0.0,0.0,0.08542881551090147,0.0
v1,3,1.0,14.957092529017217,26923,1.0,t1,spark,poisson,total,0.1,181.20291436526696,5.658287149053649,static_qc,0.5320543772982208,1.599431080998329,0.5509682104913632,0.2911265087170317,0.6995877131077517,89.31950706051248,179.51695979778034,10.243605497574055,2.4821130089916323,18.544513316096914,71.42797334244966,15.691111912030351,0.6995877131077517,0.018162909036882963,0.172751922148349,0.1094974557070163,0.18296623704639156,0.0,0.1786947962708465,0.0,0.009620027485792817,0.0027485792816550904,0.045871559633027525,0.4561155889016826,0.0569401626861791,0.14645470415629758,0.0
v1,3,1.0,14.957092529017217,26923,1.0,t1,spark,poisson,total,0.1,181.20291436526696,5.658287149053649,static_qc_fallback,0.4804070868773911,1.721572713002388,0.5076849387275879,0.248547161376844,0.6318389481112803,90.68896383732681,182.2693341137472,10.24717203090069,2.513852812979792,23.103974671195093,76.32973235450966,15.77820171035728,0.6318389481112803,0.02165434758385024,0.21921776919362626,0.12728893511124317,0.04888013965754188,0.0,0.46577275935074103,0.0,0.009508598595995989,0.0027857222449206996,0.04252869293912268,0.4125097500278572,0.04876871076774505,0.13739182111948892,0.0
v1,3,1.0,14.957092529017217,26923,1.0,t1,spark,poisson,total,0.1,181.20291436526696,5.658287149053649,shortest_queue,0.5122571778776511,1.9196488999987196,0.4861274867469059,0.42117117117117114,0.7332763807896594,15.068197062522813,30.284503523573516,9.327467650113533,2.499474200163604,8.992002096020348,27.22216434703816,16.450912382034495,0.7332763807896594,0.00022285777959365599,0.018088623110351743,0.24841213832039521,1.0083943096980277,0.0,0.0,0.03175723359209598,0.013445752702150577,0.007428592653121866,0.0,0.6808676596218847,0.0,0.0,0.0
v1,3,1.0,14.957092529017217,26923,1.0,t1,spark,poisson,total,0.1,181.20291436526696,5.658287149053649,capacity_greedy,0.7047320135200387,1.9420038019998174,0.6948758899831714,0.6031515422440769,0.9647141848976711,75.19523570099773,151.12958578214497,10.358969288924119,2.18015530677485,12.023240070134706,29.44843593745881,14.417343091098871,0.9647141848976711,0.009100026000074287,0.01883148237566393,0.007354306726590648,0.04134011811462319,0.0,0.0,0.0,0.00943431266946477,0.00386286817962337,0.17821193774839356,0.5802845150986146,0.051480147086134534,0.1504661441889834,7.428592653121866e-05
v1,3,1.0,14.957092529017217,26923,1.0,t1,spark,poisson,total,0.1,181.20291436526696,5.658287149053649,batch_lp@2s,0.7066634476098503,5.461692257002142,0.701681243454261,0.6037103263299062,0.9681313375181072,75.24673557427923,151.23309173493985,9.933207877032084,3.184399529584084,12.83374242084048,29.26640104204921,15.301096470946646,0.9681313375181072,0.008728596367418193,0.018460052743007837,0.004680013371466776,0.038220109200312,0.0,0.0,0.0,0.0099543141551833,0.004011440032685808,0.20722059205883445,0.5604501727147791,0.043717267763622183,0.15150614716042046,0.0
v1,3,1.0,14.957092529017217,26923,1.0,t1,spark,poisson,total,0.1,181.20291436526696,5.658287149053649,A:knn_capacity_greedy,0.6163874753927868,4.252115381001204,0.603923523084541,0.5450379973178364,0.8652081863091038,90.61119043343751,182.1130228500736,9.594348749270646,1.7749110054825508,22.86814472292624,51.954330986549586,14.117180953900288,0.8652081863091038,0.02009434312669465,0.09163169037625822,0.023065780187943394,0.018645767559335884,0.0732459235597816,0.0,0.025294357983879953,0.010288600824573784,0.006277160791887977,0.27615793187980536,0.4220554915871188,0.04824870928202652,0.0947516992905694,0.00222857779593656
v1,3,1.0,14.957092529017217,26923,1.0,t1,spark,poisson,total,0.5,906.0145718263348,3.4872337036977115,oracle_unconstrained,0.9287597964565613,,,,,,,,,,,,,,,,,,,,,,,,,,
v1,3,1.0,14.957092529017217,26923,1.0,t1,spark,poisson,total,0.5,906.0145718263348,3.4872337036977115,predictor_unconstrained,0.8165323329495228,,,,,,,,,,,,,,,,,,,,,,,,,,
v1,3,1.0,14.957092529017217,26923,1.0,t1,spark,poisson,total,0.5,906.0145718263348,3.4872337036977115,fluid_ceiling,0.8769278635000661,,,,,,,,,,,,,,,,,,,,,,,,,,
v1,3,1.0,14.957092529017217,26923,1.0,t1,spark,poisson,total,0.5,906.0145718263348,3.4872337036977115,random,0.37635107528878653,1.443682680997881,0.3425651735170123,0.240990990990991,0.5308843739553541,432.5327949071907,869.317072047556,9.513306780139782,3.943365843493666,93.82630417308768,161.03410365060859,18.663065828292247,0.5308843739553541,0.11930319800913716,0.34906956877019646,0.0007428592653121866,0.07514021468632767,0.0,0.0,0.036177246220703486,0.013780039371541061,0.00780002228577796,0.13222894922556921,0.13713182037662966,0.05716302046577276,0.1338260966459904,0.13208037737250677
v1,3,1.0,14.957092529017217,26923,1.0,t1,spark,poisson,total,0.5,906.0145718263348,3.4872337036977115,always_best_api,0.4290569401626862,2.081945761001407,0.3812810663370456,0.1510785576303928,0.4920328343795268,122.49938873917563,246.20285721734797,4.04835692026654,7.364149354962592,21.709038752337854,32.151720404379205,8.893423526028073,0.4920328343795268,0.006760019314340898,0.0,0.5012071463061323,1.6795676559075883,0.0,0.0,0.0,0.0,0.0,0.0,0.0,0.0,0.4987928536938677,0.0
v1,3,1.0,14.957092529017217,26923,1.0,t1,spark,poisson,total,0.5,906.0145718263348,3.4872337036977115,always_best_self,0.006184303383723953,2.1602918969983875,0.006828669858179737,0.0021732131358660656,0.01058574453069866,0.0,0.0,8.742693760656799,29.80927185363123,30.06187922660606,30.099976735382153,584.237522471159,0.01058574453069866,0.0029714370612487465,0.5585187386249675,0.4279240797830851,0.0,1.6245589273112209,0.0,0.0,0.013557181591947406,0.0,0.0,0.0,0.0,0.0,0.0
v1,3,1.0,14.957092529017217,26923,1.0,t1,spark,poisson,total,0.5,906.0145718263348,3.4872337036977115,threshold,0.19620770345058128,1.6328138549979485,0.12587760281037552,0.012025901942645698,0.2517178620510344,133.33690807642415,267.9844208107795,8.93877747899562,14.156036496828428,41.35928757340234,59.17236306907665,18.14096978528994,0.2517178620510344,0.04505441444118412,0.5033614381755377,0.1998662853322438,0.6726962077034506,0.03439438398395424,0.0,0.0,0.013185751959291312,0.0,0.0,0.0,0.0,0.28358652453292726,0.0
v1,3,1.0,14.957092529017217,26923,1.0,t1,spark,poisson,total,0.5,906.0145718263348,3.4872337036977115,static_qc,0.5923188351966719,1.8924384570018447,0.6034112588397792,0.320973348783314,0.7233220666344761,146.64408395101964,294.7295724032903,9.664819742681395,3.4214784291634714,30.364108503411444,59.72156272629162,13.5563290008661,0.7233220666344761,0.038888682539092966,0.09920885488244252,0.1385803959439884,0.48244994985699957,0.0,0.0,0.0,0.008468595624558928,0.0025628644653270436,0.008505738587824536,0.3688296252275006,0.05660587601678862,0.3172380492515693,0.0
v1,3,1.0,14.957092529017217,26923,1.0,t1,spark,poisson,total,0.5,906.0145718263348,3.4872337036977115,static_qc_fallback,0.6577461649890428,1.778136455999629,0.6845350760890515,0.44009834599910597,0.8441852691007689,151.37022402465482,304.22830706404767,9.738625159006363,3.2084798733285425,27.808421500123288,56.6656316590359,14.757547268795292,0.8441852691007689,0.03732867808193738,0.11848605281729377,0.0,0.1803290866545333,0.0,0.0,0.0,0.0077628793225123505,0.0025257215020614344,0.025257215020614343,0.4659213312038034,0.055305872302492294,0.3244809270883631,0.0002600007428592653
v1,3,1.0,14.957092529017217,26923,1.0,t1,spark,poisson,total,0.5,906.0145718263348,3.4872337036977115,shortest_queue,0.5122571778776511,2.0380480690000695,0.4861274867469059,0.42117117117117114,0.7332763807896594,15.068197062522813,30.284503523573516,9.327467650113533,2.499474200163604,8.992002096020348,27.22216434703816,16.450912382034495,0.7332763807896594,0.00022285777959365599,0.018088623110351743,0.24841213832039521,1.0083943096980277,0.0,0.0,0.03175723359209598,0.013445752702150577,0.007428592653121866,0.0,0.6808676596218847,0.0,0.0,0.0
v1,3,1.0,14.957092529017217,26923,1.0,t1,spark,poisson,total,0.5,906.0145718263348,3.4872337036977115,capacity_greedy,0.70679344798128,2.038926356999582,0.6988660380656316,0.605274921770228,0.9621884633956097,90.89498655092939,182.6834045941202,10.19617393478424,2.27837217961644,14.97132015050633,36.65642870294302,14.77400889881934,0.9621884633956097,0.013037180106228875,0.01827433792667979,0.006500018571481633,0.03576867362478178,0.0,0.0,0.0,0.00991717119191769,0.003788582253092152,0.1699661999034283,0.5569958771310776,0.05014300040857259,0.18396909705456302,0.00044571555918731197
v1,3,1.0,14.957092529017217,26923,1.0,t1,spark,poisson,total,0.5,906.0145718263348,3.4872337036977115,batch_lp@2s,0.7068120194629127,5.93821671600017,0.7048733747042601,0.6010281627179258,0.9631541804405156,89.67790298311775,180.23727441378497,10.17091694950888,3.300154004796923,15.099166731080345,34.697064424572474,15.635571327184664,0.9631541804405156,0.01277717936336961,0.019240054971585634,0.004828585224529213,0.03718010622887494,0.0,0.0,0.0,0.010325743787839394,0.004011440032685808,0.1918805482301378,0.5448129851799577,0.04208297737993537,0.18248337852393864,0.00033428666939048395
v1,3,1.0,14.957092529017217,26923,1.0,t1,spark,poisson,total,0.5,906.0145718263348,3.4872337036977115,A:knn_capacity_greedy,0.6926791219403484,4.609410133998608,0.6811376018534262,0.6095017381228274,0.9423912639750399,143.32793530535128,288.06467978689244,9.73438462556227,1.9488945846949264,25.12827345819073,67.96958807570088,13.977135851752564,0.9423912639750399,0.03539724399212569,0.01771719347769565,0.004494298555138729,0.024142926122646065,0.0,0.0,0.0004828585224529213,0.009805742302120864,0.00664859042454407,0.29075511644318985,0.43178694796270845,0.05278015080043086,0.18062623036065817,0.004902871151060432
v1,3,1.3,19.444220287722384,35000,1.0,t1,spark,poisson,total,0.1,235.56378867484705,5.658287149053649,oracle_unconstrained,0.9283857142857143,,,,,,,,,,,,,,,,,,,,,,,,,,
v1,3,1.3,19.444220287722384,35000,1.0,t1,spark,poisson,total,0.1,235.56378867484705,5.658287149053649,predictor_unconstrained,0.8157285714285715,,,,,,,,,,,,,,,,,,,,,,,,,,
v1,3,1.3,19.444220287722384,35000,1.0,t1,spark,poisson,total,0.1,235.56378867484705,5.658287149053649,fluid_ceiling,0.8748168871295547,,,,,,,,,,,,,,,,,,,,,,,,,,
v1,3,1.3,19.444220287722384,35000,1.0,t1,spark,poisson,total,0.1,235.56378867484705,5.658287149053649,random,0.08378571428571428,2.6484523940016516,0.07681522233169132,0.06018518518518518,0.134,117.86121460029972,236.8464821295522,9.28358529361442,7.494017862687428,86.50659515593192,145.8877514641115,29.26637471040226,0.134,0.029257142857142857,0.6426571428571428,0.19408571428571428,0.014742857142857143,0.0,1.0070285714285714,0.02582857142857143,0.011571428571428571,0.005914285714285714,0.028057142857142857,0.027114285714285716,0.011657142857142857,0.02605714285714286,0.027057142857142856
v1,3,1.3,19.444220287722384,35000,1.0,t1,spark,poisson,total,0.1,235.56378867484705,5.658287149053649,always_best_api,0.20698571428571427,3.147908949002158,0.1805573952540647,0.06431560807483998,0.23614285714285715,117.82225072057918,236.76818276811065,5.198226081711299,7.444408765496178,41.610026388011136,127.36513616565998,8.980350419072124,0.23614285714285715,0.017885714285714286,0.0,0.7459714285714286,0.8879428571428571,0.0,1.4734571428571428,0.0,0.0,0.0,0.0,0.0,0.0,0.25402857142857144,0.0
v1,3,1.3,19.444220287722384,35000,1.0,t1,spark,poisson,total,0.1,235.56378867484705,5.658287149053649,always_best_self,0.005728571428571428,2.923539591000008,0.006357190229341061,0.003877400295420975,0.0094,0.0,0.0,8.732403267236934,29.421411447322726,30.071111906675014,30.151795030308016,535.3422928693537,0.0094,0.0019142857142857143,0.43174285714285715,0.5569428571428572,0.0,1.9373142857142858,0.0,0.0,0.011314285714285714,0.0,0.0,0.0,0.0,0.0,0.0
v1,3,1.3,19.444220287722384,35000,1.0,t1,spark,poisson,total,0.1,235.56378867484705,5.658287149053649,threshold,0.029757142857142857,2.643318258000363,0.022943101712129228,0.0,0.04397142857142857,117.87290255306289,236.8699695041278,9.279576055766361,31.03829232889109,71.10942473428157,103.32004414146833,45.98602159555841,0.04397142857142857,0.052657142857142854,0.4305428571428571,0.47282857142857143,0.0,1.6215142857142857,0.05757142857142857,0.0,0.011085714285714286,0.0,0.0,0.0,0.0,0.08554285714285714,0.0
v1,3,1.3,19.444220287722384,35000,1.0,t1,spark,poisson,total,0.1,235.56378867484705,5.658287149053649,static_qc,0.5309857142857143,2.471060341998964,0.5173658234594792,0.2496626180836707,0.6918,113.37103028638012,227.82329021292614,10.084229724275263,2.539498378098415,18.222747776730703,71.20496414649472,15.181525211519613,0.6918,0.01777142857142857,0.17545714285714287,0.11497142857142857,0.3225142857142857,0.0,0.07708571428571429,0.0,0.008028571428571428,0.0021142857142857144,0.0474,0.45308571428571426,0.046914285714285714,0.15202857142857143,0.0
v1,3,1.3,19.444220287722384,35000,1.0,t1,spark,poisson,total,0.1,235.56378867484705,5.658287149053649,static_qc_fallback,0.4484714285714286,2.6325298300034774,0.45762776022728174,0.22595946528676153,0.5883714285714285,117.83507534786622,236.79395433230044,9.934312827811894,2.540406085262532,24.361133606625614,81.87045610907306,15.437846814967557,0.5883714285714285,0.02322857142857143,0.23697142857142858,0.15142857142857144,0.08574285714285715,0.0,0.5456857142857143,0.0,0.007971428571428572,0.002142857142857143,0.050942857142857144,0.3779142857142857,0.0374,0.13511428571428571,0.00011428571428571428
v1,3,1.3,19.444220287722384,35000,1.0,t1,spark,poisson,total,0.1,235.56378867484705,5.658287149053649,shortest_queue,0.39571428571428574,3.1672936510003638,0.37766710788276225,0.3317901234567901,0.5671714285714285,15.074200563924023,30.292165124791087,9.665082101935267,2.5334048375505063,10.802686990653537,27.453338038030306,16.719642628040447,0.5671714285714285,0.00011428571428571428,0.012228571428571429,0.4204857142857143,1.5267714285714287,0.0,0.0,0.026,0.011257142857142858,0.005028571428571428,0.0,0.525,0.0,0.0,0.0
v1,3,1.3,19.444220287722384,35000,1.0,t1,spark,poisson,total,0.1,235.56378867484705,5.658287149053649,capacity_greedy,0.6943714285714285,3.065195510000194,0.65025884220205,0.5370370370370371,0.9593714285714285,94.11573559054159,189.12906135618752,9.951348037219764,2.069441439797288,11.65601211824882,29.319724605913827,13.763505745913392,0.9593714285714285,0.00877142857142857,0.01502857142857143,0.01682857142857143,0.09197142857142857,0.0,0.0,0.0,0.0077428571428571425,0.0028857142857142857,0.23562857142857144,0.5261428571428571,0.04257142857142857,0.15285714285714286,0.00031428571428571427
v1,3,1.3,19.444220287722384,35000,1.0,t1,spark,poisson,total,0.1,235.56378867484705,5.658287149053649,batch_lp@2s,0.7060142857142857,7.337703318000422,0.6781559716982931,0.6209573091849935,0.9702571428571428,102.42361702506969,205.82405723239998,9.637648795456997,2.953904629144972,13.056475350428263,29.933063482472484,14.286688282824002,0.9702571428571428,0.009657142857142857,0.01477142857142857,0.005314285714285714,0.04937142857142857,0.0,0.0,0.0,0.008257142857142857,0.0028857142857142857,0.3282857142857143,0.44005714285714287,0.0338,0.16657142857142856,5.714285714285714e-05
v1,3,1.3,19.444220287722384,35000,1.0,t1,spark,poisson,total,0.1,235.56378867484705,5.658287149053649,A:knn_capacity_greedy,0.6193857142857143,5.408480590998806,0.5984149374239407,0.5353126405757984,0.8656857142857143,117.97960675147624,237.08439554842374,9.811932775948007,1.7418435367989105,21.20451256373754,59.0196969843552,13.781135394770985,0.8656857142857143,0.021,0.08385714285714285,0.02945714285714286,0.028428571428571428,0.09105714285714285,0.0,0.019285714285714285,0.00842857142857143,0.004685714285714286,0.2938571428571429,0.4226285714285714,0.03951428571428572,0.09634285714285715,0.0019428571428571429
v1,3,1.3,19.444220287722384,35000,1.0,t1,spark,poisson,total,0.5,1177.8189433742352,3.4872337036977115,oracle_unconstrained,0.9283857142857143,,,,,,,,,,,,,,,,,,,,,,,,,,
v1,3,1.3,19.444220287722384,35000,1.0,t1,spark,poisson,total,0.5,1177.8189433742352,3.4872337036977115,predictor_unconstrained,0.8157285714285715,,,,,,,,,,,,,,,,,,,,,,,,,,
v1,3,1.3,19.444220287722384,35000,1.0,t1,spark,poisson,total,0.5,1177.8189433742352,3.4872337036977115,fluid_ceiling,0.8748168871295547,,,,,,,,,,,,,,,,,,,,,,,,,,
v1,3,1.3,19.444220287722384,35000,1.0,t1,spark,poisson,total,0.5,1177.8189433742352,3.4872337036977115,random,0.3699,2.0930696469986287,0.335066216723928,0.23148148148148148,0.5154571428571428,531.7810112128027,1068.6336654189545,9.53435991864545,3.738239083000529,90.98686477987475,145.68920772979047,18.24628604987447,0.5154571428571428,0.11408571428571429,0.3686285714285714,0.0018285714285714285,0.1004,0.0,0.0,0.0272,0.011428571428571429,0.0056,0.13614285714285715,0.13957142857142857,0.04705714285714286,0.13065714285714286,0.13188571428571427
v1,3,1.3,19.444220287722384,35000,1.0,t1,spark,poisson,total,0.5,1177.8189433742352,3.4872337036977115,always_best_api,0.37967142857142855,3.0838266249993467,0.3240584461432962,0.10825947808961103,0.43214285714285716,119.87853873259155,240.9003697945378,4.069429631169411,6.8041784771234575,17.98379114726609,26.344398237158316,8.192995657990252,0.43214285714285716,0.0027714285714285714,0.0,0.5650857142857143,1.8650285714285715,0.0,0.0,0.0,0.0,0.0,0.0,0.0,0.0,0.4349142857142857,0.0
v1,3,1.3,19.444220287722384,35000,1.0,t1,spark,poisson,total,0.5,1177.8189433742352,3.4872337036977115,always_best_self,0.005728571428571428,2.79992087500068,0.006357190229341061,0.003877400295420975,0.0094,0.0,0.0,8.732403267236934,29.421411447322726,30.071111906675014,30.151795030308016,535.3422928693537,0.0094,0.0019142857142857143,0.43174285714285715,0.5569428571428572,0.0,1.9373142857142858,0.0,0.0,0.011314285714285714,0.0,0.0,0.0,0.0,0.0,0.0
v1,3,1.3,19.444220287722384,35000,1.0,t1,spark,poisson,total,0.5,1177.8189433742352,3.4872337036977115,threshold,0.1843142857142857,2.5362574749997293,0.11669055235400827,0.008160237388724036,0.23557142857142857,131.43239561480004,264.11827372382953,9.078773753230255,12.450569803959752,34.660246412458946,47.81319742429406,15.677931849039396,0.23557142857142857,0.026,0.4237714285714286,0.31465714285714286,0.7724285714285715,0.408,0.0,0.0,0.010485714285714286,0.0,0.0,0.0,0.0,0.2510857142857143,0.0
v1,3,1.3,19.444220287722384,35000,1.0,t1,spark,poisson,total,0.5,1177.8189433742352,3.4872337036977115,static_qc,0.5789,2.5079506319998472,0.5837777564176622,0.2721547458389564,0.7055714285714285,146.80330881331975,295.00669389270536,9.631260438994797,3.324133878464977,23.423590454117473,43.805596133342206,13.265962494278483,0.7055714285714285,0.021685714285714287,0.10214285714285715,0.1706,0.586,0.0,0.0,0.0,0.006828571428571429,0.002,0.00877142857142857,0.3716857142857143,0.047028571428571427,0.29094285714285717,0.0
v1,3,1.3,19.444220287722384,35000,1.0,t1,spark,poisson,total,0.5,1177.8189433742352,3.4872337036977115,static_qc_fallback,0.6425571428571428,2.543602745001408,0.6320532883477483,0.42871927554980593,0.8282571428571428,160.91951834721476,323.37374051143394,9.663320212394384,3.0962719851261227,22.353146301206888,43.68853837435622,13.75585797695146,0.8282571428571428,0.02322857142857143,0.13637142857142856,0.012142857142857143,0.29625714285714283,0.0,0.0,0.0,0.0066,0.002,0.0418,0.45677142857142855,0.045771428571428574,0.29491428571428574,0.0036285714285714285
v1,3,1.3,19.444220287722384,35000,1.0,t1,spark,poisson,total,0.5,1177.8189433742352,3.4872337036977115,shortest_queue,0.39571428571428574,3.142382906997227,0.37766710788276225,0.3317901234567901,0.5671714285714285,15.074200563924023,30.292165124791087,9.665082101935267,2.5334048375505063,10.802686990653537,27.453338038030306,16.719642628040447,0.5671714285714285,0.00011428571428571428,0.012228571428571429,0.4204857142857143,1.5267714285714287,0.0,0.0,0.026,0.011257142857142858,0.005028571428571428,0.0,0.525,0.0,0.0,0.0
v1,3,1.3,19.444220287722384,35000,1.0,t1,spark,poisson,total,0.5,1177.8189433742352,3.4872337036977115,capacity_greedy,0.6981142857142857,2.7482661840003857,0.6568966523203661,0.5509259259259259,0.9546285714285714,119.92337553820835,240.99047101839056,9.994439288715599,2.1700971983611907,15.190996343055359,38.36405646653465,14.206121440913307,0.9546285714285714,0.014171428571428571,0.014542857142857142,0.016657142857142856,0.08725714285714285,0.0,0.0,0.0,0.007714285714285714,0.003,0.22125714285714285,0.5038285714285714,0.04134285714285714,0.18948571428571429,0.0021714285714285715
v1,3,1.3,19.444220287722384,35000,1.0,t1,spark,poisson,total,0.5,1177.8189433742352,3.4872337036977115,batch_lp@2s,0.7083714285714285,7.178777608998644,0.6820367673688242,0.617633828160144,0.9643714285714285,126.96786776700537,255.146639427462,9.080072438730074,3.10708810145438,15.750277997035216,38.690190482117806,14.488648659962337,0.9643714285714285,0.01562857142857143,0.014485714285714286,0.005514285714285715,0.0514,0.0,0.0,0.0,0.008228571428571429,0.0027142857142857142,0.30297142857142856,0.4254857142857143,0.03225714285714286,0.2072857142857143,0.0010571428571428572
v1,3,1.3,19.444220287722384,35000,1.0,t1,spark,poisson,total,0.5,1177.8189433742352,3.4872337036977115,A:knn_capacity_greedy,0.6904,5.418878817999939,0.6625391670247979,0.5915429599640126,0.9425714285714286,181.0134079762829,363.7531569893987,9.941206740237222,1.916605089975178,23.99999245719262,66.69180920401553,13.748715120995485,0.9425714285714286,0.035514285714285714,0.014342857142857143,0.007571428571428572,0.040857142857142856,0.0,0.0,0.0006285714285714285,0.008257142857142857,0.004314285714285714,0.3114,0.42625714285714283,0.04348571428571429,0.17862857142857144,0.0051142857142857144
v1,4,0.3,4.487127758705165,8077,1.0,t1,spark,poisson,total,0.1,54.36087430958008,5.5140983663877705,oracle_unconstrained,0.9266435557756593,,,,,,,,,,,,,,,,,,,,,,,,,,
v1,4,0.3,4.487127758705165,8077,1.0,t1,spark,poisson,total,0.1,54.36087430958008,5.5140983663877705,predictor_unconstrained,0.8092732450167142,,,,,,,,,,,,,,,,,,,,,,,,,,
v1,4,0.3,4.487127758705165,8077,1.0,t1,spark,poisson,total,0.1,54.36087430958008,5.5140983663877705,fluid_ceiling,0.8890101218422545,,,,,,,,,,,,,,,,,,,,,,,,,,
v1,4,0.3,4.487127758705165,8077,1.0,t1,spark,poisson,total,0.1,54.36087430958008,5.5140983663877705,random,0.14863191779125914,0.5868234850022418,0.13898580874162195,0.09420289855072464,0.2957781354463291,27.35504800600029,54.81591824986425,9.852262335947623,15.611627873926116,44.80560751715292,128.6271259721945,59.85248503792286,0.2957781354463291,0.026866410796087658,0.489662003219017,0.1876934505385663,0.0,0.0,0.9792001980933515,0.11328463538442492,0.04692336263464157,0.023152160455614707,0.027609260864182247,0.02798068589822954,0.02971400272378358,0.027361644174817384,0.02661879410672279
v1,4,0.3,4.487127758705165,8077,1.0,t1,spark,poisson,total,0.1,54.36087430958008,5.5140983663877705,always_best_api,0.0548470966943172,0.6846198999992339,0.04643679613785267,0.021739130434782608,0.06450414757954687,27.261141695664264,54.62774235525801,3.993166881031149,16.623223030908377,111.25955452599875,250.88165004028167,20.385154514161627,0.06450414757954687,0.03206636127274978,0.0,0.9034294911477033,0.00854277578308778,0.0,2.7123932153027113,0.0,0.0,0.0,0.0,0.0,0.0,0.09657050885229665,0.0
v1,4,0.3,4.487127758705165,8077,1.0,t1,spark,poisson,total,0.1,54.36087430958008,5.5140983663877705,always_best_self,0.021418843630060667,0.27815919299973757,0.021782149633572476,0.007841087297438577,0.03887582023028352,0.0,0.0,9.333576117910726,29.72668250593506,30.059664492965112,30.125706534093492,555.4581980425062,0.03887582023028352,0.007923734059675622,0.9532004457100408,0.0,0.0,0.0,0.0,0.0,0.04679955428995914,0.0,0.0,0.0,0.0,0.0,0.0
v1,4,0.3,4.487127758705165,8077,1.0,t1,spark,poisson,total,0.1,54.36087430958008,5.5140983663877705,threshold,0.042837687260121333,0.3024707730000955,0.03856867351038548,0.024096385542168676,0.06797078123065495,26.318758761510253,52.73933090493547,9.268680796999794,29.921148942844184,69.94348546589602,101.7443479214455,65.91383232724507,0.06797078123065495,0.05757088027733069,0.8690107713259874,0.00544756716602699,0.0,0.0,0.017580784944905288,0.0,0.04605670422186455,0.0,0.0,0.0,0.0,0.07948495728612108,0.0
v1,4,0.3,4.487127758705165,8077,1.0,t1,spark,poisson,total,0.1,54.36087430958008,5.5140983663877705,static_qc,0.5840039618670299,0.468850139001006,0.6318248221300234,0.34885496183206105,0.7615451281416368,26.071215882091565,52.24328753339489,9.913891602640739,2.1389465557695075,20.518333922256033,41.94231154220774,14.738613945419075,0.7615451281416368,0.012999876191655317,0.14485576327844496,0.08059923238826297,0.0,0.0,0.25492138170112666,0.0,0.03181874458338492,0.01473319301720936,0.06462795592422929,0.4349387148693822,0.11749411910362759,0.11093227683545871,0.0
v1,4,0.3,4.487127758705165,8077,1.0,t1,spark,poisson,total,0.1,54.36087430958008,5.5140983663877705,static_qc_fallback,0.5783706821839792,0.4726376260005054,0.6249897663525728,0.3416030534351145,0.7557261359415625,26.062430806456177,52.22568339730481,9.78955155733914,2.126687231320716,21.41200562152292,42.39936535542704,14.532356358468846,0.7557261359415625,0.012876067846972886,0.17135074904048533,0.06004704717097933,0.0,0.0,0.22644546242416738,0.0,0.031447319549337625,0.015104618051256655,0.06475176426891173,0.4299863810820849,0.11724650241426272,0.10994181007799926,0.0001238083446824316
v1,4,0.3,4.487127758705165,8077,1.0,t1,spark,poisson,total,0.1,54.36087430958008,5.5140983663877705,shortest_queue,0.61761792744831,0.4443177819994162,0.631449969175723,0.5396946564885496,0.9533242540547233,6.00416026246603,12.031547450921256,9.697381277057408,2.56612884314859,24.413890166710313,29.228742976486025,20.871447377548066,0.9533242540547233,0.0008666584127770212,0.04580908753249969,0.0,0.0,0.0,0.0,0.11340844372910734,0.04878048780487805,0.02637117741735793,0.0,0.765630803516157,0.0,0.0,0.0
v1,4,0.3,4.487127758705165,8077,1.0,t1,spark,poisson,total,0.1,54.36087430958008,5.5140983663877705,capacity_greedy,0.7084932524452148,0.6034239129985508,0.7301555955096636,0.5751908396946565,0.952086170607899,21.568145480310704,43.2197267279721,9.765657362215109,1.8719749747767196,11.280294744740221,27.100959543201874,14.109757183455343,0.952086170607899,0.003961867029837811,0.04395196236226322,0.0,0.0001238083446824316,0.0,0.0,0.0,0.030456852791878174,0.012999876191655317,0.16837934876810698,0.5129379720193141,0.1297511452271883,0.10152284263959391,0.0
v1,4,0.3,4.487127758705165,8077,1.0,t1,spark,poisson,total,0.1,54.36087430958008,5.5140983663877705,batch_lp@2s,0.70824563575585,3.6165923480002675,0.7297573102566924,0.5748091603053435,0.952086170607899,21.524417501497737,43.13210160988356,9.80204616577989,2.9174390836418524,12.368670798258234,27.3365476199149,15.215285210385957,0.952086170607899,0.0037142503404729477,0.04419957905162808,0.0,0.0003714250340472948,0.0,0.0,0.0,0.029961619413148448,0.014485576327844496,0.1668936486319178,0.5134332053980438,0.12962733688250588,0.10139903429491148,0.0
v1,4,0.3,4.487127758705165,8077,1.0,t1,spark,poisson,total,0.1,54.36087430958008,5.5140983663877705,A:knn_capacity_greedy,0.6406462795592422,3.0376802119972126,0.614323545316668,0.5393129770992366,0.9341339606289464,26.783995622741713,53.671604383179535,9.983057522347439,1.553072632831345,22.153360774044266,41.77135380243844,14.764406495124376,0.9341339606289464,0.01634270149808097,0.04952333787297264,0.0,0.0,0.0,0.0,0.06561842268168874,0.0356568032685403,0.02253311873220255,0.2430357806116132,0.3882629689241055,0.10635136808220874,0.08716107465643184,0.0018571251702364738
v1,4,0.3,4.487127758705165,8077,1.0,t1,spark,poisson,total,0.5,271.8043715479004,3.350829639177391,oracle_unconstrained,0.9266435557756593,,,,,,,,,,,,,,,,,,,,,,,,,,
v1,4,0.3,4.487127758705165,8077,1.0,t1,spark,poisson,total,0.5,271.8043715479004,3.350829639177391,predictor_unconstrained,0.8092732450167142,,,,,,,,,,,,,,,,,,,,,,,,,,
v1,4,0.3,4.487127758705165,8077,1.0,t1,spark,poisson,total,0.5,271.8043715479004,3.350829639177391,fluid_ceiling,0.8890101218422545,,,,,,,,,,,,,,,,,,,,,,,,,,
v1,4,0.3,4.487127758705165,8077,1.0,t1,spark,poisson,total,0.5,271.8043715479004,3.350829639177391,random,0.4415005571375511,0.43328089200076647,0.41236952923732745,0.2753623188405797,0.7003838058685156,121.44690854345572,243.36363105473467,9.529573728920738,2.626332333329458,81.94411600933142,150.23736678514544,21.255808524588588,0.7003838058685156,0.10635136808220874,0.19326482604927572,0.0,0.0069332673022161695,0.0,0.0,0.11278940200569518,0.047047170979324,0.026866410796087658,0.11712269406958029,0.12900829515909373,0.12417976971647889,0.12801782840163428,0.12170360282283026
v1,4,0.3,4.487127758705165,8077,1.0,t1,spark,poisson,total,0.5,271.8043715479004,3.350829639177391,always_best_api,0.5184474433576823,0.516378608001105,0.4750174318489527,0.2527443805541035,0.6118608394205769,135.98816968966275,272.50240580905313,4.411164883429466,13.185806210464762,61.91121253222691,105.7269208476792,16.182336929398957,0.6118608394205769,0.1732078742107218,0.0,0.21493128636870126,0.6166893648631918,0.0,0.1418843630060666,0.0,0.0,0.0,0.0,0.0,0.0,0.7850687136312987,0.0
v1,4,0.3,4.487127758705165,8077,1.0,t1,spark,poisson,total,0.5,271.8043715479004,3.350829639177391,always_best_self,0.021418843630060667,0.28748460299902945,0.021782149633572476,0.007841087297438577,0.03887582023028352,0.0,0.0,9.333576117910726,29.72668250593506,30.059664492965112,30.125706534093492,555.4581980425062,0.03887582023028352,0.007923734059675622,0.9532004457100408,0.0,0.0,0.0,0.0,0.0,0.04679955428995914,0.0,0.0,0.0,0.0,0.0,0.0
v1,4,0.3,4.487127758705165,8077,1.0,t1,spark,poisson,total,0.5,271.8043715479004,3.350829639177391,threshold,0.20508852296644794,0.404206396000518,0.14659806616139046,0.050724637681159424,0.2706450414757955,136.05887121276464,272.64408236212097,9.154033051964765,26.564466001113033,110.76042410458858,248.28651843936981,36.37725991910412,0.2706450414757955,0.18373158350872848,0.4601956171845982,0.0854277578308778,0.0018571251702364738,0.0,0.2746069085056333,0.0,0.043704345672898354,0.0,0.0,0.0,0.0,0.4106722793116256,0.0
v1,4,0.3,4.487127758705165,8077,1.0,t1,spark,poisson,total,0.5,271.8043715479004,3.350829639177391,static_qc,0.6184226816887458,0.5429040490016632,0.6326621629496767,0.501145038167939,0.7625355948990962,131.6928641131217,263.89517838652347,9.732410537022528,3.5036034169290815,78.88702391837789,253.344007541442,15.353659577145322,0.7625355948990962,0.11266559366101275,0.018818868391729603,0.10597994304816144,0.04147579546861459,0.0,0.31174941191036276,0.0,0.022037885353472824,0.0019809335149189055,0.005818992200074285,0.32252073789773433,0.1371796459081342,0.38566299368577445,0.0
v1,4,0.3,4.487127758705165,8077,1.0,t1,spark,poisson,total,0.5,271.8043715479004,3.350829639177391,static_qc_fallback,0.6323511204655193,0.5623172650011838,0.6497844885297811,0.5125954198473283,0.781973505014238,132.14269036679434,264.79657103414576,9.900296341602916,3.4458177819376488,77.51051649036641,250.57502116555244,15.610003545252255,0.781973505014238,0.11427510214188437,0.03862820354091866,0.06512318930295902,0.014980809706574224,0.0,0.257026123560728,0.0,0.02327596880029714,0.009533242540547233,0.00854277578308778,0.33081589699145725,0.13705583756345177,0.3862820354091866,0.0007428500680945896
v1,4,0.3,4.487127758705165,8077,1.0,t1,spark,poisson,total,0.5,271.8043715479004,3.350829639177391,shortest_queue,0.61761792744831,0.4420777369996358,0.631449969175723,0.5396946564885496,0.9533242540547233,6.00416026246603,12.031547450921256,9.697381277057408,2.56612884314859,24.413890166710313,29.228742976486025,20.871447377548066,0.9533242540547233,0.0008666584127770212,0.04580908753249969,0.0,0.0,0.0,0.0,0.11340844372910734,0.04878048780487805,0.02637117741735793,0.0,0.765630803516157,0.0,0.0,0.0
v1,4,0.3,4.487127758705165,8077,1.0,t1,spark,poisson,total,0.5,271.8043715479004,3.350829639177391,capacity_greedy,0.7003838058685156,0.6079282540013082,0.7213977848015203,0.5706106870229007,0.9423053113779869,26.12585843385932,52.35278402011311,9.741579360531677,1.8869300447291835,14.74562157034643,29.71150698315462,13.960887998086605,0.9423053113779869,0.008666584127770213,0.04481862077504024,0.004209483719202674,0.017333168255540425,0.0,0.0,0.0,0.031323511204655194,0.014114151293797202,0.1621889315339854,0.4630432091122942,0.14176055466138418,0.13854153769964095,0.0
v1,4,0.3,4.487127758705165,8077,1.0,t1,spark,poisson,total,0.5,271.8043715479004,3.350829639177391,batch_lp@2s,0.7033552061408939,3.644588630999351,0.7239511271229353,0.5736641221374046,0.9454005199950477,25.253380675652807,50.6044533479029,9.372135917731638,2.939475222081228,15.363587834927594,29.289306316097022,14.923347256421266,0.9454005199950477,0.007304692336263464,0.043828154017580785,0.0034666336511080848,0.02030456852791878,0.0,0.0,0.0,0.030580661136560605,0.01399034294911477,0.163798440014857,0.46613841772935494,0.1426272130741612,0.1355701374272626,0.0
v1,4,0.3,4.487127758705165,8077,1.0,t1,spark,poisson,total,0.5,271.8043715479004,3.350829639177391,A:knn_capacity_greedy,0.6594032437786307,3.1799494420010888,0.6310266696326531,0.5602605863192183,0.9118484585861087,46.71937201607943,93.6194766156748,10.081323931151218,1.8544727609332767,28.244273139921034,67.92067801002064,13.777747522190793,0.9118484585861087,0.039371053609013246,0.0477900210474186,0.0009904667574594528,0.004333292063885106,0.0,0.0,0.0007428500680945896,0.033056828030209234,0.02018076018323635,0.24315958895629566,0.3440633898724774,0.11885601089513433,0.18571251702364738,0.00544756716602699
v1,4,0.7,10.469964770312052,18846,1.0,t1,spark,poisson,total,0.1,126.84204005568688,5.5140983663877705,oracle_unconstrained,0.9293484028441048,,,,,,,,,,,,,,,,,,,,,,,,,,
v1,4,0.7,10.469964770312052,18846,1.0,t1,spark,poisson,total,0.1,126.84204005568688,5.5140983663877705,predictor_unconstrained,0.8184760691924016,,,,,,,,,,,,,,,,,,,,,,,,,,
v1,4,0.7,10.469964770312052,18846,1.0,t1,spark,poisson,total,0.1,126.84204005568688,5.5140983663877705,fluid_ceiling,0.8809385283600559,,,,,,,,,,,,,,,,,,,,,,,,,,
v1,4,0.7,10.469964770312052,18846,1.0,t1,spark,poisson,total,0.1,126.84204005568688,5.5140983663877705,random,0.10230287594184442,1.421733323000808,0.0991610320350656,0.07603121516164994,0.1770667515653189,63.61712205364529,127.17957418278985,9.426271089596836,12.786513746061019,76.74749361163686,142.97821203507382,45.694493010796236,0.1770667515653189,0.030457391488910114,0.5975273267536878,0.1949485301920832,0.00588984399872652,0.0,1.0117266263398068,0.052690226042661575,0.02037567653613499,0.011089886448052637,0.026106335561922954,0.026424705507800062,0.01809402525734904,0.027326753687785206,0.02541653401252255
v1,4,0.7,10.469964770312052,18846,1.0,t1,spark,poisson,total,0.1,126.84204005568688,5.5140983663877705,always_best_api,0.15308288230924333,1.840236793999793,0.13438356931321338,0.06162464985994398,0.17648307333121085,63.590797246899456,127.12694719174876,4.12342276035954,9.531173963905516,48.54021432911969,117.64099006246944,11.599233835859877,0.17648307333121085,0.023612437652552266,0.0,0.7999044890162369,0.3646397113445824,0.0,2.106760055184124,0.0,0.0,0.0,0.0,0.0,0.0,0.20009551098376313,0.0
v1,4,0.7,10.469964770312052,18846,1.0,t1,spark,poisson,total,0.1,126.84204005568688,5.5140983663877705,always_best_self,0.009206197601613075,1.1023950099988724,0.012559747502456987,0.004124860646599777,0.016342990555024937,0.0,0.0,9.38578603738346,29.862103475644062,30.06104216161024,30.113434455474795,559.0492854049799,0.016342990555024937,0.004669425872864268,0.7928472885492943,0.1861402950228165,0.0,0.865966252785737,0.0,0.0,0.021012416427889206,0.0,0.0,0.0,0.0,0.0,0.0
v1,4,0.7,10.469964770312052,18846,1.0,t1,spark,poisson,total,0.1,126.84204005568688,5.5140983663877705,threshold,0.031014538894195056,1.0167973729985533,0.028005734081477315,0.009610764055742432,0.04695956701687361,62.293377531226724,124.5332227092663,9.01825834918023,30.055183093350053,75.27614716041249,103.47293572908237,52.317361224574285,0.04695956701687361,0.05507800063673989,0.7851533481905975,0.11280908415578902,0.0,0.5138490926456543,0.02626552053486151,0.0,0.020853231454950653,0.0,0.0,0.0,0.0,0.08118433619866285,0.0
v1,4,0.7,10.469964770312052,18846,1.0,t1,spark,poisson,total,0.1,126.84204005568688,5.5140983663877705,static_qc,0.5931232091690545,1.1447658340002818,0.6164669969933909,0.3211596988627263,0.7676960628250027,59.12163436769515,118.19246204714504,9.817309481075203,2.2285860095812424,16.340814888247824,42.868744753474076,14.632348150886628,0.7676960628250027,0.015494004032685981,0.1710707842513,0.045739148891011355,0.153560437228059,0.0,0.0,0.0,0.01395521596094662,0.00578372068343415,0.07815982171283031,0.48657540061551524,0.080653719622201,0.11806218826276133,0.0
v1,4,0.7,10.469964770312052,18846,1.0,t1,spark,poisson,total,0.1,126.84204005568688,5.5140983663877705,static_qc_fallback,0.5908946195479147,1.1645944240008248,0.6281762670428572,0.3054621175716803,0.768385864374403,63.42578677592064,126.79706805296767,9.817309481075203,2.265600238730599,18.856509856521157,64.18940622560152,14.40777189170106,0.768385864374403,0.019314443383211293,0.18412395203226148,0.028175740210124166,0.04335137429693304,0.0,0.10723761010293961,0.0,0.014008277618592805,0.00578372068343415,0.0747108139658283,0.4927836145601189,0.07773532845166083,0.12262549082033322,5.3061657646184864e-05
v1,4,0.7,10.469964770312052,18846,1.0,t1,spark,poisson,total,0.1,126.84204005568688,5.5140983663877705,shortest_queue,0.6708585376207152,1.0267880210012663,0.6566281463806718,0.5859362485984302,0.9719834447628144,15.147253910245126,30.28149089672926,9.592878570148956,2.4547181225862005,16.073773387031828,27.641004547643377,17.371537430165063,0.9719834447628144,0.0004775549188156638,0.01745728536559482,0.010081714952775125,0.045420778945134244,0.0,0.0,0.05789026849198769,0.019791998302026954,0.011408256393929747,0.0,0.8833704764936856,0.0,0.0,0.0
v1,4,0.7,10.469964770312052,18846,1.0,t1,spark,poisson,total,0.1,126.84204005568688,5.5140983663877705,capacity_greedy,0.7186405603311048,1.4409837999992305,0.70878372045606,0.6128463879545091,0.9658813541335032,46.94048210225628,93.84062549490552,10.061619141394404,1.9517285929414356,10.312375731569531,28.247960141160487,13.737692522357207,0.9658813541335032,0.0068980154940040325,0.022922636103151862,0.004297994269340974,0.020694046482012098,0.0,0.0,0.0,0.014326647564469915,0.0057306590257879654,0.21203438395415472,0.5638862358060066,0.07317202589408893,0.10362941738299905,0.0
v1,4,0.7,10.469964770312052,18846,1.0,t1,spark,poisson,total,0.1,126.84204005568688,5.5140983663877705,batch_lp@2s,0.7204977183487212,5.032492489001015,0.7124366505927457,0.6144481819637995,0.9673670805475963,45.52573628481878,91.01234963409465,10.096645236111991,2.988997357304129,10.877888778746938,27.59741578389314,14.94188944438929,0.9673670805475963,0.0061551522869574445,0.022922636103151862,0.0035551310622943862,0.02058792316671973,0.0,0.0,0.0,0.014326647564469915,0.0060490289716650745,0.21182213732357,0.5701475114082564,0.07094343627294916,0.10023347129364321,0.0
v1,4,0.7,10.469964770312052,18846,1.0,t1,spark,poisson,total,0.1,126.84204005568688,5.5140983663877705,A:knn_capacity_greedy,0.6411705401676748,4.173736157001258,0.6211425173353916,0.5635111324683646,0.8993420354451873,63.4324306873732,126.81035016636997,9.687779398773873,1.7211322205297659,22.301930178642536,44.6598837032769,13.816059577102578,0.8993420354451873,0.019261381725565106,0.07831900668576887,0.0030775761434787222,0.01745728536559482,0.0,0.0,0.032208426191234214,0.015069510771516503,0.00795924864692773,0.27480632494959145,0.42242385652127773,0.06584951713891542,0.0971558951501645,0.003130637801124907
v1,4,0.7,10.469964770312052,18846,1.0,t1,spark,poisson,total,0.5,634.2102002784343,3.350829639177391,oracle_unconstrained,0.9293484028441048,,,,,,,,,,,,,,,,,,,,,,,,,,
v1,4,0.7,10.469964770312052,18846,1.0,t1,spark,poisson,total,0.5,634.2102002784343,3.350829639177391,predictor_unconstrained,0.8184760691924016,,,,,,,,,,,,,,,,,,,,,,,,,,
v1,4,0.7,10.469964770312052,18846,1.0,t1,spark,poisson,total,0.5,634.2102002784343,3.350829639177391,fluid_ceiling,0.8809385283600559,,,,,,,,,,,,,,,,,,,,,,,,,,
v1,4,0.7,10.469964770312052,18846,1.0,t1,spark,poisson,total,0.5,634.2102002784343,3.350829639177391,random,0.39345219144646076,1.063777786999708,0.35278441424776874,0.19607843137254902,0.5683434150482861,307.37203777822833,614.4799327352081,9.519781669347006,3.8582362681543145,92.98130618287394,165.54929904071832,18.912885433002657,0.5683434150482861,0.1174785100286533,0.3130637801124907,0.001114294810569882,0.05905762496020376,0.0,0.002759206197601613,0.052743287700307756,0.020481799851427358,0.010453146556298419,0.12994799957550673,0.13265414411546217,0.07455162899288974,0.13461742544837102,0.1303724928366762
v1,4,0.7,10.469964770312052,18846,1.0,t1,spark,poisson,total,0.5,634.2102002784343,3.350829639177391,always_best_api,0.48917542184017826,1.5087128129998746,0.4342562439122779,0.2229654403567447,0.5643637907248222,126.98666925536236,253.8642114173153,4.114962084382327,8.538209309294103,28.880373324271325,44.07152881039194,10.358073953321338,0.5643637907248222,0.026318582192507694,0.0,0.40931762708267005,1.4005624535710495,0.0,0.0,0.0,0.0,0.0,0.0,0.0,0.0,0.59068237291733,0.0
v1,4,0.7,10.469964770312052,18846,1.0,t1,spark,poisson,total,0.5,634.2102002784343,3.350829639177391,always_best_self,0.009206197601613075,1.0667685739972512,0.012559747502456987,0.004124860646599777,0.016342990555024937,0.0,0.0,9.38578603738346,29.862103475644062,30.06104216161024,30.113434455474795,559.0492854049799,0.016342990555024937,0.004669425872864268,0.7928472885492943,0.1861402950228165,0.0,0.865966252785737,0.0,0.0,0.021012416427889206,0.0,0.0,0.0,0.0,0.0,0.0
v1,4,0.7,10.469964770312052,18846,1.0,t1,spark,poisson,total,0.5,634.2102002784343,3.350829639177391,threshold,0.22598959991510134,1.1059468260027643,0.1462537786329124,0.022408963585434174,0.28881460256818425,134.8031661217101,269.4904879757698,8.882885479777036,16.524007702349326,51.02948365214785,71.15830337933767,21.275287473233362,0.28881460256818425,0.07720471187519898,0.4716120131592911,0.1623686723973257,0.5802292263610315,0.0,0.0,0.0,0.020481799851427358,0.0,0.0,0.0,0.0,0.34553751459195586,0.0
v1,4,0.7,10.469964770312052,18846,1.0,t1,spark,poisson,total,0.5,634.2102002784343,3.350829639177391,static_qc,0.6275071633237822,1.3464991469991219,0.6144797292317566,0.30673316708229426,0.7619123421415686,145.2630312928868,290.40122954244873,9.797490615664849,3.5780650927819124,39.85613596463112,77.57363203312016,14.222318495746437,0.7619123421415686,0.06505359227422265,0.030934946407725778,0.14209911917648307,0.4927836145601189,0.0,0.0,0.0,0.010559269871590789,0.0021755279634935796,0.0064735222328345535,0.36379072482224345,0.08516396052212671,0.3588029290035021,0.0
v1,4,0.7,10.469964770312052,18846,1.0,t1,spark,poisson,total,0.5,634.2102002784343,3.350829639177391,static_qc_fallback,0.6901995118327496,1.2886702790019626,0.6913369954901208,0.5372417107160019,0.8690438289292157,148.7021867498679,297.2765849883999,10.505136350736066,3.273253969869188,37.369597243256095,72.49718132763941,14.854147405588009,0.8690438289292157,0.06595564045420779,0.06500053061657646,0.0,0.17260957232303936,0.0,0.0,0.0,0.010240899925713679,0.004244932611694789,0.029820651597155894,0.4439138278679826,0.08288230924334077,0.3634723548763663,0.0004244932611694789
v1,4,0.7,10.469964770312052,18846,1.0,t1,spark,poisson,total,0.5,634.2102002784343,3.350829639177391,shortest_queue,0.6708585376207152,1.0220169500025804,0.6566281463806718,0.5859362485984302,0.9719834447628144,15.147253910245126,30.28149089672926,9.592878570148956,2.4547181225862005,16.073773387031828,27.641004547643377,17.371537430165063,0.9719834447628144,0.0004775549188156638,0.01745728536559482,0.010081714952775125,0.045420778945134244,0.0,0.0,0.05789026849198769,0.019791998302026954,0.011408256393929747,0.0,0.8833704764936856,0.0,0.0,0.0
v1,4,0.7,10.469964770312052,18846,1.0,t1,spark,poisson,total,0.5,634.2102002784343,3.350829639177391,capacity_greedy,0.718136474583466,1.438641930999438,0.7080101263233575,0.6149287201665866,0.9615833598641621,56.34213067790006,112.6358432581098,10.046179484527503,2.0037837581614895,12.875618306227977,31.42484394218001,13.847978624606412,0.9615833598641621,0.011089886448052637,0.022869574445505678,0.004457179242279528,0.022922636103151862,0.0,0.0,0.0,0.014326647564469915,0.005836782341080335,0.2083200679189218,0.5281757402101241,0.07428632070465882,0.14172768757295978,0.0
v1,4,0.7,10.469964770312052,18846,1.0,t1,spark,poisson,total,0.5,634.2102002784343,3.350829639177391,batch_lp@2s,0.7197283243128515,4.8280307419991,0.7104188906250908,0.6147685407656576,0.9634935795394248,52.5525365708545,105.05991166451696,10.11879994577705,3.067634585753865,12.60674839294546,29.760254908969227,14.875733259182425,0.9634935795394248,0.009020481799851427,0.023028759418444233,0.004457179242279528,0.025045102408999258,0.0,0.0,0.0,0.013902154303300435,0.0067918921787116626,0.20837312957656798,0.5359758038841134,0.07158017616470339,0.13589090523187944,0.0
v1,4,0.7,10.469964770312052,18846,1.0,t1,spark,poisson,total,0.5,634.2102002784343,3.350829639177391,A:knn_capacity_greedy,0.6781279847182426,3.8150490100015304,0.6622638490855678,0.5935162094763092,0.9255544943224027,112.5197557533229,224.9428166805786,9.388325855126087,1.9313660090281246,28.075893382864887,73.86219374797508,13.720184698973753,0.9255544943224027,0.04361668258516396,0.026318582192507694,0.004510240899925713,0.022498142841982382,0.0,0.0,0.000795924864692773,0.015175634086808871,0.008436803565743395,0.2773002228589621,0.3942481163111536,0.06982914146237928,0.1970179348402844,0.006367398917542184
v1,4,1.0,14.957092529017217,26923,1.0,t1,spark,poisson,total,0.1,181.20291436526696,5.5140983663877705,oracle_unconstrained,0.930022657207592,,,,,,,,,,,,,,,,,,,,,,,,,,
v1,4,1.0,14.957092529017217,26923,1.0,t1,spark,poisson,total,0.1,181.20291436526696,5.5140983663877705,predictor_unconstrained,0.8213609181740519,,,,,,,,,,,,,,,,,,,,,,,,,,
v1,4,1.0,14.957092529017217,26923,1.0,t1,spark,poisson,total,0.1,181.20291436526696,5.5140983663877705,fluid_ceiling,0.8790038317877664,,,,,,,,,,,,,,,,,,,,,,,,,,
v1,4,1.0,14.957092529017217,26923,1.0,t1,spark,poisson,total,0.1,181.20291436526696,5.5140983663877705,random,0.0987445678416224,2.0697594470002514,0.09245637683990975,0.07028112449799197,0.15700330572373064,91.15420656622882,182.67084703257785,9.643248032846437,8.446952427739689,80.10526213646773,142.15068663531466,30.548127675445357,0.15700330572373064,0.030605801730862088,0.6210674887642537,0.19132340378115367,0.014114326040931546,0.0,0.9916056903019723,0.035842959551313,0.01496861419604056,0.007094305983731382,0.0282657950451287,0.03042008691453404,0.014857185306243732,0.029231512090034543,0.026928648367566765
v1,4,1.0,14.957092529017217,26923,1.0,t1,spark,poisson,total,0.1,181.20291436526696,5.5140983663877705,always_best_api,0.17449764142183263,2.2876879190007458,0.15476632018374056,0.06802827965435979,0.20001485718530623,90.64045900036581,181.64130921361897,4.172007231583021,8.210386358020727,50.40731793094562,132.11030473833583,9.960389782843663,0.20001485718530623,0.020205772016491475,0.0,0.7797793707982023,0.5473758496452847,0.0,1.8883482524235784,0.0,0.0,0.0,0.0,0.0,0.0,0.22022062920179772,0.0
v1,4,1.0,14.957092529017217,26923,1.0,t1,spark,poisson,total,0.1,181.20291436526696,5.5140983663877705,always_best_self,0.006147160420458344,1.9068490120007482,0.0077832085487164636,0.003534956794972506,0.011291460832745237,0.0,0.0,9.137453726492005,29.807082389204083,30.073052221764488,30.127112357268462,562.2068285075352,0.011291460832745237,0.0029714370612487465,0.5602644578984511,0.4254726442075549,0.0,1.607993165694759,0.0,0.0,0.014262897893993983,0.0,0.0,0.0,0.0,0.0,0.0
v1,4,1.0,14.957092529017217,26923,1.0,t1,spark,poisson,total,0.1,181.20291436526696,5.5140983663877705,threshold,0.028247223563495894,1.866049791999103,0.02300446603053688,0.006308437535203335,0.04356869591055974,90.63278497802094,181.6259306566144,9.101121579306147,30.712020576697057,74.85819366579528,103.38106265628771,46.308751245822805,0.04356869591055974,0.0541544404412584,0.5591130260372172,0.3431638376109646,0.0,1.329643798982283,0.023065780187943394,0.0,0.014262897893993983,0.0,0.0,0.0,0.0,0.08346023845782416,0.0
v1,4,1.0,14.957092529017217,26923,1.0,t1,spark,poisson,total,0.1,181.20291436526696,5.5140983663877705,static_qc,0.5780002228577796,1.6362408830027562,0.6031462955507187,0.31756223949532497,0.7496935705530587,82.26539091655468,164.8578733365951,10.39391462774222,2.2863592681298996,16.379391442122937,43.974850851727695,14.83638517941256,0.7496935705530587,0.015191471975634216,0.1731604947442707,0.061954462727036363,0.2062920179771942,0.0,0.0,0.0,0.009842885265386472,0.005051443004122869,0.07684879099654571,0.4875756787876537,0.06481447089848828,0.12075177357649593,0.0
v1,4,1.0,14.957092529017217,26923,1.0,t1,spark,poisson,total,0.1,181.20291436526696,5.5140983663877705,static_qc_fallback,0.582810236600676,1.6192665490016225,0.618773975926118,0.298636926889715,0.756230732087806,89.99376736493105,180.34535466293215,10.19471568940779,2.3198522070541685,19.485037607806994,64.73036774271912,14.576237475899575,0.756230732087806,0.01979719942056977,0.19095197414849757,0.033020094343126694,0.060060171600490285,0.0,0.14229469227054933,0.0,0.010177171934776956,0.005051443004122869,0.07751736433532667,0.49474427069791627,0.06247446421275489,0.12561750176429076,0.00044571555918731197
v1,4,1.0,14.957092529017217,26923,1.0,t1,spark,poisson,total,0.1,181.20291436526696,5.5140983663877705,shortest_queue,0.5167886193960555,1.9886745740004699,0.49548229626982915,0.43373493975903615,0.7367306763733611,15.16531530933571,30.390928706726427,9.678509015610942,2.4927314783974452,10.703600890707191,27.680570632600276,16.496220386035247,0.7367306763733611,0.0002600007428592653,0.014708613453181295,0.24830070943059837,1.0156000445715558,0.0,0.0,0.03198009137168963,0.014114326040931546,0.0077628793225123505,0.0,0.6831333803810868,0.0,0.0,0.0
v1,4,1.0,14.957092529017217,26923,1.0,t1,spark,poisson,total,0.1,181.20291436526696,5.5140983663877705,capacity_greedy,0.7198863425324072,1.9083668569983274,0.7121373844934165,0.6267883293905598,0.9695056271589347,66.64844401272603,133.56188573000588,10.037997919624223,1.9812717528159283,10.378747897512177,27.970832568456633,13.889327507761664,0.9695056271589347,0.007168591910262601,0.017568621624633213,0.005757159306169446,0.029157226163503323,0.0,0.0,0.0,0.009137168963339895,0.004754299297997994,0.22300635144671843,0.5726702076291647,0.05671730490658545,0.11024031497232849,0.00014857185306243732
v1,4,1.0,14.957092529017217,26923,1.0,t1,spark,poisson,total,0.1,181.20291436526696,5.5140983663877705,batch_lp@2s,0.7194777699364855,5.3091951910028,0.712971707824159,0.6267883293905598,0.9717713479181369,64.35896611030148,128.97382684109,9.82275910539537,3.0285670851969257,10.803288719288625,26.154458615715445,14.786884819765419,0.9717713479181369,0.005980017085763102,0.017568621624633213,0.004680013371466776,0.028674367641050403,0.0,0.0,0.0,0.009694313412324036,0.004642870408201166,0.23218066337332394,0.5705902016862905,0.05170300486572819,0.10875459644170411,0.00018571481632804665
v1,4,1.0,14.957092529017217,26923,1.0,t1,spark,poisson,total,0.1,181.20291436526696,5.5140983663877705,A:knn_capacity_greedy,0.6451918434052669,4.164475164001487,0.6345322263805627,0.5567502986857825,0.8949596998848568,90.76016060664551,181.8811883660351,10.091119049709583,1.776598105692642,22.08308393362263,50.733555739499295,13.945094338897889,0.8949596998848568,0.01983434238383538,0.07569735913531181,0.009508598595995989,0.02065148757567879,0.022360063885896817,0.0,0.021468632767522193,0.01158860453887011,0.007280020800059428,0.28403224009211453,0.43572410206886303,0.049771570775916506,0.10225457787022249,0.0026742933551238716
v1,4,1.0,14.957092529017217,26923,1.0,t1,spark,poisson,total,0.5,906.0145718263348,3.350829639177391,oracle_unconstrained,0.930022657207592,,,,,,,,,,,,,,,,,,,,,,,,,,
v1,4,1.0,14.957092529017217,26923,1.0,t1,spark,poisson,total,0.5,906.0145718263348,3.350829639177391,predictor_unconstrained,0.8213609181740519,,,,,,,,,,,,,,,,,,,,,,,,,,
v1,4,1.0,14.957092529017217,26923,1.0,t1,spark,poisson,total,0.5,906.0145718263348,3.350829639177391,fluid_ceiling,0.8790038317877664,,,,,,,,,,,,,,,,,,,,,,,,,,
v1,4,1.0,14.957092529017217,26923,1.0,t1,spark,poisson,total,0.5,906.0145718263348,3.350829639177391,random,0.3789139397541136,1.4103654670034302,0.3408184403002761,0.21686746987951808,0.5338929539798685,435.6695324367447,873.0713097555713,9.416144357346834,4.089488529690385,94.8093107773035,160.8563283091082,18.689375652457294,0.5338929539798685,0.11908034022954352,0.3447238420681202,0.0023028637224677784,0.07807450878431081,0.0,0.009322883779667942,0.037848679567655905,0.015302900865431044,0.0071314489469969915,0.13230323515210043,0.1333432381235375,0.05805445158414738,0.1374289640827545,0.13156037588678826
v1,4,1.0,14.957092529017217,26923,1.0,t1,spark,poisson,total,0.5,906.0145718263348,3.350829639177391,always_best_api,0.4311183746239275,2.0626635940025153,0.3811446261938401,0.15239591516103693,0.49504141440404115,122.70232966559706,245.89253022130194,4.095796789119002,7.321013330939699,21.846306615155058,32.497912308517705,8.813729883207316,0.49504141440404115,0.00772573635924674,0.0,0.4972328492367121,1.6676819076625933,0.0,0.0,0.0,0.0,0.0,0.0,0.0,0.0,0.5027671507632879,0.0
v1,4,1.0,14.957092529017217,26923,1.0,t1,spark,poisson,total,0.5,906.0145718263348,3.350829639177391,always_best_self,0.006147160420458344,1.8668045099984738,0.0077832085487164636,0.003534956794972506,0.011291460832745237,0.0,0.0,9.137453726492005,29.807082389204083,30.073052221764488,30.127112357268462,562.2068285075352,0.011291460832745237,0.0029714370612487465,0.5602644578984511,0.4254726442075549,0.0,1.607993165694759,0.0,0.0,0.014262897893993983,0.0,0.0,0.0,0.0,0.0,0.0
v1,4,1.0,14.957092529017217,26923,1.0,t1,spark,poisson,total,0.5,906.0145718263348,3.350829639177391,threshold,0.2106748876425361,1.552195568998286,0.13532510405068154,0.017769002961500493,0.26739219254912155,131.78824519901536,264.10048736423516,8.82933102183389,13.663950504806309,37.903986536302604,55.530190416622844,17.258010637565917,0.26739219254912155,0.04108011737176392,0.48192994837128106,0.20959774170783346,0.7256249303569439,0.003937154106154589,0.0,0.0,0.014894328269509342,0.0,0.0,0.0,0.0,0.29357798165137616,0.0
v1,4,1.0,14.957092529017217,26923,1.0,t1,spark,poisson,total,0.5,906.0145718263348,3.350829639177391,static_qc,0.6026445789845114,1.9127637999990839,0.5958167587654876,0.22520908004778972,0.7313078037365821,142.80416045902712,286.17611774036493,9.586265524522394,3.4772720451081227,28.55191558103018,55.51748988703336,13.559930254514938,0.7313078037365821,0.03446866991048546,0.0294543698696282,0.20476915648330424,0.7005905731159232,0.0,0.0,0.0,0.007317163763325038,0.002340006685733388,0.0058314452327006645,0.3605838873825354,0.06800876573933068,0.3216952048434424,0.0
v1,4,1.0,14.957092529017217,26923,1.0,t1,spark,poisson,total,0.5,906.0145718263348,3.350829639177391,static_qc_fallback,0.6934962671321918,1.9587249679971137,0.7020792663726452,0.5419623746761293,0.8831110946031274,150.23918409791622,301.07572706159056,10.44119115790243,3.07179368806635,26.610338697931837,54.08826543774483,14.21347597318021,0.8831110946031274,0.036102960294172266,0.08078594510270029,0.0,0.24636927534078668,0.0,0.0,0.0,0.007280020800059428,0.0027114363183894812,0.04345726702076291,0.4772870779630799,0.06633733239237827,0.32117520335772387,0.0009657170449058426
v1,4,1.0,14.957092529017217,26923,1.0,t1,spark,poisson,total,0.5,906.0145718263348,3.350829639177391,shortest_queue,0.5167886193960555,2.1440560560004087,0.49548229626982915,0.43373493975903615,0.7367306763733611,15.16531530933571,30.390928706726427,9.678509015610942,2.4927314783974452,10.703600890707191,27.680570632600276,16.496220386035247,0.7367306763733611,0.0002600007428592653,0.014708613453181295,0.24830070943059837,1.0156000445715558,0.0,0.0,0.03198009137168963,0.014114326040931546,0.0077628793225123505,0.0,0.6831333803810868,0.0,0.0,0.0
v1,4,1.0,14.957092529017217,26923,1.0,t1,spark,poisson,total,0.5,906.0145718263348,3.350829639177391,capacity_greedy,0.720387772536493,1.9830147470020165,0.7143362874514042,0.6284780894446322,0.9667570478772797,80.0898442375128,160.49812989095665,9.887685445718688,2.052588791987091,12.568385913769408,31.973450679840717,14.04305538937956,0.9667570478772797,0.011402889722542064,0.017642907551164433,0.004197154849013855,0.02328863796753705,0.0,0.0,0.0,0.009545741559261597,0.004717156334732385,0.21594918842625266,0.542881551090146,0.057385878245366416,0.14760613601753148,7.428592653121866e-05
v1,4,1.0,14.957092529017217,26923,1.0,t1,spark,poisson,total,0.5,906.0145718263348,3.350829639177391,batch_lp@2s,0.7204434869813914,5.543445507999422,0.713884222013808,0.6276895347527318,0.9686884819670913,74.33394778686306,148.9634512438657,9.74992096414084,3.1129876620434516,12.315243047095876,29.378339272952076,14.970113681933867,0.9686884819670913,0.008802882293949411,0.01771719347769565,0.0047914422612636036,0.025220072057348736,0.0,0.0,0.0,0.009545741559261597,0.004605727444935557,0.21947776993648554,0.5480444229840656,0.052520150057571595,0.14303755153586153,0.0002600007428592653
v1,4,1.0,14.957092529017217,26923,1.0,t1,spark,poisson,total,0.5,906.0145718263348,3.350829639177391,A:knn_capacity_greedy,0.6866433904096869,4.2664713300000585,0.6753604456975896,0.6009557945041816,0.9351112431749805,153.92074536228938,308.45348767077047,9.680738085837906,1.9766023728080313,27.636272353639452,68.37034975510986,13.869679346131107,0.9351112431749805,0.0421944062697322,0.018051480147086133,0.004642870408201166,0.02392006834305241,0.0,0.0,0.0007800022285777959,0.010994317126620362,0.007168591910262601,0.28938082680236227,0.4088325966645619,0.05300300858002451,0.2010920031200089,0.0060543030122943205
v1,4,1.3,19.444220287722384,35000,1.0,t1,spark,poisson,total,0.1,235.56378867484705,5.5140983663877705,oracle_unconstrained,0.9296142857142857,,,,,,,,,,,,,,,,,,,,,,,,,,
v1,4,1.3,19.444220287722384,35000,1.0,t1,spark,poisson,total,0.1,235.56378867484705,5.5140983663877705,predictor_unconstrained,0.8201285714285714,,,,,,,,,,,,,,,,,,,,,,,,,,
v1,4,1.3,19.444220287722384,35000,1.0,t1,spark,poisson,total,0.1,235.56378867484705,5.5140983663877705,fluid_ceiling,0.8827296563623386,,,,,,,,,,,,,,,,,,,,,,,,,,
v1,4,1.3,19.444220287722384,35000,1.0,t1,spark,poisson,total,0.1,235.56378867484705,5.5140983663877705,random,0.08722857142857143,2.476992737996625,0.08275605905895966,0.06823940585408475,0.1334,117.9939332678241,237.49709262609866,9.718825881579818,8.127633426511238,86.42837556064032,153.69023541876982,27.988060277296313,0.1334,0.030228571428571428,0.6453142857142857,0.19105714285714287,0.014571428571428572,0.0,0.9998285714285714,0.023428571428571427,0.011228571428571428,0.006057142857142857,0.027285714285714285,0.02737142857142857,0.011914285714285714,0.028742857142857143,0.0276
v1,4,1.3,19.444220287722384,35000,1.0,t1,spark,poisson,total,0.1,235.56378867484705,5.5140983663877705,always_best_api,0.15034285714285714,2.9574273100006394,0.12991160048346992,0.051334455397932195,0.17254285714285714,117.88262752670562,237.27305746449227,4.6001090464706875,7.893095528489084,61.327287376150764,168.39629008177087,9.543234891433315,0.17254285714285714,0.02265714285714286,0.0,0.8048,0.5479714285714286,0.0,1.9682,0.0,0.0,0.0,0.0,0.0,0.0,0.1952,0.0
v1,4,1.3,19.444220287722384,35000,1.0,t1,spark,poisson,total,0.1,235.56378867484705,5.5140983663877705,always_best_self,0.0054714285714285715,2.6014484749975963,0.0072206914779827484,0.0021038711228660734,0.008828571428571429,0.0,0.0,8.699851439781039,29.560465066688977,30.06849652739111,30.126125778718094,625.3032541919561,0.008828571428571429,0.002142857142857143,0.4310285714285714,0.558,0.0,1.9531714285714286,0.0,0.0,0.010971428571428571,0.0,0.0,0.0,0.0,0.0,0.0
v1,4,1.3,19.444220287722384,35000,1.0,t1,spark,poisson,total,0.1,235.56378867484705,5.5140983663877705,threshold,0.027071428571428573,2.7013498180021998,0.0216215158235398,0.005432322317790856,0.04088571428571429,117.82170629361644,237.150435772536,9.140865884289866,31.285508349418023,75.81789822073507,103.88357571816881,46.190373331041656,0.04088571428571429,0.052457142857142855,0.42957142857142855,0.4770857142857143,0.0,1.6771714285714285,0.0296,0.0,0.011371428571428572,0.0,0.0,0.0,0.0,0.08197142857142857,0.0
v1,4,1.3,19.444220287722384,35000,1.0,t1,spark,poisson,total,0.1,235.56378867484705,5.5140983663877705,static_qc,0.5485428571428571,2.2026710789978097,0.5340112313919964,0.2752376641014033,0.7116,97.70233869722688,196.6543595990904,9.720492878254337,2.3190786410785353,16.25704819143667,47.6120389065799,14.433329677646839,0.7116,0.014971428571428571,0.17705714285714286,0.09637142857142857,0.3408,0.0,0.0,0.0,0.007342857142857143,0.0038285714285714286,0.07534285714285714,0.46891428571428573,0.0548,0.11634285714285714,0.0
v1,4,1.3,19.444220287722384,35000,1.0,t1,spark,poisson,total,0.1,235.56378867484705,5.5140983663877705,static_qc_fallback,0.5154857142857143,2.3879261209986,0.5238026317353716,0.25574486675404107,0.6739714285714286,117.7998837907453,237.106511641505,9.771983020836531,2.345383047467763,21.963715283128035,71.75297740625194,14.510351863788287,0.6739714285714286,0.021257142857142856,0.21905714285714287,0.08571428571428572,0.09788571428571428,0.0,0.3134,0.0,0.0076,0.0038857142857142857,0.07711428571428572,0.441,0.04774285714285714,0.11742857142857142,0.00045714285714285713
v1,4,1.3,19.444220287722384,35000,1.0,t1,spark,poisson,total,0.1,235.56378867484705,5.5140983663877705,shortest_queue,0.39504285714285714,3.025473118002992,0.3746686438609092,0.32215743440233235,0.5661428571428572,15.10142037732112,30.39599863153563,9.798326618632942,2.5129179998419886,11.324663455613646,27.24149580653194,16.573821193029517,0.5661428571428572,0.00022857142857142857,0.011371428571428572,0.42225714285714283,1.5323428571428572,0.0,0.0,0.02557142857142857,0.010485714285714286,0.005914285714285714,0.0,0.5244,0.0,0.0,0.0
v1,4,1.3,19.444220287722384,35000,1.0,t1,spark,poisson,total,0.1,235.56378867484705,5.5140983663877705,capacity_greedy,0.7047714285714286,2.7422380710013385,0.6628816408820223,0.5583090379008746,0.9624571428571429,87.98837867130351,177.10219110915287,9.613695511390713,1.8940703500760492,11.10666792132228,29.354891913751267,13.43589147817795,0.9624571428571429,0.0088,0.013285714285714286,0.015457142857142857,0.08314285714285714,0.0,0.0,0.0,0.0076,0.0035428571428571427,0.2760285714285714,0.5238,0.047,0.11211428571428571,0.0011714285714285715
v1,4,1.3,19.444220287722384,35000,1.0,t1,spark,poisson,total,0.1,235.56378867484705,5.5140983663877705,batch_lp@2s,0.7070857142857143,6.999031137998827,0.6797576977782988,0.6260375709916994,0.9725428571428572,95.32161992772126,191.8624709785578,9.873906778048921,2.839858351840576,12.193201789502659,29.467316922556464,13.984709340674897,0.9725428571428572,0.009114285714285714,0.0132,0.005142857142857143,0.04322857142857143,0.0,0.0,0.0,0.0071142857142857145,0.0036857142857142857,0.34322857142857144,0.45134285714285716,0.042114285714285715,0.13314285714285715,0.0010285714285714286
v1,4,1.3,19.444220287722384,35000,1.0,t1,spark,poisson,total,0.1,235.56378867484705,5.5140983663877705,A:knn_capacity_greedy,0.6194714285714286,5.099599696997757,0.5968592249047834,0.5414214576731553,0.8607428571428571,117.93332833313252,237.37510757661846,9.8540427182768,1.774291975072174,21.966406220404124,57.650988054551355,13.735067970544947,0.8607428571428571,0.021685714285714287,0.0838,0.03377142857142857,0.029714285714285714,0.09531428571428571,0.0,0.01685714285714286,0.008685714285714286,0.005285714285714286,0.2882,0.4202,0.04042857142857143,0.1004,0.0023714285714285716
v1,4,1.3,19.444220287722384,35000,1.0,t1,spark,poisson,total,0.5,1177.8189433742352,3.350829639177391,oracle_unconstrained,0.9296142857142857,,,,,,,,,,,,,,,,,,,,,,,,,,
v1,4,1.3,19.444220287722384,35000,1.0,t1,spark,poisson,total,0.5,1177.8189433742352,3.350829639177391,predictor_unconstrained,0.8201285714285714,,,,,,,,,,,,,,,,,,,,,,,,,,
v1,4,1.3,19.444220287722384,35000,1.0,t1,spark,poisson,total,0.5,1177.8189433742352,3.350829639177391,fluid_ceiling,0.8827296563623386,,,,,,,,,,,,,,,,,,,,,,,,,,
v1,4,1.3,19.444220287722384,35000,1.0,t1,spark,poisson,total,0.5,1177.8189433742352,3.350829639177391,random,0.3683,1.8893690550030442,0.33605892438379964,0.21865889212827988,0.5122571428571429,529.1113617844458,1064.9904331438095,9.68598909033802,3.7840122406591945,90.41423374913887,147.8197034086871,17.959605648075126,0.5122571428571429,0.11388571428571428,0.37197142857142856,0.0018857142857142857,0.10577142857142857,0.0,0.0,0.02494285714285714,0.011057142857142857,0.005257142857142857,0.13765714285714287,0.13688571428571428,0.047542857142857144,0.13102857142857144,0.13177142857142857
v1,4,1.3,19.444220287722384,35000,1.0,t1,spark,poisson,total,0.5,1177.8189433742352,3.350829639177391,always_best_api,0.3819,2.955787880000571,0.3282814003026666,0.11054339985573455,0.43405714285714286,119.62756696017459,240.78525534433462,4.024688919629265,6.737092995829698,18.223808031397038,25.904569211173722,8.117109377806855,0.43405714285714286,0.002657142857142857,0.0,0.5632857142857143,1.858542857142857,0.0,0.0,0.0,0.0,0.0,0.0,0.0,0.0,0.4367142857142857,0.0
v1,4,1.3,19.444220287722384,35000,1.0,t1,spark,poisson,total,0.5,1177.8189433742352,3.350829639177391,always_best_self,0.0054714285714285715,2.755613749999611,0.0072206914779827484,0.0021038711228660734,0.008828571428571429,0.0,0.0,8.699851439781039,29.560465066688977,30.06849652739111,30.126125778718094,625.3032541919561,0.008828571428571429,0.002142857142857143,0.4310285714285714,0.558,0.0,1.9531714285714286,0.0,0.0,0.010971428571428571,0.0,0.0,0.0,0.0,0.0,0.0
v1,4,1.3,19.444220287722384,35000,1.0,t1,spark,poisson,total,0.5,1177.8189433742352,3.350829639177391,threshold,0.18945714285714285,2.4382238850012072,0.11959031722942126,0.014577259475218658,0.24057142857142857,129.4793421945069,260.6148170053472,9.354688855631316,12.5149885709493,33.32756590257159,47.254551069207835,15.75078779426434,0.24057142857142857,0.023571428571428573,0.41951428571428573,0.31634285714285715,0.8506,0.3122857142857143,0.0,0.0,0.0114,0.0,0.0,0.0,0.0,0.25274285714285716,0.0
v1,4,1.3,19.444220287722384,35000,1.0,t1,spark,poisson,total,0.5,1177.8189433742352,3.350829639177391,static_qc,0.5793,2.761434273001214,0.5704671363809268,0.17473970122227253,0.7070571428571428,142.36028851270203,286.54146608060444,9.932878709930625,3.285981958435741,22.297310513753388,39.39865281650465,13.083694515223442,0.7070571428571428,0.01782857142857143,0.03188571428571429,0.24322857142857143,0.8281714285714286,0.0,0.0,0.0,0.005828571428571429,0.0023142857142857145,0.006142857142857143,0.3657142857142857,0.057171428571428574,0.2877142857142857,0.0
v1,4,1.3,19.444220287722384,35000,1.0,t1,spark,poisson,total,0.5,1177.8189433742352,3.350829639177391,static_qc_fallback,0.6724285714285714,2.497075526000117,0.6458158958417649,0.5211882918304936,0.8626,151.77767536780993,305.49669484772,10.015250041475172,2.950310312023362,21.465483432692032,39.06035124331073,13.323133784197694,0.8626,0.020714285714285713,0.10525714285714285,0.011428571428571429,0.3596285714285714,0.0,0.0,0.0,0.005742857142857142,0.0022285714285714287,0.06231428571428571,0.4700857142857143,0.05537142857142857,0.28454285714285715,0.0030285714285714286
v1,4,1.3,19.444220287722384,35000,1.0,t1,spark,poisson,total,0.5,1177.8189433742352,3.350829639177391,shortest_queue,0.39504285714285714,2.946434085999499,0.3746686438609092,0.32215743440233235,0.5661428571428572,15.10142037732112,30.39599863153563,9.798326618632942,2.5129179998419886,11.324663455613646,27.24149580653194,16.573821193029517,0.5661428571428572,0.00022857142857142857,0.011371428571428572,0.42225714285714283,1.5323428571428572,0.0,0.0,0.02557142857142857,0.010485714285714286,0.005914285714285714,0.0,0.5244,0.0,0.0,0.0
v1,4,1.3,19.444220287722384,35000,1.0,t1,spark,poisson,total,0.5,1177.8189433742352,3.350829639177391,capacity_greedy,0.7056428571428571,2.677493636998406,0.6661137211042004,0.5685131195335277,0.9605428571428571,105.60638559905419,212.5635517683475,9.893230620207223,1.9932784739964404,13.765128668568755,33.755628095934185,13.632403498021574,0.9605428571428571,0.012828571428571429,0.013057142857142857,0.013571428571428571,0.0766,0.0,0.0,0.0,0.0072,0.004057142857142857,0.26245714285714283,0.4979142857142857,0.047714285714285716,0.15237142857142857,0.0016571428571428572
v1,4,1.3,19.444220287722384,35000,1.0,t1,spark,poisson,total,0.5,1177.8189433742352,3.350829639177391,batch_lp@2s,0.7094142857142857,6.416957336998166,0.6837297977875637,0.6238532110091743,0.9651428571428572,130.89423271551095,263.46269550059117,9.495459278006809,3.0411104393338064,16.637856556027415,39.301221331277745,14.326225833147191,0.9651428571428572,0.01597142857142857,0.013542857142857143,0.005342857142857143,0.045457142857142856,0.0,0.0,0.0,0.0074285714285714285,0.0034857142857142856,0.3051142857142857,0.4261142857142857,0.041485714285714285,0.18785714285714286,0.009628571428571429
v1,4,1.3,19.444220287722384,35000,1.0,t1,spark,poisson,total,0.5,1177.8189433742352,3.350829639177391,A:knn_capacity_greedy,0.6858285714285715,4.896321282001736,0.6644539765202012,0.6057039384336804,0.9376571428571429,179.87554311570784,362.051821999652,9.907292676585552,1.9516410324490607,25.87052391948886,64.21330727674018,13.720743883720957,0.9376571428571429,0.0374,0.013257142857142858,0.011685714285714285,0.05917142857142857,0.0,0.0,0.0007714285714285715,0.00842857142857143,0.005657142857142857,0.3049142857142857,0.4102,0.043685714285714286,0.19542857142857142,0.005971428571428571
