suite,seed,rho,rate_per_s,n_arrivals,api_limit_scale,tier,hardware,arrivals,load_basis,budget_frac,budget_per_hour,lambda,router,acc_slo,sim_s,acc_slo_dataset_avg,worst_group_acc,slo_attainment,api_spend,api_spend_per_hour,self_hosted_cost,ttft_p50,ttft_p95,ttft_p99,e2e_p50,frac_ok,frac_late,frac_abandoned,frac_failed,refusals_429,refusals_queue_full,refusals_budget,share_Llama-3.1-8B-Instruct,share_Qwen3-8B,share_NVIDIA-Nemotron-Nano-9B-v2,share_deepseek-v3-0324,share_qwen3-235b-a22b-2507,share_gpt-5-chat,share_gpt-5,share_gemini-2.5-pro
v1,0,0.3,6.193775849732025,11149,1.0,t1,h100,poisson,total,0.1,75.03665787446963,5.820419271287392,oracle_unconstrained,0.9281549914790564,,,,,,,,,,,,,,,,,,,,,,,,,,
v1,0,0.3,6.193775849732025,11149,1.0,t1,h100,poisson,total,0.1,75.03665787446963,5.820419271287392,predictor_unconstrained,0.8120907704726882,,,,,,,,,,,,,,,,,,,,,,,,,,
v1,0,0.3,6.193775849732025,11149,1.0,t1,h100,poisson,total,0.1,75.03665787446963,5.820419271287392,fluid_ceiling,0.88765,,,,,,,,,,,,,,,,,,,,,,,,,,
v1,0,0.3,6.193775849732025,11149,1.0,t1,h100,poisson,total,0.1,75.03665787446963,5.820419271287392,random,0.3154094537626693,0.9007863920014643,0.31575590596253533,0.15828290468986383,0.6378150506771908,38.33813821197691,76.1705467894106,4.670805734940842,1.1457649634864424,29.918007113990114,93.0932082997896,27.29518094441312,0.6378150506771908,0.024665889317427574,0.15050677190779443,0.18701228809758721,0.0006278590008072473,0.0,0.9660956139564086,0.21867432056686698,0.20226029240290608,0.10216162884563638,0.029329984751995695,0.027177325320656563,0.028433043322271055,0.02735671360660149,0.027087631177684098
v1,0,0.3,6.193775849732025,11149,1.0,t1,h100,poisson,total,0.1,75.03665787446963,5.820419271287392,always_best_api,0.08610637725356535,0.9301204010007496,0.07397056287157949,0.04,0.09973988698537986,39.355792066198774,78.19243032715146,4.735124334612172,13.077538042318894,78.89037484536303,230.76639690142898,16.083299017811044,0.09973988698537986,0.03300744461386671,0.0,0.8672526684007534,0.08413310610817114,0.0,2.5476724369898647,0.0,0.0,0.0,0.0,0.0,0.0,0.13274733159924657,0.0
v1,0,0.3,6.193775849732025,11149,1.0,t1,h100,poisson,total,0.1,75.03665787446963,5.820419271287392,always_best_self,0.11673692707866176,0.4242395149994991,0.11957663542024011,0.052760968229954616,0.19822405596914522,0.0,0.0,4.684978963331146,29.864529249289234,30.009575335543694,30.024759822014204,84.82268954145593,0.19822405596914522,0.018566687595300026,0.7832092564355547,0.0,0.0,0.0,0.0,0.0,0.21679074356444525,0.0,0.0,0.0,0.0,0.0,0.0
v1,0,0.3,6.193775849732025,11149,1.0,t1,h100,poisson,total,0.1,75.03665787446963,5.820419271287392,threshold,0.14705354740335455,0.46711535600115894,0.1428984378781385,0.1212178517397882,0.2380482554489192,36.38600994553417,72.29204135349573,4.67067713593391,29.832206579049625,52.00791074791318,91.15567287476601,64.44570869847587,0.2380482554489192,0.059287828504798634,0.7007803390438604,0.0018835770024217418,0.0,0.0,0.006099201722127545,0.0,0.20432325769127277,0.0,0.0,0.0,0.0,0.09301282626244506,0.0
v1,0,0.3,6.193775849732025,11149,1.0,t1,h100,poisson,total,0.1,75.03665787446963,5.820419271287392,static_qc,0.6857117230244865,0.677421772001253,0.677102057248007,0.6127371273712737,0.9112924926002332,36.450756799715236,72.42068096709923,4.714149795053095,2.765408063532817,26.494579583382475,43.510241413407364,18.170633496231687,0.9112924926002332,0.013902592160731904,0.01749035787963046,0.05731455735940443,0.0,0.0,0.18468024038030317,0.0,0.13158130774060453,0.04242532962597542,0.05659700421562472,0.4903578796304601,0.05776302807426675,0.14647053547403355,0.0
v1,0,0.3,6.193775849732025,11149,1.0,t1,h100,poisson,total,0.1,75.03665787446963,5.820419271287392,static_qc_fallback,0.6877298412413669,0.6819725300010759,0.683828021540475,0.6056910569105691,0.9144317876042695,36.42534964416336,72.37020180924212,4.706674361261204,2.772550235978258,27.77630581501121,43.374751543471874,18.093713788588843,0.9144317876042695,0.014081980446676832,0.034352856758453676,0.03713337519060005,0.0,0.0,0.1458426764732263,0.0,0.1326576374562741,0.04341196519867253,0.05722486321643197,0.48964032648668043,0.06000538164857835,0.14557359404430892,0.0
v1,0,0.3,6.193775849732025,11149,1.0,t1,h100,poisson,total,0.1,75.03665787446963,5.820419271287392,shortest_queue,0.3463090860166831,0.580166261002887,0.34098834356059876,0.09417549167927383,1.0,0.0022688100580126047,0.004507691576586426,4.62198235300684,0.021150000393390656,5.904402968167598,10.638404971340403,8.449354336720262,1.0,0.0,0.0,0.0,0.0,0.0,0.0,0.6855323347385416,0.21275450713068436,0.1016234639878016,0.0,8.96941429724639e-05,0.0,0.0,0.0
v1,0,0.3,6.193775849732025,11149,1.0,t1,h100,poisson,total,0.1,75.03665787446963,5.820419271287392,capacity_greedy,0.734908960444883,0.7962368999978935,0.7225130272981066,0.6582655826558266,0.9909408915597812,26.367724915893632,52.38762543270663,4.697811076472925,2.597436725395937,20.28174548269656,28.132663703075444,17.314020278300006,0.9909408915597812,0.004664095434568123,0.004395013005650731,0.0,0.0,0.0,0.0,0.0,0.13005650731007265,0.04386043591353485,0.06816754865907257,0.5508117319939008,0.06538703022692618,0.13732173289084224,0.0
v1,0,0.3,6.193775849732025,11149,1.0,t1,h100,poisson,total,0.1,75.03665787446963,5.820419271287392,batch_lp@2s,0.7345501838729931,3.5929669639990607,0.7223323588247553,0.6571815718157181,0.9899542559870841,26.238835018295504,52.13154586198262,4.685275140282093,3.6213732198046387,20.87646217169842,28.05505644705196,18.231039571546262,0.9899542559870841,0.004933177863485514,0.005112566149430442,0.0,0.0,0.0,0.0,0.0,0.13032558973899006,0.04377074177056238,0.06753968965826532,0.5509014261368732,0.06556641851287111,0.13678356803300745,0.0
v1,0,0.3,6.193775849732025,11149,1.0,t1,h100,poisson,total,0.1,75.03665787446963,5.820419271287392,A:knn_capacity_greedy,0.6938738900349807,3.167494192999584,0.6870764022494152,0.6197831978319783,0.9666337788142434,35.99185245499757,71.5089258195772,4.703467428458778,2.11123086133108,25.35116410580347,42.672952352483556,16.82581592536181,0.9666337788142434,0.01659341644990582,0.014530451161539152,0.0022423535743115973,0.00923849672616378,0.0,0.0,0.001793882859449278,0.15086554847968428,0.07812359852901606,0.21302358955960177,0.35115256973719616,0.09202619068974796,0.09355099112027984,0.002690824289173917
v1,0,0.3,6.193775849732025,11149,1.0,t1,h100,poisson,total,0.5,375.18328937234816,3.3891535146758542,oracle_unconstrained,0.9281549914790564,,,,,,,,,,,,,,,,,,,,,,,,,,
v1,0,0.3,6.193775849732025,11149,1.0,t1,h100,poisson,total,0.5,375.18328937234816,3.3891535146758542,predictor_unconstrained,0.8120907704726882,,,,,,,,,,,,,,,,,,,,,,,,,,
v1,0,0.3,6.193775849732025,11149,1.0,t1,h100,poisson,total,0.5,375.18328937234816,3.3891535146758542,fluid_ceiling,0.88765,,,,,,,,,,,,,,,,,,,,,,,,,,
v1,0,0.3,6.193775849732025,11149,1.0,t1,h100,poisson,total,0.5,375.18328937234816,3.3891535146758542,random,0.5350704099022334,0.6213708680006675,0.5051501858077181,0.4088888888888889,0.8680599156875056,172.4650826608813,342.6551277927282,5.089693425396106,1.2751993679901261,74.12874455098552,135.36005733142576,17.235621727661453,0.8680599156875056,0.10790205399587408,0.02367925374473047,0.0003587765718898556,0.026818548748766706,0.0,0.0,0.12736568302089873,0.1339133554578886,0.10754327742398422,0.12610996501928423,0.12566149430442192,0.10404520584805813,0.12350883487308278,0.12781415373576105
v1,0,0.3,6.193775849732025,11149,1.0,t1,h100,poisson,total,0.5,375.18328937234816,3.3891535146758542,always_best_api,0.535563727688582,0.7186966769986611,0.48544416950828123,0.264750378214826,0.6290250246658893,133.81445133365924,265.86371696123655,4.211732310590341,11.000468340658472,45.5221500405614,70.27153888289936,13.432862200157388,0.6290250246658893,0.10386581756211319,0.0,0.2671091577719975,0.9457350435016594,0.0,0.0,0.0,0.0,0.0,0.0,0.0,0.0,0.7328908422280025,0.0
v1,0,0.3,6.193775849732025,11149,1.0,t1,h100,poisson,total,0.5,375.18328937234816,3.3891535146758542,always_best_self,0.11673692707866176,0.41561470099986764,0.11957663542024011,0.052760968229954616,0.19822405596914522,0.0,0.0,4.684978963331146,29.864529249289234,30.009575335543694,30.024759822014204,84.82268954145593,0.19822405596914522,0.018566687595300026,0.7832092564355547,0.0,0.0,0.0,0.0,0.0,0.21679074356444525,0.0,0.0,0.0,0.0,0.0,0.0
v1,0,0.3,6.193775849732025,11149,1.0,t1,h100,poisson,total,0.5,375.18328937234816,3.3891535146758542,threshold,0.3658624091846802,0.5645596419999492,0.3118492271624898,0.24444444444444444,0.48811552605614855,140.7022386128083,279.54843269576406,4.658828398787524,28.616052240142835,65.7672300853798,111.78156602791269,38.37313865410556,0.48811552605614855,0.15669566777289443,0.30442192124854245,0.05076688492241457,0.19167638353215535,0.0,0.0,0.0,0.19669925553861334,0.0,0.0,0.0,0.0,0.4481119382904296,0.0
v1,0,0.3,6.193775849732025,11149,1.0,t1,h100,poisson,total,0.5,375.18328937234816,3.3891535146758542,static_qc,0.7000627859000808,0.6126111810008297,0.6936364058514731,0.5807588075880759,0.8703919634047896,149.54396461639772,297.1152508999188,4.986061288624642,3.6160688290052008,67.11866189762334,133.5488003263069,16.551252211623932,0.8703919634047896,0.1113104314288277,0.0,0.018297605166382635,0.06861601937393488,0.0,0.0,0.0,0.035518880617095704,0.02574221903309714,0.0014351062875594225,0.37824020091488025,0.0800071755314378,0.46048973002062965,0.0002690824289173917
v1,0,0.3,6.193775849732025,11149,1.0,t1,h100,poisson,total,0.5,375.18328937234816,3.3891535146758542,static_qc_fallback,0.7040093281908691,0.6035685520000698,0.6968771558186008,0.5902439024390244,0.88824109785631,149.8194312053747,297.66255031723995,4.986767291270412,3.5465171353704363,64.49909555513823,132.9334822008588,16.776836355399382,0.88824109785631,0.11175890214369001,0.0,0.0,0.01955332316799713,0.0,0.0,0.0,0.04045205848058122,0.027984572607408737,0.006099201722127545,0.38353215535025564,0.08153197596196968,0.4601309534487398,0.0002690824289173917
v1,0,0.3,6.193775849732025,11149,1.0,t1,h100,poisson,total,0.5,375.18328937234816,3.3891535146758542,shortest_queue,0.3463090860166831,0.5716651020011341,0.34098834356059876,0.09417549167927383,1.0,0.0022688100580126047,0.004507691576586426,4.62198235300684,0.021150000393390656,5.904402968167598,10.638404971340403,8.449354336720262,1.0,0.0,0.0,0.0,0.0,0.0,0.0,0.6855323347385416,0.21275450713068436,0.1016234639878016,0.0,8.96941429724639e-05,0.0,0.0,0.0
v1,0,0.3,6.193775849732025,11149,1.0,t1,h100,poisson,total,0.5,375.18328937234816,3.3891535146758542,capacity_greedy,0.7332944658713786,0.7923380549982539,0.7219714717867506,0.6607046070460705,0.9854695488384608,34.69601688034891,68.93434841771152,4.676114511947084,2.466972302250383,17.415673159103836,29.801060271242303,16.461382195043598,0.9854695488384608,0.009507579155081174,0.0023320477172840614,0.002690824289173917,0.01148085030047538,0.0,0.0,0.0,0.1304152838819625,0.03614673961790295,0.06529733608395372,0.4817472419051036,0.09211588483272043,0.18898555924298144,0.0002690824289173917
v1,0,0.3,6.193775849732025,11149,1.0,t1,h100,poisson,total,0.5,375.18328937234816,3.3891535146758542,batch_lp@2s,0.7315902771549018,3.634840604998317,0.7202887895456308,0.6582655826558266,0.9847519956946812,34.5315770261368,68.60763788367224,4.683264901571704,3.4484362161695685,17.49593375799745,30.406480414570435,17.39373685288058,0.9847519956946812,0.010314826441833349,0.002870212575118845,0.0020629652883666695,0.01148085030047538,0.0,0.0,0.0,0.13050497802493496,0.03704368104762759,0.06449008879720154,0.48165754776213116,0.09382007354919723,0.18728137052650462,0.0002690824289173917
v1,0,0.3,6.193775849732025,11149,1.0,t1,h100,poisson,total,0.5,375.18328937234816,3.3891535146758542,A:knn_capacity_greedy,0.684635393308817,3.132603039000969,0.6774502012932703,0.6208672086720867,0.9476186205040811,59.968746957629264,119.14642857152144,4.688662207371957,2.340706770119013,27.85629273904151,68.19400092494575,17.20247889928288,0.9476186205040811,0.037581845905462374,0.012108709301282626,0.002690824289173917,0.011749932729392771,0.0,0.0,0.0,0.14548389990133645,0.0767781863844291,0.19894160911292494,0.2824468562202888,0.0941788501210871,0.18198941609112926,0.005381648578347834
v1,0,0.7,14.452143649374724,26014,1.0,t1,h100,poisson,total,0.1,175.08553504042914,5.820419271287392,oracle_unconstrained,0.9302490966402707,,,,,,,,,,,,,,,,,,,,,,,,,,
v1,0,0.7,14.452143649374724,26014,1.0,t1,h100,poisson,total,0.1,175.08553504042914,5.820419271287392,predictor_unconstrained,0.8132736218959022,,,,,,,,,,,,,,,,,,,,,,,,,,
v1,0,0.7,14.452143649374724,26014,1.0,t1,h100,poisson,total,0.1,175.08553504042914,5.820419271287392,fluid_ceiling,0.8931,,,,,,,,,,,,,,,,,,,,,,,,,,
v1,0,0.7,14.452143649374724,26014,1.0,t1,h100,poisson,total,0.1,175.08553504042914,5.820419271287392,random,0.20335204120858,1.9612256159998651,0.19111542461753453,0.1151495657767771,0.453947874221573,88.15064701100891,175.95079103294177,4.673032958396343,0.4323874987662748,30.020919184237915,108.56308715138469,10.647335956136743,0.453947874221573,0.028638425463212117,0.32490197585915276,0.19251172445606213,0.011570692703928654,0.0,0.995194895056508,0.2233797186130545,0.08922118859075882,0.04539863150611209,0.028138694549088954,0.02744675943722611,0.01564542169600984,0.025716921657569003,0.027638963634965787
v1,0,0.7,14.452143649374724,26014,1.0,t1,h100,poisson,total,0.1,175.08553504042914,5.820419271287392,always_best_api,0.12660490505112632,2.190736210999603,0.10779821133881658,0.049019607843137254,0.1469977704313062,88.86410098290071,177.37486215410186,4.372710701477614,9.218961742325746,68.44487100433872,205.31129791541426,11.131825611168978,0.1469977704313062,0.0246405781502268,0.0,0.828361651418467,0.33251326208964405,0.0,2.236834012454832,0.0,0.0,0.0,0.0,0.0,0.0,0.171638348581533,0.0
v1,0,0.7,14.452143649374724,26014,1.0,t1,h100,poisson,total,0.1,175.08553504042914,5.820419271287392,always_best_self,0.049800107634350735,1.8571683440022753,0.05027443836794406,0.021309102605339338,0.08591527638963635,0.0,0.0,4.676820372167241,29.869284098979733,30.008410513561888,30.02072583579297,83.6625145174537,0.08591527638963635,0.00853386637964173,0.5032674713615746,0.40228338586914736,0.0,1.5752287229953101,0.0,0.0,0.09444914276927809,0.0,0.0,0.0,0.0,0.0,0.0
v1,0,0.7,14.452143649374724,26014,1.0,t1,h100,poisson,total,0.1,175.08553504042914,5.820419271287392,threshold,0.07759283462750827,1.7839372259986703,0.06915884493958256,0.0465587044534413,0.12785423233643423,83.9390911005903,167.54442512362436,4.676848447424019,29.869063471041045,61.89100956392098,91.83175525350538,54.06075196438948,0.12785423233643423,0.05377873452756208,0.5075728453909434,0.31079418774506035,0.0,1.2772353348197125,0.000845698470054586,0.0,0.08856769431844391,0.0,0.0,0.0,0.0,0.0930652725455524,0.0
v1,0,0.7,14.452143649374724,26014,1.0,t1,h100,poisson,total,0.1,175.08553504042914,5.820419271287392,static_qc,0.6503036826324287,1.5448472680000123,0.6557115153316377,0.4487450152474783,0.8552702391020219,85.18665340775806,170.03458920355035,4.7335824783270315,2.648394035679022,29.386514093223404,46.91804558633229,15.81011891107363,0.8552702391020219,0.015107249942338741,0.10586607211501499,0.02375643884062428,0.05435534712078112,0.0,0.027946490351349274,0.0,0.05804566771738295,0.019105097255324055,0.062389482586299685,0.5289075113400477,0.0482048127931114,0.15372491735219498,0.0
v1,0,0.7,14.452143649374724,26014,1.0,t1,h100,poisson,total,0.1,175.08553504042914,5.820419271287392,static_qc_fallback,0.6443453525024987,1.5048162690000026,0.6562999682957239,0.4363124560168895,0.8490428230952564,86.49517226492935,172.64642400916506,4.734813797881071,2.6569637859235655,29.463521704506917,47.972243152629225,15.789600278865208,0.8490428230952564,0.016491120166064428,0.11563004536019067,0.018836011378488508,0.01583762589374952,0.0,0.07484431459983086,0.0,0.05804566771738295,0.018836011378488508,0.0625048051049435,0.5234489121242408,0.04797416775582379,0.15468593834089336,3.844083954793573e-05
v1,0,0.7,14.452143649374724,26014,1.0,t1,h100,poisson,total,0.1,175.08553504042914,5.820419271287392,shortest_queue,0.5350772660874914,1.3688910929995473,0.5268430961449423,0.4322129302026375,0.9734758207119244,13.50397992316175,26.954265568539014,4.655535722907737,4.156775146296411,26.257638320859446,29.708471558625003,23.5303911506968,0.9734758207119244,0.0011147843468901361,0.025409394941185517,0.0,0.0,0.0,0.0,0.3085646190512801,0.09314215422464826,0.04343814868916737,0.0,0.5294456830937188,0.0,0.0,0.0
v1,0,0.7,14.452143649374724,26014,1.0,t1,h100,poisson,total,0.1,175.08553504042914,5.820419271287392,capacity_greedy,0.7194010917198431,1.886426332002884,0.7032319857697104,0.6224489795918368,0.9722841546859383,61.53959080692039,122.83448901933663,4.724429918044979,2.454697298909309,20.159392089701562,29.417206122223565,15.521832412913227,0.9722841546859383,0.005343276697163066,0.015261013300530483,0.007111555316368109,0.03328976704851234,0.0,0.0,0.0,0.0583147535942185,0.021065580072268778,0.12008918274775121,0.5915660798031829,0.0449757822710848,0.14153917121549936,7.688167909587145e-05
v1,0,0.7,14.452143649374724,26014,1.0,t1,h100,poisson,total,0.1,175.08553504042914,5.820419271287392,batch_lp@2s,0.7204582148074113,5.573534867999115,0.707086715257882,0.6232699976542341,0.9730145306373491,62.41721475007398,124.58624731338566,4.735995033916448,3.4912953399127673,20.711242933663897,29.42936927408097,16.367257725917852,0.9730145306373491,0.006035211809025909,0.016222034289228877,0.004728223264396095,0.03132928423156762,0.0,0.0,0.0,0.05892980702698547,0.021065580072268778,0.130967940339817,0.5773045283308987,0.04555239486430384,0.14522949181210118,0.0
v1,0,0.7,14.452143649374724,26014,1.0,t1,h100,poisson,total,0.1,175.08553504042914,5.820419271287392,A:knn_capacity_greedy,0.6823825632351811,4.296792952998658,0.6571081025093564,0.5985915492957746,0.956946259706312,87.17020647155732,173.9938083637649,4.657493060241844,1.9098377047905615,25.630273880304784,45.53587315680177,14.558015564399625,0.956946259706312,0.017798108710694243,0.02156531098639194,0.00369032059660183,0.019105097255324055,0.0,0.0,0.024448373952487123,0.06604136234335357,0.03451987391404628,0.26766356577227646,0.42907665103405856,0.052933036057507495,0.09717844237718151,0.0028830629660951796
v1,0,0.7,14.452143649374724,26014,1.0,t1,h100,poisson,total,0.5,875.4276752021457,3.3891535146758542,oracle_unconstrained,0.9302490966402707,,,,,,,,,,,,,,,,,,,,,,,,,,
v1,0,0.7,14.452143649374724,26014,1.0,t1,h100,poisson,total,0.5,875.4276752021457,3.3891535146758542,predictor_unconstrained,0.8132736218959022,,,,,,,,,,,,,,,,,,,,,,,,,,
v1,0,0.7,14.452143649374724,26014,1.0,t1,h100,poisson,total,0.5,875.4276752021457,3.3891535146758542,fluid_ceiling,0.8931,,,,,,,,,,,,,,,,,,,,,,,,,,
v1,0,0.7,14.452143649374724,26014,1.0,t1,h100,poisson,total,0.5,875.4276752021457,3.3891535146758542,random,0.4657299915430153,1.4402619979991869,0.4320178150240961,0.33137254901960783,0.7453294379949258,427.59215365300406,853.4841232115892,5.159285374843027,2.916128713975695,85.95319836111942,164.48209337792053,17.099551234322178,0.7453294379949258,0.1139386484200815,0.13934804336126702,0.0013838702237256861,0.07580533558852925,0.0,0.003805643115245637,0.13146767125394018,0.09122011224725148,0.044514492196509575,0.13608057199969248,0.13265933727992618,0.057507495963711845,0.13312062735450142,0.13269777811947414
v1,0,0.7,14.452143649374724,26014,1.0,t1,h100,poisson,total,0.5,875.4276752021457,3.3891535146758542,always_best_api,0.4334973475820712,1.961885896998865,0.37740289917271824,0.16275329688002574,0.49992311832090414,123.6016340116621,246.71180546865503,4.091469105942588,7.490515359328867,22.61650071103118,32.81799128709561,9.057351302617462,0.49992311832090414,0.008226339663258246,0.0,0.4918505420158376,1.6559929268855231,0.0,0.0,0.0,0.0,0.0,0.0,0.0,0.0,0.5081494579841623,0.0
v1,0,0.7,14.452143649374724,26014,1.0,t1,h100,poisson,total,0.5,875.4276752021457,3.3891535146758542,always_best_self,0.049800107634350735,1.8432269389995781,0.05027443836794406,0.021309102605339338,0.08591527638963635,0.0,0.0,4.676820372167241,29.869284098979733,30.008410513561888,30.02072583579297,83.6625145174537,0.08591527638963635,0.00853386637964173,0.5032674713615746,0.40228338586914736,0.0,1.5752287229953101,0.0,0.0,0.09444914276927809,0.0,0.0,0.0,0.0,0.0,0.0
v1,0,0.7,14.452143649374724,26014,1.0,t1,h100,poisson,total,0.5,875.4276752021457,3.3891535146758542,threshold,0.26437687399092796,1.477145101998758,0.19536058227714478,0.0931174089068826,0.3473129853155993,133.9922472484177,267.451716976011,4.698333260986252,16.450952002606016,36.646578916679005,56.55229121551259,21.176468177702873,0.3473129853155993,0.05039594064734374,0.41839009763973245,0.18390097639732453,0.6479203505804567,3.844083954793573e-05,0.0,0.0,0.08333974013992465,0.0,0.0,0.0,0.0,0.31436918582301837,0.0
v1,0,0.7,14.452143649374724,26014,1.0,t1,h100,poisson,total,0.5,875.4276752021457,3.3891535146758542,static_qc,0.6625855308679942,1.7648082209998392,0.644505906001572,0.4154929577464789,0.8189436457292227,144.56471492972378,288.5546142861544,4.748917582304239,3.4966495114561553,27.16610586261003,55.48302132684578,14.342248007189596,0.8189436457292227,0.03340508956715615,0.007611286230491274,0.14003997847312985,0.490428230952564,0.0,0.0,0.0,0.03544245406319674,0.015491658337818098,0.0013454293841777504,0.3859460290612747,0.04828169447220727,0.36530329822403323,0.0005381717536711002
v1,0,0.7,14.452143649374724,26014,1.0,t1,h100,poisson,total,0.5,875.4276752021457,3.3891535146758542,static_qc_fallback,0.7081955869916199,1.6631892059995153,0.703700561475617,0.5809289232934554,0.9208503113708003,150.41099767162996,300.22393388754267,4.762540873487827,3.462987547865282,29.404740841710684,53.67231130185819,14.986524924419186,0.9208503113708003,0.035327131544552935,0.043822557084646725,0.0,0.17179211193972477,0.0,0.0,0.0,0.04128546167448297,0.015107249942338741,0.03194433766433459,0.45479357269162757,0.048358576151303144,0.36276620281386945,0.0019220419773967863
v1,0,0.7,14.452143649374724,26014,1.0,t1,h100,poisson,total,0.5,875.4276752021457,3.3891535146758542,shortest_queue,0.5350772660874914,1.3925468310008,0.5268430961449423,0.4322129302026375,0.9734758207119244,13.50397992316175,26.954265568539014,4.655535722907737,4.156775146296411,26.257638320859446,29.708471558625003,23.5303911506968,0.9734758207119244,0.0011147843468901361,0.025409394941185517,0.0,0.0,0.0,0.0,0.3085646190512801,0.09314215422464826,0.04343814868916737,0.0,0.5294456830937188,0.0,0.0,0.0
v1,0,0.7,14.452143649374724,26014,1.0,t1,h100,poisson,total,0.5,875.4276752021457,3.3891535146758542,capacity_greedy,0.7208041823633428,1.8479011949966662,0.7100453502361385,0.6271405113769646,0.9710540478204044,78.35215933430482,156.39277624687554,4.705164069499181,2.5991311197516875,21.296366816837573,30.01965139177665,15.460397924931897,0.9710540478204044,0.010033059122011224,0.014069347274544477,0.0048435457830399015,0.028100253709541015,0.0,0.0,0.0,0.05731529176597217,0.02041208579995387,0.11255477819635581,0.5493964788190974,0.04578303990159145,0.19504881986622588,0.0005766125932190359
v1,0,0.7,14.452143649374724,26014,1.0,t1,h100,poisson,total,0.5,875.4276752021457,3.3891535146758542,batch_lp@2s,0.7199584838932882,5.58663992899892,0.7098053483227922,0.6236218625381187,0.9708618436226647,77.30264865147001,154.29792792637207,4.699077373265785,3.6352234372068324,21.68690626927663,29.94363039189747,16.591387010370198,0.9708618436226647,0.009494887368340124,0.015030368263242869,0.004612900745752287,0.02933036057507496,0.0,0.0,0.0,0.0589682478665334,0.019028215576228184,0.11670638886753287,0.5465518566925501,0.045821480741139384,0.19266548781425386,0.0006150534327669716
v1,0,0.7,14.452143649374724,26014,1.0,t1,h100,poisson,total,0.5,875.4276752021457,3.3891535146758542,A:knn_capacity_greedy,0.681786730222188,4.466509385998506,0.6649971282915611,0.6024327784891165,0.9370339048204813,142.64993479193436,284.73266752431,4.673270714568126,2.243464999683283,28.761310058417525,68.74969207903115,15.33844018773965,0.9370339048204813,0.03836395786883986,0.02006611824402245,0.004536019066656416,0.022257246098254788,0.0,0.0,0.00019220419773967863,0.06392711616821711,0.03094487583608826,0.2550165295610056,0.3727992619358807,0.0545475513185208,0.19158914430691165,0.006381179364957331
v1,0,1.0,20.64591949910675,37163,1.0,t1,h100,poisson,total,0.1,250.1221929148988,5.820419271287392,oracle_unconstrained,0.9252482307671609,,,,,,,,,,,,,,,,,,,,,,,,,,
v1,0,1.0,20.64591949910675,37163,1.0,t1,h100,poisson,total,0.1,250.1221929148988,5.820419271287392,predictor_unconstrained,0.8097031994187768,,,,,,,,,,,,,,,,,,,,,,,,,,
v1,0,1.0,20.64591949910675,37163,1.0,t1,h100,poisson,total,0.1,250.1221929148988,5.820419271287392,fluid_ceiling,0.8883389882121147,,,,,,,,,,,,,,,,,,,,,,,,,,
v1,0,1.0,20.64591949910675,37163,1.0,t1,h100,poisson,total,0.1,250.1221929148988,5.820419271287392,random,0.1788606947770632,2.970478285002173,0.17259958217318674,0.10286246218291832,0.4006942388935231,125.24841180728072,250.3544554682425,4.699191245955373,26.330923009630794,33.643756390517126,120.85695433738233,32.395085964944656,0.4006942388935231,0.02817318300460135,0.3802168823830154,0.19091569571886016,0.018647579581842155,0.0,0.996394263111159,0.20961709226919248,0.06420364340876679,0.031321475661276,0.028549901784032505,0.028334633910071846,0.011409197319914969,0.027984823614885773,0.027446653929984122
v1,0,1.0,20.64591949910675,37163,1.0,t1,h100,poisson,total,0.1,250.1221929148988,5.820419271287392,always_best_api,0.3640448833517208,3.1153388019993145,0.3101927893859268,0.10996043751454503,0.41449829131125043,120.2451294635539,240.35357794298523,4.061279077873274,6.626043485639002,17.702216944346617,26.435812060774893,7.990572467642039,0.41449829131125043,0.0027446653929984123,0.0,0.5827570432957512,1.8833786292818127,0.0,0.038156230659526946,0.0,0.0,0.0,0.0,0.0,0.0,0.4172429567042488,0.0
v1,0,1.0,20.64591949910675,37163,1.0,t1,h100,poisson,total,0.1,250.1221929148988,5.820419271287392,always_best_self,0.0378467830907085,3.098353291999956,0.037509200668083297,0.015883174307656504,0.06353093130263972,0.0,0.0,4.68245503463438,29.840446414779535,30.005099704659663,30.019771003167094,85.02052418338508,0.06353093130263972,0.00468207625864435,0.3517746145359632,0.5800123779027527,0.0,2.0205042649947527,0.0,0.0,0.06821300756128407,0.0,0.0,0.0,0.0,0.0,0.0
v1,0,1.0,20.64591949910675,37163,1.0,t1,h100,poisson,total,0.1,250.1221929148988,5.820419271287392,threshold,0.06416328068239915,2.9889901989990904,0.0564063496197409,0.036414565826330535,0.10319403707989129,119.50902102678083,238.8821977937706,4.6539474847082225,29.83321366234162,62.47251047147119,91.8541854417381,48.61169616025472,0.10319403707989129,0.05056104189650997,0.358232650754783,0.4880122702688158,0.0,1.7326642090251057,5.381696849016495e-05,0.0,0.0615666119527487,0.0,0.0,0.0,0.0,0.09218846702365256,0.0
v1,0,1.0,20.64591949910675,37163,1.0,t1,h100,poisson,total,0.1,250.1221929148988,5.820419271287392,static_qc,0.599157764443129,2.4867131920000247,0.5735600193453769,0.38164562052601947,0.785647014503673,116.54160139937085,232.95073156401025,4.740103819377426,2.655349386432448,29.582749592786183,64.48819647871923,14.428076395633752,0.785647014503673,0.016952345074401957,0.13499986545757878,0.06240077496434626,0.2370906546834217,0.0,0.0,0.0,0.041169980894976185,0.013346608185560908,0.06404219250329629,0.49180636654737236,0.03729515916368431,0.15493905228318489,0.0
v1,0,1.0,20.64591949910675,37163,1.0,t1,h100,poisson,total,0.1,250.1221929148988,5.820419271287392,static_qc_fallback,0.5759088340553776,2.563884931998473,0.5639530262113037,0.3589640472934931,0.760191588407825,125.13696998066007,250.13169848939214,4.711624577327072,2.6378947041484624,29.727169347676075,72.68880626621787,14.738177046441933,0.760191588407825,0.019858461372870867,0.17143395312542045,0.048515997093883705,0.07520921346500552,0.0,0.18243952318165918,0.0,0.041196889379221266,0.013131340311600247,0.07386378925275139,0.46312192234211447,0.03568065010897936,0.15286709899631354,0.00018835938971557733
v1,0,1.0,20.64591949910675,37163,1.0,t1,h100,poisson,total,0.1,250.1221929148988,5.820419271287392,shortest_queue,0.4594623684847833,2.664521380000224,0.43266953240903877,0.35294117647058826,0.7967064015284019,15.046972025249488,30.07684036443992,4.638057902614567,3.5545845682760273,26.672520422868946,29.80126477784984,21.918906076214284,0.7967064015284019,0.0021795872238516804,0.03686462341576299,0.16424938783198342,0.6553830422732287,0.0,0.0,0.21577913516131636,0.06406910098754137,0.03067567203939402,0.0,0.4883620805640018,0.0,0.0,0.0
v1,0,1.0,20.64591949910675,37163,1.0,t1,h100,poisson,total,0.1,250.1221929148988,5.820419271287392,capacity_greedy,0.6990824206872427,2.9318263929999375,0.6562770682602606,0.5350140056022409,0.9656378656190296,90.30784843932452,180.51304518993828,4.7121750942357945,2.1973047706522095,18.65914939139048,29.506687967801792,13.973061584225036,0.9656378656190296,0.006888571966741114,0.013319699701315826,0.01415386271291338,0.08188251755778597,0.0,0.0,0.0,0.03904421063961467,0.01630654145251998,0.22737669187094692,0.5007399833167397,0.03613809434114576,0.15205984446896106,0.0008610714958426392
v1,0,1.0,20.64591949910675,37163,1.0,t1,h100,poisson,total,0.1,250.1221929148988,5.820419271287392,batch_lp@2s,0.7079622204881199,7.517234471000847,0.6842679109153794,0.6168261883696614,0.9724188036487904,100.46493581733921,200.81567452450372,4.702620729016503,3.1376959529500112,19.5796066188577,29.89858362733491,14.43937245842514,0.9724188036487904,0.00925651858030837,0.014315313618383877,0.004009364152517288,0.039770739714231895,0.0,0.0,0.0,0.04073944514705487,0.014880391787530608,0.29244140677555636,0.4260689395366359,0.033635605306353095,0.17388262519172296,2.6908484245082476e-05
v1,0,1.0,20.64591949910675,37163,1.0,t1,h100,poisson,total,0.1,250.1221929148988,5.820419271287392,A:knn_capacity_greedy,0.6802061189893174,5.343334017001325,0.6492260026737208,0.5770308123249299,0.9548475634367516,124.0913493490043,248.04164576866515,4.6944919985846925,1.8361513390330622,24.622998155980902,47.71617025021942,14.118169081978351,0.9548475634367516,0.019051206845518392,0.019212657750988887,0.006888571966741114,0.040927804536770446,0.0,0.0,0.01708688749562737,0.04630950138578694,0.02381400855689799,0.3059763743508328,0.43642870597099265,0.04020127546215322,0.1013373516669806,0.0027446653929984123
v1,0,1.0,20.64591949910675,37163,1.0,t1,h100,poisson,total,0.5,1250.610964574494,3.3891535146758542,oracle_unconstrained,0.9252482307671609,,,,,,,,,,,,,,,,,,,,,,,,,,
v1,0,1.0,20.64591949910675,37163,1.0,t1,h100,poisson,total,0.5,1250.610964574494,3.3891535146758542,predictor_unconstrained,0.8097031994187768,,,,,,,,,,,,,,,,,,,,,,,,,,
v1,0,1.0,20.64591949910675,37163,1.0,t1,h100,poisson,total,0.5,1250.610964574494,3.3891535146758542,fluid_ceiling,0.8883389882121147,,,,,,,,,,,,,,,,,,,,,,,,,,
v1,0,1.0,20.64591949910675,37163,1.0,t1,h100,poisson,total,0.5,1250.610964574494,3.3891535146758542,random,0.4364690686973603,2.2465072449995205,0.4054343841964491,0.31092436974789917,0.7051637381266314,530.9277215671391,1061.2519448985868,4.67818139073265,2.5303002652882753,80.43184202225105,139.71421387841795,15.978206039697755,0.7051637381266314,0.10488927158733148,0.1873368673142642,0.002610122971773,0.11874714097354896,0.0,0.0,0.1375561714608616,0.06409600947178645,0.032586174420794874,0.14062373866480102,0.13914377203132147,0.04461426687834674,0.12673896079433847,0.12469391599171219
v1,0,1.0,20.64591949910675,37163,1.0,t1,h100,poisson,total,0.5,1250.610964574494,3.3891535146758542,always_best_api,0.36460996152086755,3.1040882140005124,0.3100421196701574,0.11252036304398418,0.4149019185749267,120.05500672094058,239.97354856766412,4.059698215207667,6.685728639491799,17.8302551206969,25.644728075405602,8.054886126469171,0.4149019185749267,0.002367946613567258,0.0,0.582730134811506,1.9325404299975781,0.0,0.0,0.0,0.0,0.0,0.0,0.0,0.0,0.4172698651884939,0.0
v1,0,1.0,20.64591949910675,37163,1.0,t1,h100,poisson,total,0.5,1250.610964574494,3.3891535146758542,always_best_self,0.0378467830907085,2.985417094998411,0.037509200668083297,0.015883174307656504,0.06353093130263972,0.0,0.0,4.68245503463438,29.840446414779535,30.005099704659663,30.019771003167094,85.02052418338508,0.06353093130263972,0.00468207625864435,0.3517746145359632,0.5800123779027527,0.0,2.0205042649947527,0.0,0.0,0.06821300756128407,0.0,0.0,0.0,0.0,0.0,0.0
v1,0,1.0,20.64591949910675,37163,1.0,t1,h100,poisson,total,0.5,1250.610964574494,3.3891535146758542,threshold,0.23150714420256707,2.6864417960023275,0.16968310734215164,0.0801658604008293,0.3016979253558647,130.90315222460777,261.65750863727186,4.702826783182393,13.170268810558127,30.34150799628874,43.15800460219828,16.547873438630404,0.3016979253558647,0.02306057099803568,0.3529316793585017,0.32230982428759786,0.7939079191669133,0.41576299007076933,0.0,0.0,0.059252482307671606,0.0,0.0,0.0,0.0,0.26550601404622876,0.0
v1,0,1.0,20.64591949910675,37163,1.0,t1,h100,poisson,total,0.5,1250.610964574494,3.3891535146758542,static_qc,0.617280628582192,2.9553015630008304,0.5966674706102124,0.3220413550373955,0.7630169792535586,142.83681724764028,285.51127385050904,4.745439964221248,3.5769557745327347,24.787941991204065,34.20661717579618,13.067500915187566,0.7630169792535586,0.012028092457551867,0.02020827166805694,0.20474665662083255,0.7085003901730216,0.0,0.0,0.0,0.02817318300460135,0.011220837930199392,0.0012377902752737939,0.37432392433334233,0.03748351855339989,0.3220945564136372,0.000511261200656567
v1,0,1.0,20.64591949910675,37163,1.0,t1,h100,poisson,total,0.5,1250.610964574494,3.3891535146758542,static_qc_fallback,0.673115733390738,2.7802622689996497,0.6425682912852714,0.5182072829131653,0.8801227026881576,154.02841692801303,307.88175187389106,4.750100595198258,3.226959779875415,28.562559753222544,35.767608605823554,13.406221541182731,0.8801227026881576,0.016279632968274897,0.09229610096063288,0.01130156338293464,0.319403707989129,0.0,0.0,0.0,0.030272044775717783,0.011436105804160051,0.054785673922987915,0.44194494524123457,0.03850604095471302,0.31515216747840596,0.004305357479213196
v1,0,1.0,20.64591949910675,37163,1.0,t1,h100,poisson,total,0.5,1250.610964574494,3.3891535146758542,shortest_queue,0.4594623684847833,2.62443629399786,0.43266953240903877,0.35294117647058826,0.7967064015284019,15.046972025249488,30.07684036443992,4.638057902614567,3.5545845682760273,26.672520422868946,29.80126477784984,21.918906076214284,0.7967064015284019,0.0021795872238516804,0.03686462341576299,0.16424938783198342,0.6553830422732287,0.0,0.0,0.21577913516131636,0.06406910098754137,0.03067567203939402,0.0,0.4883620805640018,0.0,0.0,0.0
v1,0,1.0,20.64591949910675,37163,1.0,t1,h100,poisson,total,0.5,1250.610964574494,3.3891535146758542,capacity_greedy,0.6994322309824288,2.9402379720013414,0.6603974725328372,0.542016806722689,0.9610903317816107,111.44340604310491,222.76013589999013,4.733232671615555,2.401265423068139,19.875155499771605,30.93618874858535,14.285490911017177,0.9610903317816107,0.01076339369803299,0.01205500094179695,0.016091273578559318,0.08963216102036972,0.0,0.0,0.0,0.037994779754056456,0.014745849366305196,0.1915884078249872,0.488738799343433,0.03420068347549982,0.20329359847159809,0.0012916072437639588
v1,0,1.0,20.64591949910675,37163,1.0,t1,h100,poisson,total,0.5,1250.610964574494,3.3891535146758542,batch_lp@2s,0.70716842020289,7.2919094520002545,0.684243163650239,0.6203651572428215,0.9677367273901462,128.20302206294582,256.2603175147497,4.690624766562085,3.3564616490020853,21.318405739565566,34.783868657494445,14.793575040021551,0.9677367273901462,0.01423458816564863,0.01283534698490434,0.005193337459300918,0.04507171111051315,0.0,0.0,0.0,0.04036272636762371,0.014396039071119124,0.26098538869305493,0.4051072303097166,0.03325888652692194,0.22595054220595753,0.0019105023814008557
v1,0,1.0,20.64591949910675,37163,1.0,t1,h100,poisson,total,0.5,1250.610964574494,3.3891535146758542,A:knn_capacity_greedy,0.6801388477787046,5.360571951001475,0.6601153041003435,0.5921689397272327,0.9365767026343406,182.31745944678732,364.42768114605775,4.7063987796198195,2.160547438020785,27.64464676673314,64.07404431080607,14.905110963218704,0.9365767026343406,0.03543847375077362,0.019643193498910208,0.008341630115975567,0.04168124209563275,0.0,0.0,0.0004574442321664021,0.046793854102198426,0.02295293706105535,0.2780453677044372,0.38775125797163845,0.04030890939913355,0.18951645453811586,0.006188951376368969
v1,0,1.3,26.839695348838777,48311,1.0,t1,h100,poisson,total,0.1,325.15885078936844,5.820419271287392,oracle_unconstrained,0.9259485417399764,,,,,,,,,,,,,,,,,,,,,,,,,,
v1,0,1.3,26.839695348838777,48311,1.0,t1,h100,poisson,total,0.1,325.15885078936844,5.820419271287392,predictor_unconstrained,0.8106124899091304,,,,,,,,,,,,,,,,,,,,,,,,,,
v1,0,1.3,26.839695348838777,48311,1.0,t1,h100,poisson,total,0.1,325.15885078936844,5.820419271287392,fluid_ceiling,0.8804002972820363,,,,,,,,,,,,,,,,,,,,,,,,,,
v1,0,1.3,26.839695348838777,48311,1.0,t1,h100,poisson,total,0.1,325.15885078936844,5.820419271287392,random,0.1536192585539525,3.8836851909982215,0.1434013739342476,0.09368374558303887,0.32820682660263706,162.59011075435228,325.5059362435256,4.664662275119141,29.169016793431638,44.41587976985674,119.473078565702,33.74747165125177,0.32820682660263706,0.03218728653929747,0.44877978100225624,0.19082610585580922,0.023742004926414276,0.0,0.9861522220612283,0.16112272567324212,0.05005071308811658,0.022996833019395167,0.03059344662706216,0.03059344662706216,0.009314648837738818,0.02647430191881766,0.029247997350499887
v1,0,1.3,26.839695348838777,48311,1.0,t1,h100,poisson,total,0.1,325.15885078936844,5.820419271287392,always_best_api,0.28095050816584216,4.290303447000042,0.24275813188931342,0.08524734982332155,0.3189128769845377,119.90960697940318,240.0594273743615,4.054273184575475,6.744806404930728,17.68008296443628,25.21243608174879,8.10875722812461,0.3189128769845377,0.0016352383515141479,0.0,0.6794518846639481,2.2633561714723354,0.0,0.0,0.0,0.0,0.0,0.0,0.0,0.0,0.3205481153360518,0.0
v1,0,1.3,26.839695348838777,48311,1.0,t1,h100,poisson,total,0.1,325.15885078936844,5.820419271287392,always_best_self,0.02635010660098114,4.079796956000791,0.028907328411890674,0.011042402826855124,0.04557968164600194,0.0,0.0,4.62875602049214,29.73225347147482,30.006982873530283,30.019724383856143,85.30182518432422,0.04557968164600194,0.0035602657779801703,0.2740162695866366,0.6768437829893813,0.0,2.255738858645029,0.0,0.0,0.04913994742398212,0.0,0.0,0.0,0.0,0.0,0.0
v1,0,1.3,26.839695348838777,48311,1.0,t1,h100,poisson,total,0.1,325.15885078936844,5.820419271287392,threshold,0.056322576638860714,4.116768694999337,0.049208801880833215,0.027882960413080894,0.0903313945064271,141.67883352935314,283.64149049346906,4.6425761930941105,29.766432357624737,61.81819671165986,91.70393735794063,45.27244403848658,0.0903313945064271,0.04483450973898284,0.27517542588644406,0.589658669868146,0.02351431351038066,1.9752023348719754,0.0,0.0,0.04781519736705926,0.0,0.0,0.0,0.0,0.08735070687835068,0.0
v1,0,1.3,26.839695348838777,48311,1.0,t1,h100,poisson,total,0.1,325.15885078936844,5.820419271287392,static_qc,0.5026908985531245,3.774497253001755,0.46413795164318733,0.32271039603960394,0.6571795243319327,142.6683022150737,285.62241005514977,4.6977402918449584,2.7480605714569606,29.740777518805068,72.57835930905077,13.982375416840114,0.6571795243319327,0.01769783279170375,0.14797872120221067,0.17714392167415288,0.6790585994907992,0.0,0.0,0.0,0.031421415412638945,0.010453105917906895,0.06336031131626338,0.3846535985593343,0.031380016973360104,0.15360890894413282,0.0
v1,0,1.3,26.839695348838777,48311,1.0,t1,h100,poisson,total,0.1,325.15885078936844,5.820419271287392,static_qc_fallback,0.5323632299062325,3.6489784219993453,0.5005039405506814,0.3099009900990099,0.7051810146757467,162.6027768498243,325.5312938083002,4.6994657327300144,2.5387613353641427,29.843870299288582,72.35774943494306,13.894947687588868,0.7051810146757467,0.023535012730020077,0.2107387551489309,0.060545217445302314,0.21249818881828156,0.00012419531783651756,0.23412887334147503,0.0,0.030676243505619837,0.010494504357185734,0.11593632920038914,0.3769327896338308,0.032725466249922376,0.1613090186499969,0.0006416758088220074
v1,0,1.3,26.839695348838777,48311,1.0,t1,h100,poisson,total,0.1,325.15885078936844,5.820419271287392,shortest_queue,0.3502721947382584,5.771574392001639,0.33861504588859453,0.29178445229681976,0.608308666763263,15.028269676533455,30.08664529770155,4.662122004902872,3.572031509684612,27.00808422625153,29.902541473000976,22.283610381726135,0.608308666763263,0.0020699219639419594,0.035416364803046926,0.3542050464697481,1.2879261451843265,0.0,0.0,0.16213698743557367,0.04692513092256422,0.023742004926414276,0.0,0.37757446544265283,0.0,0.0,0.0
v1,0,1.3,26.839695348838777,48311,1.0,t1,h100,poisson,total,0.1,325.15885078936844,5.820419271287392,capacity_greedy,0.6914677816646313,5.913227603999985,0.6464901653651919,0.5119565217391304,0.9677506158017842,135.60077681790972,271.47320097561055,4.686227682969876,1.8756918817726387,18.764656747562036,30.552181485767527,13.22070079720686,0.9677506158017842,0.010535902796464573,0.014075469354805324,0.0076380120469458305,0.056032787563908844,0.0,0.0,0.0,0.03200099356254269,0.01268862163896421,0.34685682349775415,0.3846122001200555,0.03127652087516301,0.16847094864523607,0.0023804102585332533
v1,0,1.3,26.839695348838777,48311,1.0,t1,h100,poisson,total,0.1,325.15885078936844,5.820419271287392,batch_lp@2s,0.7023555711949659,8.738200157000392,0.670661433688677,0.6097826086956522,0.9704415143549088,142.80763588125774,285.90135651290814,4.671652924115574,2.8962488155366373,19.49291337233129,31.63994842262757,13.857867115285217,0.9704415143549088,0.011839953633748007,0.013909875597689967,0.003808656413653205,0.0334913373765809,0.0,0.0,0.0,0.032270083417855144,0.012378133344372917,0.3846742977789737,0.3382459481277556,0.02608101674566869,0.1885698909151125,6.209765891825878e-05
v1,0,1.3,26.839695348838777,48311,1.0,t1,h100,poisson,total,0.1,325.15885078936844,5.820419271287392,A:knn_capacity_greedy,0.6482995591066216,6.292588454998622,0.6079267840701515,0.5065217391304347,0.9358117198981598,162.78377241065937,325.89364751611305,4.69856092852853,1.7480515623169595,25.59651727924018,57.5907842588412,13.756033458749926,0.9358117198981598,0.02142369232679928,0.023845501024611374,0.01891908675042951,0.06271863550744138,0.029951770818240152,0.0,0.05270021320196228,0.0354991616816046,0.018525801577280537,0.3318912876984538,0.3800790710190226,0.032911759226677155,0.10258533253296351,0.0030427852869946803
v1,0,1.3,26.839695348838777,48311,1.0,t1,h100,poisson,total,0.5,1625.7942539468422,3.3891535146758542,oracle_unconstrained,0.9259485417399764,,,,,,,,,,,,,,,,,,,,,,,,,,
v1,0,1.3,26.839695348838777,48311,1.0,t1,h100,poisson,total,0.5,1625.7942539468422,3.3891535146758542,predictor_unconstrained,0.8106124899091304,,,,,,,,,,,,,,,,,,,,,,,,,,
v1,0,1.3,26.839695348838777,48311,1.0,t1,h100,poisson,total,0.5,1625.7942539468422,3.3891535146758542,fluid_ceiling,0.8804002972820363,,,,,,,,,,,,,,,,,,,,,,,,,,
v1,0,1.3,26.839695348838777,48311,1.0,t1,h100,poisson,total,0.5,1625.7942539468422,3.3891535146758542,random,0.4171824222226822,2.985140415999922,0.3840064137509593,0.27608695652173915,0.6844817950363271,545.5698757749524,1092.2326848567945,4.6901207475978,2.574172837862733,66.05700485353029,126.69132824290753,14.51736803903222,0.6844817950363271,0.0839974332967647,0.22599408002318314,0.005526691643725032,0.1846370391836228,0.0,0.0,0.14532922108836496,0.04916064664362153,0.022831239262279812,0.14793732276293184,0.14750263915050402,0.03823145867400799,0.12135952474591707,0.0961271760054646
v1,0,1.3,26.839695348838777,48311,1.0,t1,h100,poisson,total,0.5,1625.7942539468422,3.3891535146758542,always_best_api,0.28095050816584216,4.17238082699987,0.24275813188931342,0.08524734982332155,0.3189128769845377,119.90960697940318,240.0594273743615,4.054273184575475,6.744806404930728,17.68008296443628,25.21243608174879,8.10875722812461,0.3189128769845377,0.0016352383515141479,0.0,0.6794518846639481,2.2633561714723354,0.0,0.0,0.0,0.0,0.0,0.0,0.0,0.0,0.3205481153360518,0.0
v1,0,1.3,26.839695348838777,48311,1.0,t1,h100,poisson,total,0.5,1625.7942539468422,3.3891535146758542,always_best_self,0.02635010660098114,3.870316458000161,0.028907328411890674,0.011042402826855124,0.04557968164600194,0.0,0.0,4.62875602049214,29.73225347147482,30.006982873530283,30.019724383856143,85.30182518432422,0.04557968164600194,0.0035602657779801703,0.2740162695866366,0.6768437829893813,0.0,2.255738858645029,0.0,0.0,0.04913994742398212,0.0,0.0,0.0,0.0,0.0,0.0
v1,0,1.3,26.839695348838777,48311,1.0,t1,h100,poisson,total,0.5,1625.7942539468422,3.3891535146758542,threshold,0.20407360642503777,3.7780337820004206,0.1428637215008113,0.04756926293779404,0.26312848005630185,128.5879292144673,257.43345701885465,4.641283761419286,11.243664530007152,29.98601066016183,35.864450411805166,14.01030428924912,0.26312848005630185,0.010929187969613546,0.27712115253254954,0.44882117944153505,0.8856782099314856,0.7413425513858127,0.0,0.0,0.043012978410713915,0.0,0.0,0.0,0.0,0.2310446896152015,0.0
v1,0,1.3,26.839695348838777,48311,1.0,t1,h100,poisson,total,0.5,1625.7942539468422,3.3891535146758542,static_qc,0.5677174970503612,3.824055709003005,0.5305437258100362,0.2726333907056799,0.6951625923702677,138.65149959267,277.58075799990036,4.679114703647867,3.4919465967327596,22.560272048990857,29.77814076805083,11.874600888966825,0.6951625923702677,0.0044089337831963735,0.030200161453913188,0.2702283123926228,0.9421042826685434,0.0,0.0,0.0,0.02146509076607812,0.008300387075407258,0.0012005547390863363,0.34985821034547,0.03144211463227836,0.2867255904452402,0.0005795781499037487
v1,0,1.3,26.839695348838777,48311,1.0,t1,h100,poisson,total,0.5,1625.7942539468422,3.3891535146758542,static_qc_fallback,0.6257995073585726,4.060855695999635,0.5696220329584342,0.3858695652173913,0.8181366562480594,169.77361274664145,339.88733084777715,4.716559444013347,3.11796817387426,25.762954816623505,30.292828640742513,12.487977164782933,0.8181366562480594,0.009645836351969531,0.1315228415888721,0.04069466581109892,0.5305209993583242,0.0,0.0,0.0,0.0244043799548757,0.008693672248556229,0.08312806607190909,0.3846122001200555,0.03494028275134028,0.2804537268944961,0.011550164558796133
v1,0,1.3,26.839695348838777,48311,1.0,t1,h100,poisson,total,0.5,1625.7942539468422,3.3891535146758542,shortest_queue,0.3502721947382584,4.367769173997658,0.33861504588859453,0.29178445229681976,0.608308666763263,15.028269676533455,30.08664529770155,4.662122004902872,3.572031509684612,27.00808422625153,29.902541473000976,22.283610381726135,0.608308666763263,0.0020699219639419594,0.035416364803046926,0.3542050464697481,1.2879261451843265,0.0,0.0,0.16213698743557367,0.04692513092256422,0.023742004926414276,0.0,0.37757446544265283,0.0,0.0,0.0
v1,0,1.3,26.839695348838777,48311,1.0,t1,h100,poisson,total,0.5,1625.7942539468422,3.3891535146758542,capacity_greedy,0.6916851234708451,3.994884326999454,0.644396850202141,0.5043478260869565,0.9613545569332036,169.41573757621518,339.1708635800729,4.680101932311614,2.1672777106473404,20.1592933954138,38.347977490986786,13.566799954390717,0.9613545569332036,0.015420918631367598,0.012978410713916085,0.0102461137215127,0.06983916706340171,0.0,0.0,0.0,0.030241559893192025,0.01171575831591149,0.2945291962493014,0.3846122001200555,0.029268696570139304,0.22187493531493863,0.004533129101032891
v1,0,1.3,26.839695348838777,48311,1.0,t1,h100,poisson,total,0.5,1625.7942539468422,3.3891535146758542,batch_lp@2s,0.7042392001821531,8.430718700001307,0.6754136403648978,0.6239130434782608,0.9650597172486597,180.60030346127314,361.5624012511039,4.696544445834603,3.116374574698142,21.70057976951728,38.73738259284221,14.235251251446357,0.9650597172486597,0.017573637473867237,0.013288899008507379,0.00407774626896566,0.03804516569725321,0.0,0.0,0.0,0.03218728653929747,0.012026246610502785,0.34741570242801845,0.3193889590362443,0.025749829231437975,0.24257415495435822,0.0032911759226677156
v1,0,1.3,26.839695348838777,48311,1.0,t1,h100,poisson,total,0.5,1625.7942539468422,3.3891535146758542,A:knn_capacity_greedy,0.6770818240152346,6.240518828002678,0.6422672118345428,0.5706521739130435,0.9376125520067894,192.58386980605974,385.5535404692174,4.697209482015841,1.9269418947103532,25.140634525257,44.7916139140132,14.106286846987189,0.9376125520067894,0.025687731572519718,0.014530852186872554,0.022168864233818385,0.11442528616671152,0.0,0.0,0.0004553828320672311,0.03438140382107595,0.016517977272256835,0.33313324087681895,0.36904638695121195,0.033512036596220325,0.16948521040756764,0.006768644822090207
v1,1,0.3,6.193775849732025,11149,1.0,t1,h100,poisson,total,0.1,75.03665787446963,5.427273206834798,oracle_unconstrained,0.9283792268364875,,,,,,,,,,,,,,,,,,,,,,,,,,
v1,1,0.3,6.193775849732025,11149,1.0,t1,h100,poisson,total,0.1,75.03665787446963,5.427273206834798,predictor_unconstrained,0.8120459234012019,,,,,,,,,,,,,,,,,,,,,,,,,,
v1,1,0.3,6.193775849732025,11149,1.0,t1,h100,poisson,total,0.1,75.03665787446963,5.427273206834798,fluid_ceiling,0.8869,,,,,,,,,,,,,,,,,,,,,,,,,,
v1,1,0.3,6.193775849732025,11149,1.0,t1,h100,poisson,total,0.1,75.03665787446963,5.427273206834798,random,0.3069782043232577,0.9225200100008806,0.3035787712056213,0.14387794515256855,0.6370078033904386,38.480032977277006,76.17282021394162,4.710659093931247,0.7781787396390882,29.896253021075733,104.79807071089334,25.269045918395705,0.6370078033904386,0.0248452776033725,0.1408198044667683,0.1973271145394206,0.0007175531437797112,0.0,1.0142613687326218,0.2303345591532873,0.203785092833438,0.1026100995604987,0.025383442461207283,0.02556283074715221,0.023768947887702934,0.026280383890931923,0.024127724459592787
v1,1,0.3,6.193775849732025,11149,1.0,t1,h100,poisson,total,0.1,75.03665787446963,5.427273206834798,always_best_api,0.0801417167458965,0.9506720709978254,0.07695953696281496,0.03302433371958285,0.09319221454839,41.2509259628132,81.65791772786419,5.122330996101686,14.07982740127397,82.2260436372769,257.7195697077453,17.19334177138097,0.09319221454839,0.03614673961790295,0.0,0.8706610458337071,0.056238227643734866,0.0,2.584895506323437,0.0,0.0,0.0,0.0,0.0,0.0,0.12933895416629293,0.0
v1,1,0.3,6.193775849732025,11149,1.0,t1,h100,poisson,total,0.1,75.03665787446963,5.427273206834798,always_best_self,0.11525697371961612,0.433059171999048,0.11877010814537294,0.04982618771726535,0.2010045744012916,0.0,0.0,4.686759052284805,29.864645506541365,30.007428090808276,30.020764802615666,85.09414012145521,0.2010045744012916,0.01793882859449278,0.7810565970042156,0.0,0.0,0.0,0.0,0.0,0.21894340299578438,0.0,0.0,0.0,0.0,0.0,0.0
v1,1,0.3,6.193775849732025,11149,1.0,t1,h100,poisson,total,0.1,75.03665787446963,5.427273206834798,threshold,0.13884653332137412,0.46923316000174964,0.13694828584987934,0.12589413447782546,0.22100636828415104,37.368560042232275,73.97261347025666,4.678893302632947,29.872243615728166,58.74893484953611,92.34865934424876,69.07430068666437,0.22100636828415104,0.0680778545161001,0.7032917750470894,0.0076240021526594315,0.0,0.0,0.024486501031482644,0.0,0.2084491882680061,0.0,0.0,0.0,0.0,0.08063503453224505,0.0
v1,1,0.3,6.193775849732025,11149,1.0,t1,h100,poisson,total,0.1,75.03665787446963,5.427273206834798,static_qc,0.6817203336622119,0.6302244680009608,0.7048615098148469,0.5327277584825006,0.9236702843304332,34.26797443024043,67.83487573703651,4.718685579309113,2.456012050320169,29.122794253850223,36.90284432418418,16.705093887070802,0.9236702843304332,0.0129159565880348,0.05919813436182617,0.004215624719705803,0.0,0.0,0.013274733159924657,0.0,0.13158130774060453,0.014978921876401471,0.07884115167279576,0.5188806170957037,0.08386402367925375,0.10844021885370886,0.0
v1,1,0.3,6.193775849732025,11149,1.0,t1,h100,poisson,total,0.1,75.03665787446963,5.427273206834798,static_qc_fallback,0.682123957305588,0.6448967739997897,0.706260977906854,0.5332620892332354,0.9245672257601578,34.28507501021886,67.86872704389532,4.714891835197585,2.4530363086950615,29.10450505524967,36.550993559916776,16.644857417879507,0.9245672257601578,0.0129159565880348,0.059915687505605886,0.002601130146201453,0.0,0.0,0.01013543815588842,0.0,0.13202977845546685,0.014978921876401471,0.0790205399587407,0.5186115346667862,0.08440218853708853,0.10844021885370886,0.0
v1,1,0.3,6.193775849732025,11149,1.0,t1,h100,poisson,total,0.1,75.03665787446963,5.427273206834798,shortest_queue,0.34787873351870124,0.6096763470013684,0.3389815418163757,0.09907300115874855,0.9994618351421652,0.04779128998052329,0.09460483938848116,4.625588285165026,0.7428473955460504,11.399374953266056,18.275793856712042,11.754134812354465,0.9994618351421652,0.0,0.0005381648578347834,0.0,0.0,0.0,0.0,0.6861601937393488,0.21454838999013365,0.0929231321194726,0.0,0.005830119293210153,0.0,0.0,0.0
v1,1,0.3,6.193775849732025,11149,1.0,t1,h100,poisson,total,0.1,75.03665787446963,5.427273206834798,capacity_greedy,0.7188088617813256,0.8146563900008914,0.7277649582314328,0.6345177664974619,0.9865458785541305,25.40662680973037,50.293470833642964,4.7229163846028275,2.215661904896251,22.00032466398806,29.133218987436088,16.0806906118396,0.9865458785541305,0.004125930576733339,0.009328190869136246,0.0,0.0,0.0,0.0,0.0,0.13346488474302629,0.02305139474392322,0.12279128172930308,0.5306305498250964,0.09256435554758274,0.08816934254193201,0.0
v1,1,0.3,6.193775849732025,11149,1.0,t1,h100,poisson,total,0.1,75.03665787446963,5.427273206834798,batch_lp@2s,0.7200645797829401,3.55704585499916,0.72838834410729,0.6382580817526049,0.9874428199838551,25.45955628934462,50.39824693238109,4.69993174689952,3.3031556138292046,23.533333498588988,28.688436854996873,17.111163198740314,0.9874428199838551,0.004036236433760876,0.008520943582384071,0.0,0.0,0.0,0.0,0.0,0.13373396717194366,0.022692618172033368,0.122970670015248,0.5313481029688761,0.09256435554758274,0.08816934254193201,0.0
v1,1,0.3,6.193775849732025,11149,1.0,t1,h100,poisson,total,0.1,75.03665787446963,5.427273206834798,A:knn_capacity_greedy,0.683110592878285,3.148665933000302,0.6759339504997531,0.5989847715736041,0.9654677549556014,36.9861663092197,73.21564922615362,4.746922754150313,2.0437390246183895,24.65645816533612,43.82551552443444,16.537014509259507,0.9654677549556014,0.01587586330612611,0.015965557449098573,0.002690824289173917,0.012019015158310163,0.0,0.0,0.02000179388285945,0.15086554847968428,0.07803390438604359,0.21140909498609742,0.33258588214189616,0.08987353125840883,0.09624181540945376,0.0023320477172840614
v1,1,0.3,6.193775849732025,11149,1.0,t1,h100,poisson,total,0.5,375.18328937234816,3.1946902925992617,oracle_unconstrained,0.9283792268364875,,,,,,,,,,,,,,,,,,,,,,,,,,
v1,1,0.3,6.193775849732025,11149,1.0,t1,h100,poisson,total,0.5,375.18328937234816,3.1946902925992617,predictor_unconstrained,0.8120459234012019,,,,,,,,,,,,,,,,,,,,,,,,,,
v1,1,0.3,6.193775849732025,11149,1.0,t1,h100,poisson,total,0.5,375.18328937234816,3.1946902925992617,fluid_ceiling,0.8869,,,,,,,,,,,,,,,,,,,,,,,,,,
v1,1,0.3,6.193775849732025,11149,1.0,t1,h100,poisson,total,0.5,375.18328937234816,3.1946902925992617,random,0.5339043860435914,0.6298112399999809,0.5072804635358085,0.37872340425531914,0.8665351152569737,178.32810743660593,353.00788008374224,4.679319340278776,1.1959189740175589,75.86215590913267,145.1839601495461,16.27635797955628,0.8665351152569737,0.11041348999910305,0.02278231231500583,0.0002690824289173917,0.02574221903309714,0.0,0.0,0.12906987173737555,0.1287110951654857,0.10171315813077406,0.1296977307381828,0.1270069064490089,0.10117499327293927,0.13337519060005382,0.1261996591622567
v1,1,0.3,6.193775849732025,11149,1.0,t1,h100,poisson,total,0.5,375.18328937234816,3.1946902925992617,always_best_api,0.5364606691183066,0.745283117001236,0.48713822269261203,0.25957446808510637,0.6269620593775227,134.00324528344208,265.2649782573723,4.301326778424427,10.785214008138624,46.41006317400093,70.3533556690931,13.205774755802167,0.6269620593775227,0.10790205399587408,0.0,0.26513588662660326,0.9495918916494753,0.0,0.0,0.0,0.0,0.0,0.0,0.0,0.0,0.7348641133733967,0.0
v1,1,0.3,6.193775849732025,11149,1.0,t1,h100,poisson,total,0.5,375.18328937234816,3.1946902925992617,always_best_self,0.11525697371961612,0.4350484120004694,0.11877010814537294,0.04982618771726535,0.2010045744012916,0.0,0.0,4.686759052284805,29.864645506541365,30.007428090808276,30.020764802615666,85.09414012145521,0.2010045744012916,0.01793882859449278,0.7810565970042156,0.0,0.0,0.0,0.0,0.0,0.21894340299578438,0.0,0.0,0.0,0.0,0.0,0.0
v1,1,0.3,6.193775849732025,11149,1.0,t1,h100,poisson,total,0.5,375.18328937234816,3.1946902925992617,threshold,0.3456363799443896,0.5801463240022713,0.30609823247492035,0.2503576537911302,0.46936945017490356,141.76827518374193,280.6361767930051,4.710737110675346,28.73737336620468,67.21521364897508,104.26236665340178,38.15419323245041,0.46936945017490356,0.1607319042066553,0.3261279038478787,0.04377074177056238,0.16611355278500314,0.0,0.0,0.0,0.18503901695219302,0.0,0.0,0.0,0.0,0.44506233742936585,0.0
v1,1,0.3,6.193775849732025,11149,1.0,t1,h100,poisson,total,0.5,375.18328937234816,3.1946902925992617,static_qc,0.6817651807336981,0.6521611739990476,0.6861082403179596,0.5639861074004809,0.854785182527581,151.62806482189262,300.15403905413257,4.7281500287725855,3.3648911247602484,68.17402225106426,132.86042867397992,16.40114844363353,0.854785182527581,0.12162525787066104,0.0,0.023589559601758004,0.0842228002511436,0.0,0.0,0.0,0.05121535563727689,0.013992286303704369,0.020181182168804376,0.3855951206386223,0.08933536640057405,0.41609112924926,0.0
v1,1,0.3,6.193775849732025,11149,1.0,t1,h100,poisson,total,0.5,375.18328937234816,3.1946902925992617,static_qc_fallback,0.6879989236702844,0.6434231029998045,0.691773332184889,0.5784130376703179,0.8802583191317607,152.32528993235974,301.5342250591607,4.59284828273575,3.2507924705776077,67.51987471040668,132.28828104937148,16.777767291363375,0.8802583191317607,0.1197416808682393,0.0,0.0,0.025921607319042066,0.0,0.0,0.0,0.06081262893533052,0.013992286303704369,0.02556283074715221,0.39268095793344693,0.09247466140461028,0.4144766346757557,0.0
v1,1,0.3,6.193775849732025,11149,1.0,t1,h100,poisson,total,0.5,375.18328937234816,3.1946902925992617,shortest_queue,0.34787873351870124,0.6048202850033704,0.3389815418163757,0.09907300115874855,0.9994618351421652,0.04779128998052329,0.09460483938848116,4.625588285165026,0.7428473955460504,11.399374953266056,18.275793856712042,11.754134812354465,0.9994618351421652,0.0,0.0005381648578347834,0.0,0.0,0.0,0.0,0.6861601937393488,0.21454838999013365,0.0929231321194726,0.0,0.005830119293210153,0.0,0.0,0.0
v1,1,0.3,6.193775849732025,11149,1.0,t1,h100,poisson,total,0.5,375.18328937234816,3.1946902925992617,capacity_greedy,0.7206475917122612,0.8343014969977958,0.7266484399806052,0.6460058776382581,0.9830478069782044,30.935183678142494,61.237478304447095,4.701798384335768,2.3312091174250327,22.268366119500097,29.5300507106885,16.05478085892625,0.9830478069782044,0.007803390438604359,0.006099201722127545,0.0030496008610637723,0.014620145304511615,0.0,0.0,0.0,0.13561754417436542,0.017580052022602925,0.12288097587227555,0.48632164319669924,0.0986635572697103,0.12978742488115527,0.0
v1,1,0.3,6.193775849732025,11149,1.0,t1,h100,poisson,total,0.5,375.18328937234816,3.1946902925992617,batch_lp@2s,0.7207372858552337,3.5678417310009536,0.7273540818656236,0.644402885386054,0.9819714772625348,30.654327970463783,60.68151279008013,4.684954706655637,3.3919602243449845,23.083781250378244,29.67904746469402,17.236632452765093,0.9819714772625348,0.007982778724549286,0.006637366579962329,0.003408377432953628,0.018925464167189883,0.0,0.0,0.0,0.13660417974706252,0.017759440308547852,0.1207283164409364,0.4894609382007355,0.0986635572697103,0.12673782402009148,0.0
v1,1,0.3,6.193775849732025,11149,1.0,t1,h100,poisson,total,0.5,375.18328937234816,3.1946902925992617,A:knn_capacity_greedy,0.6799712978742488,3.172089222000068,0.6787199643702727,0.5989847715736041,0.9450174903578796,62.430076777258364,123.58292460676546,4.722395899838836,2.313307201351762,27.661194002261013,81.67013337642572,16.766101909489862,0.9450174903578796,0.037223069333572514,0.014440757018566688,0.0033186832899811643,0.015337698448291326,0.0,0.0,0.0,0.14512512332944658,0.07103776123419141,0.20046640954345682,0.2765270427841062,0.09408915597811462,0.19051035967351332,0.004484707148623195
v1,1,0.7,14.452143649374724,26014,1.0,t1,h100,poisson,total,0.1,175.08553504042914,5.427273206834798,oracle_unconstrained,0.9272507111555316,,,,,,,,,,,,,,,,,,,,,,,,,,
v1,1,0.7,14.452143649374724,26014,1.0,t1,h100,poisson,total,0.1,175.08553504042914,5.427273206834798,predictor_unconstrained,0.8124471438456216,,,,,,,,,,,,,,,,,,,,,,,,,,
v1,1,0.7,14.452143649374724,26014,1.0,t1,h100,poisson,total,0.1,175.08553504042914,5.427273206834798,fluid_ceiling,0.88915,,,,,,,,,,,,,,,,,,,,,,,,,,
v1,1,0.7,14.452143649374724,26014,1.0,t1,h100,poisson,total,0.1,175.08553504042914,5.427273206834798,random,0.20283308987468288,2.0901730160003353,0.20039909764375397,0.10694108151735271,0.45898362420235256,89.11920811357231,177.24624116319663,4.686818750432349,0.4254999995232538,30.02316583156262,109.2745480743052,11.10824946649484,0.45898362420235256,0.028638425463212117,0.3180979472591681,0.19428000307526716,0.012377950334435305,0.0,1.0111478434689014,0.2312216498808334,0.09245021911278542,0.04320750365187976,0.026408856769431846,0.02564003997847313,0.014376873990927961,0.026677942646267393,0.027638963634965787
v1,1,0.7,14.452143649374724,26014,1.0,t1,h100,poisson,total,0.1,175.08553504042914,5.427273206834798,always_best_api,0.1994695164142385,2.1934662040002877,0.17684448587742319,0.07893462469733656,0.23029906973168293,92.82865980238421,184.62384676063968,4.86136296516647,8.209473989568352,42.04531244925117,106.9417298927012,9.953294949060577,0.23029906973168293,0.01918197893441993,0.0,0.7505189513338971,0.6773275928346275,0.0,1.6739447989544092,0.0,0.0,0.0,0.0,0.0,0.0,0.24948104866610288,0.0
v1,1,0.7,14.452143649374724,26014,1.0,t1,h100,poisson,total,0.1,175.08553504042914,5.427273206834798,always_best_self,0.04849311908972092,1.8334938230000262,0.0514365586836047,0.023648103309120257,0.08445452448681479,0.0,0.0,4.671620297522602,29.863956140851997,30.007591087472484,30.019915231071774,86.94459768452543,0.08445452448681479,0.007765049588683017,0.5081110171446145,0.39966940877988777,0.0,1.5522026601060968,0.0,0.0,0.09221957407549781,0.0,0.0,0.0,0.0,0.0,0.0
v1,1,0.7,14.452143649374724,26014,1.0,t1,h100,poisson,total,0.1,175.08553504042914,5.427273206834798,threshold,0.0697893441992773,1.817196078998677,0.06750762580674367,0.05666437256251434,0.10947951103252095,88.00713381404057,175.03447342357535,4.665978109107049,29.921622984931673,70.62747435451209,101.67525521511455,61.00394100163883,0.10947951103252095,0.057661259321903593,0.5116860152225725,0.321173214423003,0.0,1.2501345429384179,0.04289997693549627,0.0,0.08699161989697855,0.0,0.0,0.0,0.0,0.08014915045744599,0.0
v1,1,0.7,14.452143649374724,26014,1.0,t1,h100,poisson,total,0.1,175.08553504042914,5.427273206834798,static_qc,0.617801952794649,1.5323214999989432,0.6427174835098874,0.3976829548061482,0.8270162220342893,74.57726514084061,148.32425245071258,4.729934684839787,2.3775447514290136,29.58594061058966,42.493019715417326,15.652722766078796,0.8270162220342893,0.015876066733297455,0.1266241254709003,0.03048358576151303,0.10279080495118013,0.0,0.0,0.0,0.059967709694779735,0.015799185054201585,0.07688167909587146,0.522103482740063,0.05827631275467056,0.1098639194280003,0.0
v1,1,0.7,14.452143649374724,26014,1.0,t1,h100,poisson,total,0.1,175.08553504042914,5.427273206834798,static_qc_fallback,0.6378872914584455,1.4989124969979457,0.6683273533341311,0.3980270704289975,0.8570385177212271,76.36441522727182,151.8786560626784,4.729934684839787,2.38555369142,29.55417760498758,42.52214585893463,15.517156487326702,0.8570385177212271,0.016222034289228877,0.1267394479895441,0.0,0.031060198354732067,0.0,0.0,0.0,0.059967709694779735,0.015799185054201585,0.07791958176366572,0.5505497040055355,0.057699700161451525,0.11132467133082187,0.0
v1,1,0.7,14.452143649374724,26014,1.0,t1,h100,poisson,total,0.1,175.08553504042914,5.427273206834798,shortest_queue,0.5258706850157607,1.4176862310014258,0.5192388642895093,0.4206618240516546,0.9715537787345275,13.388386045031439,26.62771754770809,4.641424313634976,4.275503484424348,26.24038689480915,29.76257516523457,23.412849159144855,0.9715537787345275,0.0012301068655339433,0.027216114399938495,0.0,0.0,0.0,0.0,0.30629660951795185,0.09195048819866226,0.046551856692550166,0.0,0.5279849311908972,0.0,0.0,0.0
v1,1,0.7,14.452143649374724,26014,1.0,t1,h100,poisson,total,0.1,175.08553504042914,5.427273206834798,capacity_greedy,0.7161912816175905,1.9128684679999424,0.709674233222949,0.6320256939665061,0.9822018912893058,55.190171458485565,109.76590397552162,4.687700681936084,2.0841757798521456,18.277920245528634,28.819801839468298,15.060129427520678,0.9822018912893058,0.004420696548012608,0.009687091566079803,0.00369032059660183,0.01783654955024218,0.0,0.0,0.0,0.05923733374336895,0.03190589682478665,0.17917275313292844,0.5738832936111324,0.05297147689705543,0.08945183362804644,0.0
v1,1,0.7,14.452143649374724,26014,1.0,t1,h100,poisson,total,0.1,175.08553504042914,5.427273206834798,batch_lp@2s,0.7160951795187207,5.445511600999453,0.7097484062902756,0.630649231475109,0.9825094180056893,55.32153503684458,110.02716864542543,4.669420986179543,3.1567807743354592,19.590421344565968,28.992662400473883,16.242009928859744,0.9825094180056893,0.004343814868916737,0.009840854924271546,0.0033059122011224727,0.01933574229261167,0.0,0.0,0.0,0.06300453601906665,0.03094487583608826,0.17578995925271007,0.577150764972707,0.05008841393096025,0.08987468286307373,0.0
v1,1,0.7,14.452143649374724,26014,1.0,t1,h100,poisson,total,0.1,175.08553504042914,5.427273206834798,A:knn_capacity_greedy,0.6803836395786884,4.319901220002066,0.6688218113520837,0.6022023399862354,0.9560621203967095,87.06323406434421,173.15718247575464,4.717147201074303,1.9187787522284907,25.52860091520193,43.90757596140709,14.798289874951593,0.9560621203967095,0.017874990389790114,0.02233412777735066,0.0037287614361497653,0.020527408318597676,0.0,0.0,0.026947028523102944,0.06996232797724303,0.03375105712308757,0.2672407165372492,0.4206196663335127,0.05270239102021988,0.10002306450372876,0.0026908587683555007
v1,1,0.7,14.452143649374724,26014,1.0,t1,h100,poisson,total,0.5,875.4276752021457,3.1946902925992617,oracle_unconstrained,0.9272507111555316,,,,,,,,,,,,,,,,,,,,,,,,,,
v1,1,0.7,14.452143649374724,26014,1.0,t1,h100,poisson,total,0.5,875.4276752021457,3.1946902925992617,predictor_unconstrained,0.8124471438456216,,,,,,,,,,,,,,,,,,,,,,,,,,
v1,1,0.7,14.452143649374724,26014,1.0,t1,h100,poisson,total,0.5,875.4276752021457,3.1946902925992617,fluid_ceiling,0.88915,,,,,,,,,,,,,,,,,,,,,,,,,,
v1,1,0.7,14.452143649374724,26014,1.0,t1,h100,poisson,total,0.5,875.4276752021457,3.1946902925992617,random,0.4623856385023449,1.4875632020011835,0.43115213121650586,0.31976744186046513,0.7500576612593219,430.5722149725443,856.3508167166118,4.892670876752867,2.783088927485778,86.11622796668769,151.31965995385323,17.141891215326496,0.7500576612593219,0.11643730299069732,0.13100638117936494,0.0024986545706158223,0.07403705696932421,0.0,0.008034135465518568,0.136964711309295,0.09079726301222418,0.04536019066656416,0.13773352810025372,0.1318905204889675,0.058160990236026756,0.13215960636580304,0.1334281540708849
v1,1,0.7,14.452143649374724,26014,1.0,t1,h100,poisson,total,0.5,875.4276752021457,3.1946902925992617,always_best_api,0.4321711386176674,2.096115134001593,0.3814573062402875,0.16101694915254236,0.4974629045898362,124.3834824335645,247.38218831614887,4.10788490716846,7.542518503031019,22.696543115059626,33.23060172212913,9.102985915430168,0.4974629045898362,0.00853386637964173,0.0,0.494003229030522,1.656185131083263,0.0,0.0,0.0,0.0,0.0,0.0,0.0,0.0,0.5059967709694779,0.0
v1,1,0.7,14.452143649374724,26014,1.0,t1,h100,poisson,total,0.5,875.4276752021457,3.1946902925992617,always_best_self,0.04849311908972092,1.8295377350004856,0.0514365586836047,0.023648103309120257,0.08445452448681479,0.0,0.0,4.671620297522602,29.863956140851997,30.007591087472484,30.019915231071774,86.94459768452543,0.08445452448681479,0.007765049588683017,0.5081110171446145,0.39966940877988777,0.0,1.5522026601060968,0.0,0.0,0.09221957407549781,0.0,0.0,0.0,0.0,0.0,0.0
v1,1,0.7,14.452143649374724,26014,1.0,t1,h100,poisson,total,0.5,875.4276752021457,3.1946902925992617,threshold,0.25859152763896365,1.5438498689982225,0.19852214975493354,0.08139534883720931,0.34100868762973785,136.2063732673414,270.8963442913592,4.67946044905071,17.709172344255933,38.23322509416425,57.26652719859145,22.81916882697527,0.34100868762973785,0.05170292919197355,0.42692396401937416,0.18036441915891444,0.6323133697239948,0.001691396940109172,0.0,0.0,0.08537710463596525,0.0,0.0,0.0,0.0,0.30733451218574614,0.0
v1,1,0.7,14.452143649374724,26014,1.0,t1,h100,poisson,total,0.5,875.4276752021457,3.1946902925992617,static_qc,0.6461905128007995,1.8215919750000467,0.6343543256804527,0.39697542533081287,0.8045283308987469,148.19729058887606,294.74468258260805,4.655937058571334,3.277695459699544,28.660351729664182,56.30318327574802,14.920473714461394,0.8045283308987469,0.03824863535019605,0.0016529561005612363,0.15557007765049588,0.5415929883908664,0.0,0.0,0.0,0.04747443684170062,0.01476128238640732,0.019220419773967864,0.38633043745675405,0.057622818482355655,0.31736757130775733,0.0
v1,1,0.7,14.452143649374724,26014,1.0,t1,h100,poisson,total,0.5,875.4276752021457,3.1946902925992617,static_qc_fallback,0.6929730145306373,1.7319441310028196,0.6944047109037522,0.5618261069052535,0.9075497808872146,154.44201800441442,307.16461409818413,4.712942543394941,3.1827862761447676,29.76346312903753,57.70712701830779,15.593396037399089,0.9075497808872146,0.04078573076035981,0.05166448835242562,0.0,0.1953947874221573,0.0,0.0,0.0,0.04520642730837242,0.01476128238640732,0.04755131852079649,0.4693242100407473,0.05627738909817791,0.3146767125394019,0.0005381717536711002
v1,1,0.7,14.452143649374724,26014,1.0,t1,h100,poisson,total,0.5,875.4276752021457,3.1946902925992617,shortest_queue,0.5258706850157607,1.4087020280021534,0.5192388642895093,0.4206618240516546,0.9715537787345275,13.388386045031439,26.62771754770809,4.641424313634976,4.275503484424348,26.24038689480915,29.76257516523457,23.412849159144855,0.9715537787345275,0.0012301068655339433,0.027216114399938495,0.0,0.0,0.0,0.0,0.30629660951795185,0.09195048819866226,0.046551856692550166,0.0,0.5279849311908972,0.0,0.0,0.0
v1,1,0.7,14.452143649374724,26014,1.0,t1,h100,poisson,total,0.5,875.4276752021457,3.1946902925992617,capacity_greedy,0.7186707157684323,1.9225295049982378,0.7097544794603997,0.6275992438563327,0.9797801183977858,69.12903924842976,137.48845643233707,4.706476790702781,2.175334566847347,19.849058592045544,29.71130670123021,15.211053068158236,0.9797801183977858,0.008226339663258246,0.007841931267778888,0.004151610671177058,0.021911278542323363,0.0,0.0,0.0,0.060428999769354966,0.024948104866610286,0.18186361190128392,0.5335204120857999,0.0518566925501653,0.13538863688782962,0.0
v1,1,0.7,14.452143649374724,26014,1.0,t1,h100,poisson,total,0.5,875.4276752021457,3.1946902925992617,batch_lp@2s,0.7166525716921658,5.375747660000343,0.7091769790150506,0.6313799621928167,0.9779349580994849,67.91344683148054,135.07080493776638,4.6816504765535845,3.2627611225000237,20.388329313834447,29.803849146548274,16.214021431184165,0.9779349580994849,0.008495425540093795,0.009148919812408703,0.004420696548012608,0.023717998001076344,0.0,0.0,0.0,0.061005612362574,0.024063965557007766,0.1799031290843392,0.5401706773275928,0.04789728607672791,0.13338971323133697,0.0
v1,1,0.7,14.452143649374724,26014,1.0,t1,h100,poisson,total,0.5,875.4276752021457,3.1946902925992617,A:knn_capacity_greedy,0.6801145537018528,4.330184911999822,0.666583058596978,0.6157375544849736,0.9328054124702083,155.87671650018274,310.01803841556983,4.698916024864314,2.2844098865440543,29.35020030206839,82.12252401511394,15.608905520834107,0.9328054124702083,0.04320750365187976,0.018874452218036443,0.0051126316598754514,0.024525255631582994,0.0,0.0,0.00046129007457522875,0.06546474975013454,0.032674713615745365,0.2523641116321981,0.3655723841008688,0.05420158376258938,0.19996924732836166,0.00530483585761513
v1,1,1.0,20.64591949910675,37163,1.0,t1,h100,poisson,total,0.1,250.1221929148988,5.427273206834798,oracle_unconstrained,0.9285041573608158,,,,,,,,,,,,,,,,,,,,,,,,,,
v1,1,1.0,20.64591949910675,37163,1.0,t1,h100,poisson,total,0.1,250.1221929148988,5.427273206834798,predictor_unconstrained,0.8138605602346419,,,,,,,,,,,,,,,,,,,,,,,,,,
v1,1,1.0,20.64591949910675,37163,1.0,t1,h100,poisson,total,0.1,250.1221929148988,5.427273206834798,fluid_ceiling,0.8921720051351476,,,,,,,,,,,,,,,,,,,,,,,,,,
v1,1,1.0,20.64591949910675,37163,1.0,t1,h100,poisson,total,0.1,250.1221929148988,5.427273206834798,random,0.1726582891585717,2.915636177000124,0.163738611506923,0.09620411410387544,0.3915722627344402,125.50579093986016,250.7117702972116,4.647473133241249,26.333235024581583,34.08592930020182,117.94155520074135,32.60739796439802,0.3915722627344402,0.029276430858649734,0.3845760568307187,0.19457524957619138,0.01660253477921589,0.0,1.0141000457444231,0.20891747167882033,0.062077873153405266,0.03207491322013831,0.026720124855366897,0.025697602454053763,0.010709576729542826,0.027554287866964455,0.027096843634798053
v1,1,1.0,20.64591949910675,37163,1.0,t1,h100,poisson,total,0.1,250.1221929148988,5.427273206834798,always_best_api,0.3658746602803864,3.0910655169973325,0.3095773245499754,0.10546653028753268,0.4147942846379463,119.89585030154558,239.50529019648,4.055835300296067,6.6784918200319225,17.689907889153822,25.385609549918733,8.05065791663688,0.4147942846379463,0.0022872211608320103,0.0,0.5829184942012217,1.8846433280413315,0.0,0.03581519253020477,0.0,0.0,0.0,0.0,0.0,0.0,0.41708150579877834,0.0
v1,1,1.0,20.64591949910675,37163,1.0,t1,h100,poisson,total,0.1,250.1221929148988,5.427273206834798,always_best_self,0.03707989128972365,2.924221375000343,0.03637456296801634,0.018752130923968633,0.06186260527944461,0.0,0.0,4.6659827300559735,29.82271500566594,30.00666489807965,30.022188196861965,83.73959008427278,0.06186260527944461,0.005166428975055835,0.35328148965368783,0.5796894760918118,0.0,2.027419745445739,0.0,0.0,0.06702903425450045,0.0,0.0,0.0,0.0,0.0,0.0
v1,1,1.0,20.64591949910675,37163,1.0,t1,h100,poisson,total,0.1,250.1221929148988,5.427273206834798,threshold,0.060584452277803194,2.925649610002438,0.05654474819883152,0.04015544041450777,0.0921077415709173,125.1937874336727,250.08850860713798,4.653953961702501,29.91066044895399,71.10185629969916,102.2515610355436,55.59052141623522,0.0921077415709173,0.054435863627801846,0.35460000538169684,0.498856389419584,0.0,1.7390684282754352,0.04079326211554503,0.0,0.0654145251997955,0.0,0.0,0.0,0.0,0.08112907999892366,0.0
v1,1,1.0,20.64591949910675,37163,1.0,t1,h100,poisson,total,0.1,250.1221929148988,5.427273206834798,static_qc,0.5799585609342626,2.3481585859990446,0.5673238508889594,0.3582501420339258,0.7685870354922907,94.87905523862537,189.531460858257,4.683303798937816,2.4039581270985764,29.560646538918398,42.80716658374664,14.552417443443119,0.7685870354922907,0.014369130586874041,0.14377203132147567,0.07327180259935957,0.27320184054032237,0.0,0.0,0.0,0.041169980894976185,0.014853483303285526,0.07631246131905389,0.4922369022952937,0.04649786077550252,0.11188547749105293,0.0
v1,1,1.0,20.64591949910675,37163,1.0,t1,h100,poisson,total,0.1,250.1221929148988,5.427273206834798,static_qc_fallback,0.6072168554745311,2.320181839997531,0.5972541330513831,0.3515948380813246,0.8134703872130883,119.67138632138449,239.05689844170345,4.664199048935469,2.3574445498532555,29.717244088671166,65.67863294101761,14.43978203631275,0.8134703872130883,0.021284611037860238,0.16223125151360224,0.0030137502354492373,0.1330893630761779,0.0,0.011678282162365794,0.0,0.04098162150526061,0.015714554799128165,0.10515835642978232,0.5007130748324947,0.04663240319672793,0.12437101418077119,0.001183973306783629
v1,1,1.0,20.64591949910675,37163,1.0,t1,h100,poisson,total,0.1,250.1221929148988,5.427273206834798,shortest_queue,0.4588569275892689,2.5711112800017872,0.44029906185027556,0.3808955563132174,0.7955493367058634,15.018003659453825,30.000131911011763,4.656403560835239,3.58746117712667,26.66874352749969,29.76003435680146,22.63242827159604,0.7955493367058634,0.0015606920862147836,0.026693216371121816,0.17619675483680006,0.699486047950919,0.0,0.0,0.21400317520114093,0.06299276161773808,0.03046040416543336,0.0,0.4896536878077658,0.0,0.0,0.0
v1,1,1.0,20.64591949910675,37163,1.0,t1,h100,poisson,total,0.1,250.1221929148988,5.427273206834798,capacity_greedy,0.6984366170653608,2.754915121000522,0.6686247984770978,0.6190476190476191,0.9667680219573231,80.88254083705579,161.57186730221613,4.680758460155826,2.00332683519855,19.17044941657487,29.344024790744616,13.972770825287967,0.9667680219573231,0.005785324112692732,0.014342222102628959,0.013104431827355165,0.07265290746172268,0.0,0.0,0.0,0.041761967548368,0.024325269757554557,0.26031267658692786,0.5010090681591906,0.04216559481204424,0.10131044318273552,0.0016683260231951135
v1,1,1.0,20.64591949910675,37163,1.0,t1,h100,poisson,total,0.1,250.1221929148988,5.427273206834798,batch_lp@2s,0.7045852057153621,6.7828818159978255,0.6853050119644348,0.6234071909747585,0.9721228103220946,88.22486118316556,176.2389684636637,4.696298681915255,2.982776900942838,20.316573826066996,29.57873308978404,14.711831388267456,0.9721228103220946,0.006861663482496031,0.015284019051206845,0.005731507144202567,0.05139520490810753,0.0,0.0,0.0,0.04305357479213196,0.026343406075935744,0.3147754486989748,0.43640179748674757,0.037052982805478564,0.12092672819740063,0.0004305357479213196
v1,1,1.0,20.64591949910675,37163,1.0,t1,h100,poisson,total,0.1,250.1221929148988,5.427273206834798,A:knn_capacity_greedy,0.6465032424723516,4.990826302000642,0.633889582052671,0.5733300868436003,0.9354734547802922,125.18034765766424,250.06166116041666,4.604830147684481,1.9596243249198437,26.000050464425588,51.306174843818106,14.550692401370668,0.9354734547802922,0.02031590560503727,0.027904098162150524,0.01630654145251998,0.020154454699566775,0.045475338374189385,0.0,0.061943330732179856,0.047009121976159085,0.02400236794661357,0.2709953448322256,0.4116729004655168,0.039851465166967144,0.09724726206172807,0.003067567203939402
v1,1,1.0,20.64591949910675,37163,1.0,t1,h100,poisson,total,0.5,1250.610964574494,3.1946902925992617,oracle_unconstrained,0.9285041573608158,,,,,,,,,,,,,,,,,,,,,,,,,,
v1,1,1.0,20.64591949910675,37163,1.0,t1,h100,poisson,total,0.5,1250.610964574494,3.1946902925992617,predictor_unconstrained,0.8138605602346419,,,,,,,,,,,,,,,,,,,,,,,,,,
v1,1,1.0,20.64591949910675,37163,1.0,t1,h100,poisson,total,0.5,1250.610964574494,3.1946902925992617,fluid_ceiling,0.8921720051351476,,,,,,,,,,,,,,,,,,,,,,,,,,
v1,1,1.0,20.64591949910675,37163,1.0,t1,h100,poisson,total,0.5,1250.610964574494,3.1946902925992617,random,0.4385679304684767,3.120642723999481,0.40720337913072197,0.3292517006802721,0.7091731022791486,541.053913174941,1080.815342324111,4.8936900238366885,2.4264402546675683,77.72238654954313,137.4137333153928,15.852499752774207,0.7091731022791486,0.10776847940155532,0.18047520383176816,0.0025832144875279177,0.1189893173317547,0.0,0.0,0.14207679681403546,0.06382692462933563,0.032128730188628475,0.14145790167639857,0.1387939617361354,0.04515243656324839,0.1283265613647983,0.12517826870812368
v1,1,1.0,20.64591949910675,37163,1.0,t1,h100,poisson,total,0.5,1250.610964574494,3.1946902925992617,always_best_api,0.3666146435971262,5.5852597699995385,0.3115970007409312,0.1082509376065462,0.4157898985550144,119.68953649449395,239.09315543030453,4.060667327354005,6.703048872559748,17.90734071732515,25.227672808702025,8.091503465015649,0.4157898985550144,0.0018028684444205258,0.0,0.5824072330005651,1.92497914592471,0.0,0.0,0.0,0.0,0.0,0.0,0.0,0.0,0.41759276699943493,0.0
v1,1,1.0,20.64591949910675,37163,1.0,t1,h100,poisson,total,0.5,1250.610964574494,3.1946902925992617,always_best_self,0.03707989128972365,2.639933294001821,0.03637456296801634,0.018752130923968633,0.06186260527944461,0.0,0.0,4.6659827300559735,29.82271500566594,30.00666489807965,30.022188196861965,83.73959008427278,0.06186260527944461,0.005166428975055835,0.35328148965368783,0.5796894760918118,0.0,2.027419745445739,0.0,0.0,0.06702903425450045,0.0,0.0,0.0,0.0,0.0,0.0
v1,1,1.0,20.64591949910675,37163,1.0,t1,h100,poisson,total,0.5,1250.610964574494,3.1946902925992617,threshold,0.22693270188090306,2.44937093399858,0.1719188876221743,0.0761904761904762,0.2960202351801523,132.47997947200201,264.64348723382403,4.642213142024479,13.655841813122152,30.65230927652822,44.027221086256624,17.226506278602983,0.2960202351801523,0.023760191588407826,0.35446546296047143,0.32575411027096846,0.7820950945833222,0.44549686516158543,0.0,0.0,0.05949465866587735,0.0,0.0,0.0,0.0,0.2602857681026828,0.0
v1,1,1.0,20.64591949910675,37163,1.0,t1,h100,poisson,total,0.5,1250.610964574494,3.1946902925992617,static_qc,0.612410192933832,2.6107082839989744,0.6028224257571392,0.34196891191709844,0.7597072356914135,146.36427379238194,292.37890870181013,4.676511052841261,3.28886269816212,26.446869068484148,37.23873288463366,13.646991770584009,0.7597072356914135,0.015068751177246186,0.014126954228668298,0.21109705890267202,0.730484621801254,0.0,0.0,0.0,0.03307052713720636,0.013857869386217475,0.018674488066087236,0.38245028657535723,0.047116755913139415,0.279606059790652,0.0
v1,1,1.0,20.64591949910675,37163,1.0,t1,h100,poisson,total,0.5,1250.610964574494,3.1946902925992617,static_qc_fallback,0.6677743992680892,2.4552211810005247,0.647565325796379,0.526824121418716,0.8763016979253558,164.34036433525216,328.2881480227713,4.678188264592357,3.0016451892122404,29.13389120587253,40.996321682938664,13.826730689736593,0.8763016979253558,0.021688238301536475,0.09030487312649678,0.011705190646610877,0.33202378710007263,0.0,0.0,0.0,0.031025482334580093,0.01415386271291338,0.06670613244355945,0.460350348464871,0.045529155342679546,0.2752737938271937,0.0049511611010951756
v1,1,1.0,20.64591949910675,37163,1.0,t1,h100,poisson,total,0.5,1250.610964574494,3.1946902925992617,shortest_queue,0.4588569275892689,2.3834926550007367,0.44029906185027556,0.3808955563132174,0.7955493367058634,15.018003659453825,30.000131911011763,4.656403560835239,3.58746117712667,26.66874352749969,29.76003435680146,22.63242827159604,0.7955493367058634,0.0015606920862147836,0.026693216371121816,0.17619675483680006,0.699486047950919,0.0,0.0,0.21400317520114093,0.06299276161773808,0.03046040416543336,0.0,0.4896536878077658,0.0,0.0,0.0
v1,1,1.0,20.64591949910675,37163,1.0,t1,h100,poisson,total,0.5,1250.610964574494,3.1946902925992617,capacity_greedy,0.7038183139143772,2.703986859996803,0.6783161990042205,0.6311987663339015,0.9646960686704518,102.8660334857359,205.48633784570953,4.678773820450331,2.1766641395742283,20.545791572041473,32.23804312999272,14.39495604817202,0.9646960686704518,0.010736485213787908,0.010790302182278073,0.013777143933482228,0.07601646799235799,0.0,0.0,0.0,0.04133143180044668,0.02688157576083739,0.23593358986088314,0.48198476979791727,0.04063181121007454,0.14683959852541506,0.0018297769286656084
v1,1,1.0,20.64591949910675,37163,1.0,t1,h100,poisson,total,0.5,1250.610964574494,3.1946902925992617,batch_lp@2s,0.7098592686273982,6.540081495997583,0.6894106403734422,0.6303972366148531,0.9709388370153109,110.0881630827771,219.91334462388858,4.684113977966556,3.1627346743303413,22.14058758222668,33.08597859718422,15.073172257666727,0.9709388370153109,0.012081909426042032,0.011113203993219061,0.0058660495654279795,0.05276753760460673,0.0,0.0,0.0,0.0449909856577779,0.027285203024513628,0.29260285768102684,0.41059656109571346,0.033689422274843256,0.17234884158975325,0.0015068751177246186
v1,1,1.0,20.64591949910675,37163,1.0,t1,h100,poisson,total,0.5,1250.610964574494,3.1946902925992617,A:knn_capacity_greedy,0.6798832171783763,4.744555629000388,0.6693335696994619,0.6053540587219344,0.9359039905282135,183.22006534764296,366.00244971397126,4.6679861915496055,2.174239888214288,27.69197409707192,63.98938403384209,14.783512076645593,0.9359039905282135,0.034981029518607216,0.016710168716196218,0.01240481123698302,0.05847213626456422,0.0,0.0,0.00029599332669590723,0.043968463256464765,0.02166132981729139,0.27430508839437073,0.38976939429001967,0.04173505906412292,0.19261093022630035,0.006538761671555041
v1,1,1.3,26.839695348838777,48311,1.0,t1,h100,poisson,total,0.1,325.15885078936844,5.427273206834798,oracle_unconstrained,0.9284841961458054,,,,,,,,,,,,,,,,,,,,,,,,,,
v1,1,1.3,26.839695348838777,48311,1.0,t1,h100,poisson,total,0.1,325.15885078936844,5.427273206834798,predictor_unconstrained,0.8164600194572664,,,,,,,,,,,,,,,,,,,,,,,,,,
v1,1,1.3,26.839695348838777,48311,1.0,t1,h100,poisson,total,0.1,325.15885078936844,5.427273206834798,fluid_ceiling,0.8890520699747796,,,,,,,,,,,,,,,,,,,,,,,,,,
v1,1,1.3,26.839695348838777,48311,1.0,t1,h100,poisson,total,0.1,325.15885078936844,5.427273206834798,random,0.15494400861087537,3.4776619549993484,0.14405634666632242,0.09588011670055697,0.32872430709362255,162.76541130316218,325.907064385457,4.676859449495114,29.288505471049348,43.04561682537284,123.44027832563104,34.100672038702896,0.32872430709362255,0.03208379044110037,0.446647761379396,0.19254414108588105,0.022603547846246196,0.0,0.9944940075759144,0.16263376870691976,0.04990581855064064,0.02537724327792842,0.02817163792925007,0.02844072778456252,0.009252551178820559,0.0285235246631202,0.028502825443480782
v1,1,1.3,26.839695348838777,48311,1.0,t1,h100,poisson,total,0.1,325.15885078936844,5.427273206834798,always_best_api,0.28200616836745257,4.033284797998931,0.23708603648499693,0.07894969498718062,0.3188093808863406,119.37987600784982,239.03570558951,4.048142951193139,6.757164538731331,17.755998545546163,25.895054485783966,8.122685688940464,0.3188093808863406,0.001676636790792987,0.0,0.6795139823228664,2.263770155865124,0.0,0.0,0.0,0.0,0.0,0.0,0.0,0.0,0.3204860176771336,0.0
v1,1,1.3,26.839695348838777,48311,1.0,t1,h100,poisson,total,0.1,325.15885078936844,5.427273206834798,always_best_self,0.028885761006810045,3.8164178780025395,0.029125915654173735,0.012598355583060737,0.0480635880027323,0.0,0.0,4.646045455418969,29.77206703187403,30.00695983702319,30.019793292267945,83.43225084792249,0.0480635880027323,0.003684461095816688,0.27142886713170916,0.6768230837697419,0.0,2.261306948728033,0.0,0.0,0.051748049098548986,0.0,0.0,0.0,0.0,0.0,0.0
v1,1,1.3,26.839695348838777,48311,1.0,t1,h100,poisson,total,0.1,325.15885078936844,5.427273206834798,threshold,0.05262776593322432,3.9175398769984895,0.048910552333256384,0.03100104983634904,0.07998178468671731,141.4196713133715,283.1662424779662,4.646008105079694,29.862583025657727,65.9331787219017,92.75548675097578,48.106901747258576,0.07998178468671731,0.04748400985282855,0.2749477344704105,0.5975864709900437,0.05425265467491876,1.9794456748980565,0.0,0.0,0.047939392684895776,0.0,0.0,0.0,0.0,0.07952640185465008,0.0
v1,1,1.3,26.839695348838777,48311,1.0,t1,h100,poisson,total,0.1,325.15885078936844,5.427273206834798,static_qc,0.4862971165987042,3.4651179899992712,0.4532651816729553,0.30809609090347684,0.6447392933286415,119.4264167793408,239.1288947142105,4.697193515556423,2.4591729189062335,29.696959844224875,64.56293826258417,14.10425343169345,0.6447392933286415,0.01422036389228126,0.1559272215437478,0.18511312123532941,0.7062573740969965,0.0,0.0,0.0,0.031235122435884166,0.014675746724348493,0.07602823373558817,0.3845708016807766,0.03916292355778187,0.11328682908654343,0.0
v1,1,1.3,26.839695348838777,48311,1.0,t1,h100,poisson,total,0.1,325.15885078936844,5.427273206834798,static_qc_fallback,0.5218687255490468,3.325558696000371,0.4816764381111717,0.2971036867782375,0.7002752996212043,162.6982754470082,325.7726374846863,4.672760643698263,2.303290433954885,29.879396772277868,69.64529621995273,14.094172902704543,0.7002752996212043,0.024921860445861192,0.20183809070398046,0.07296474922895407,0.24876322162654468,0.005133406470576059,0.2474177723499824,0.0,0.03125582165552359,0.02103040715365031,0.13050857982654054,0.37001925027426463,0.037569083645546564,0.1303636852890646,0.004450332222475212
v1,1,1.3,26.839695348838777,48311,1.0,t1,h100,poisson,total,0.1,325.15885078936844,5.427273206834798,shortest_queue,0.3564612614104448,3.670806651000021,0.33888062869496727,0.2897406989853439,0.614083749042661,15.030728632780665,30.09620167493663,4.6670923308175105,3.6432223243056114,27.462603715009365,29.919900726904388,22.361172953888172,0.614083749042661,0.0019043282068266026,0.032497774833888764,0.35151414791662355,1.2690898553124548,0.0,0.0,0.16520047194220777,0.048767361470472566,0.024218086978120924,0.0,0.3778021568586864,0.0,0.0,0.0
v1,1,1.3,26.839695348838777,48311,1.0,t1,h100,poisson,total,0.1,325.15885078936844,5.427273206834798,capacity_greedy,0.6943760220239696,3.4831655230009346,0.6454657958640724,0.5276211950394588,0.9717041667529134,125.95622695861675,252.20360911135197,4.678792114859293,1.707918096530932,19.339945360769583,29.71115685050222,13.076305435071049,0.9717041667529134,0.007948500341537124,0.013578688083459254,0.006768644822090207,0.04632485355302105,0.0,0.0,0.0,0.032828962348119474,0.019664258657448613,0.37716048104986444,0.3845087040218584,0.03628573202790255,0.12160791538159012,0.007596613607666991
v1,1,1.3,26.839695348838777,48311,1.0,t1,h100,poisson,total,0.1,325.15885078936844,5.427273206834798,batch_lp@2s,0.7044461923785473,7.853091646000394,0.6679946094715028,0.6104324859689667,0.9726770300759662,125.76034577201608,251.81139394731775,4.676747723614164,2.767744338463217,20.06692740679261,29.875599464362228,14.114345911550913,0.9726770300759662,0.008983461323508104,0.013889176378050547,0.004450332222475212,0.04168822835379106,0.0,0.0,0.0,0.03305665376415309,0.02088551261617437,0.41516424830783877,0.33617602616381365,0.028792614518432656,0.14710935397735506,0.00047608205170665064
v1,1,1.3,26.839695348838777,48311,1.0,t1,h100,poisson,total,0.1,325.15885078936844,5.427273206834798,A:knn_capacity_greedy,0.6073151042205709,5.771459499999764,0.5735581799457767,0.5107102593010147,0.8730723851710791,162.58093784183075,325.5376910415862,4.649595934064747,1.8968784615769323,28.03543793593636,60.952799917775714,14.275953782741908,0.8730723851710791,0.02142369232679928,0.039287118875618386,0.06621680362650328,0.05866158845811513,0.1908675042950881,0.0,0.04709072467967958,0.034588396017470144,0.01887768831115067,0.29773757529341144,0.3614290741239055,0.029951770818240152,0.10171596530810788,0.003104882945912939
v1,1,1.3,26.839695348838777,48311,1.0,t1,h100,poisson,total,0.5,1625.7942539468422,3.1946902925992617,oracle_unconstrained,0.9284841961458054,,,,,,,,,,,,,,,,,,,,,,,,,,
v1,1,1.3,26.839695348838777,48311,1.0,t1,h100,poisson,total,0.5,1625.7942539468422,3.1946902925992617,predictor_unconstrained,0.8164600194572664,,,,,,,,,,,,,,,,,,,,,,,,,,
v1,1,1.3,26.839695348838777,48311,1.0,t1,h100,poisson,total,0.5,1625.7942539468422,3.1946902925992617,fluid_ceiling,0.8890520699747796,,,,,,,,,,,,,,,,,,,,,,,,,,
v1,1,1.3,26.839695348838777,48311,1.0,t1,h100,poisson,total,0.5,1625.7942539468422,3.1946902925992617,random,0.426248680424748,2.7885049510005047,0.393949340258678,0.29988726042841035,0.6887044358427687,546.6758041658613,1094.6152814642471,4.661570766636716,2.570962114929216,64.63725592181146,129.1189771511191,14.779444439122472,0.6887044358427687,0.08360414812361575,0.221005568090083,0.006685847943532529,0.18840429715799714,0.0,0.0,0.14905508062346048,0.04866386537227547,0.024135290099563247,0.14897228374490282,0.14686096334168203,0.03723789613131585,0.12127672786735941,0.09610647678582518
v1,1,1.3,26.839695348838777,48311,1.0,t1,h100,poisson,total,0.5,1625.7942539468422,3.1946902925992617,always_best_api,0.28200616836745257,4.020207479999954,0.23708603648499693,0.07894969498718062,0.3188093808863406,119.37987600784982,239.03570558951,4.048142951193139,6.757164538731331,17.755998545546163,25.895054485783966,8.122685688940464,0.3188093808863406,0.001676636790792987,0.0,0.6795139823228664,2.263770155865124,0.0,0.0,0.0,0.0,0.0,0.0,0.0,0.0,0.3204860176771336,0.0
v1,1,1.3,26.839695348838777,48311,1.0,t1,h100,poisson,total,0.5,1625.7942539468422,3.1946902925992617,always_best_self,0.028885761006810045,3.836449915997946,0.029125915654173735,0.012598355583060737,0.0480635880027323,0.0,0.0,4.646045455418969,29.77206703187403,30.00695983702319,30.019793292267945,83.43225084792249,0.0480635880027323,0.003684461095816688,0.27142886713170916,0.6768230837697419,0.0,2.261306948728033,0.0,0.0,0.051748049098548986,0.0,0.0,0.0,0.0,0.0,0.0
v1,1,1.3,26.839695348838777,48311,1.0,t1,h100,poisson,total,0.5,1625.7942539468422,3.1946902925992617,threshold,0.20117571567551903,3.6185738909989595,0.14681123655049222,0.06200676437429538,0.2582434642213989,129.47524519602302,259.2497800028802,4.673203211821771,11.482085582507608,29.990829062362764,37.0560019484157,14.483383621770002,0.2582434642213989,0.011632961437353812,0.2768727618968765,0.4532508124443708,0.8759702759205978,0.7593301732524684,0.0,0.0,0.04328206826602637,0.0,0.0,0.0,0.0,0.2265943573927263,0.0
v1,1,1.3,26.839695348838777,48311,1.0,t1,h100,poisson,total,0.5,1625.7942539468422,3.1946902925992617,static_qc,0.569011198277825,3.7076689260029525,0.5314856307327599,0.29580719709475073,0.6982467760965412,141.4839236525131,283.29489567929375,4.672302713309396,3.2622329614969203,23.48788933656552,29.91391786989682,12.548860257613853,0.6982467760965412,0.00610626979362878,0.022230961892736645,0.2734159922170934,0.9471962906998406,0.0,0.0,0.0,0.02692968475088489,0.013413094326343897,0.017180352300718262,0.35836558961727144,0.03885243526319058,0.24961188963176087,0.0
v1,1,1.3,26.839695348838777,48311,1.0,t1,h100,poisson,total,0.5,1625.7942539468422,3.1946902925992617,static_qc_fallback,0.6230672103661692,3.6257790609997755,0.5585876098750573,0.3641488162344983,0.8149903748628676,198.68114400582635,397.8215511100122,4.671964182436092,2.979006459244374,25.887825945336374,36.47355586566802,12.899999789986964,0.8149903748628676,0.014365258429757197,0.12667922419324792,0.04396514251412722,0.5620666100887997,0.0,0.0,0.0,0.02500465732441887,0.015151828776055143,0.09252551178820559,0.3845294032414978,0.04017718532011343,0.2515576162778663,0.02040943056446772
v1,1,1.3,26.839695348838777,48311,1.0,t1,h100,poisson,total,0.5,1625.7942539468422,3.1946902925992617,shortest_queue,0.3564612614104448,3.7297655910006142,0.33888062869496727,0.2897406989853439,0.614083749042661,15.030728632780665,30.09620167493663,4.6670923308175105,3.6432223243056114,27.462603715009365,29.919900726904388,22.361172953888172,0.614083749042661,0.0019043282068266026,0.032497774833888764,0.35151414791662355,1.2690898553124548,0.0,0.0,0.16520047194220777,0.048767361470472566,0.024218086978120924,0.0,0.3778021568586864,0.0,0.0,0.0
v1,1,1.3,26.839695348838777,48311,1.0,t1,h100,poisson,total,0.5,1625.7942539468422,3.1946902925992617,capacity_greedy,0.6973463600422264,3.602550384999631,0.6525084868821635,0.5434047350620068,0.9639005609488522,166.0172656607465,332.418289952389,4.667987985844758,1.9647038330028863,21.78798896399739,36.50366276619399,13.643606711579082,0.9639005609488522,0.014737844383266752,0.012067645049781623,0.009293949618099397,0.060358924468547535,0.0,0.0,0.0,0.032911759226677155,0.019229575045020802,0.3273995570366997,0.38448800480221895,0.03423650928360001,0.16760158142038045,0.01277141851752189
v1,1,1.3,26.839695348838777,48311,1.0,t1,h100,poisson,total,0.5,1625.7942539468422,3.1946902925992617,batch_lp@2s,0.7044254931589079,8.149173336998501,0.6711378747936197,0.6110927698910531,0.9665293618430585,157.52817773145398,315.4204910699677,4.665897346030672,2.9791794990778158,21.730508498918958,35.75294727417307,14.266206129095849,0.9665293618430585,0.014655047504709072,0.013889176378050547,0.0049264142741818635,0.04334416592494463,0.0,0.0,0.0,0.03494028275134028,0.021734180621390573,0.37867152408354204,0.3216451739769411,0.024714868249466997,0.19736705926186582,0.0021113204032207986
v1,1,1.3,26.839695348838777,48311,1.0,t1,h100,poisson,total,0.5,1625.7942539468422,3.1946902925992617,A:knn_capacity_greedy,0.6765539939144294,5.831936403999862,0.6344548734316936,0.5388951521984217,0.9355633292624868,193.05388118441806,386.5540177196734,4.665247234304352,1.9646023573538969,24.740508850909507,43.75496740130779,13.9448523034564,0.9355633292624868,0.023700606487135435,0.014903438140382107,0.025832626109995652,0.12448510691146944,0.0,0.0,0.0005381797106249095,0.033884622549729876,0.016269586636583802,0.32518474053528185,0.36641758605700564,0.033429239717662644,0.17565357786011468,0.007886402682618865
v1,2,0.3,6.193775849732025,11149,1.0,t1,h100,poisson,total,0.1,75.03665787446963,5.438216687965905,oracle_unconstrained,0.9299488743385057,,,,,,,,,,,,,,,,,,,,,,,,,,
v1,2,0.3,6.193775849732025,11149,1.0,t1,h100,poisson,total,0.1,75.03665787446963,5.438216687965905,predictor_unconstrained,0.8133016414028164,,,,,,,,,,,,,,,,,,,,,,,,,,
v1,2,0.3,6.193775849732025,11149,1.0,t1,h100,poisson,total,0.1,75.03665787446963,5.438216687965905,fluid_ceiling,0.89215,,,,,,,,,,,,,,,,,,,,,,,,,,
v1,2,0.3,6.193775849732025,11149,1.0,t1,h100,poisson,total,0.1,75.03665787446963,5.438216687965905,random,0.30576733339312945,0.8295771470002364,0.3005204743691801,0.15181268882175228,0.6346757556731546,37.572312559921556,75.61073979818089,4.66934160017697,0.4909332145441567,29.92341816249468,89.67311292560038,25.533428915196055,0.6346757556731546,0.026100995604986993,0.14656022961700602,0.19266301910485245,0.0003587765718898556,0.0,1.0,0.216162884563638,0.2104224594134003,0.09821508655484797,0.028612431608215985,0.02663916046282178,0.026818548748766706,0.026190689747959458,0.027715490178491346
v1,2,0.3,6.193775849732025,11149,1.0,t1,h100,poisson,total,0.1,75.03665787446963,5.438216687965905,always_best_api,0.06960265494663198,0.8803374130002339,0.06520753121983247,0.033987915407854986,0.08054534038927258,37.58945901202969,75.64524541789068,3.9762302396238813,15.521554689858021,91.5519358020687,230.31824875410555,19.12615116392351,0.08054534038927258,0.03381469190061889,0.0,0.8856399677101086,0.054354650641313125,0.0,2.636379944389631,0.0,0.0,0.0,0.0,0.0,0.0,0.11436003228989147,0.0
v1,2,0.3,6.193775849732025,11149,1.0,t1,h100,poisson,total,0.1,75.03665787446963,5.438216687965905,always_best_self,0.11906897479594583,0.3920077250004397,0.12381867087247504,0.051170694864048336,0.2042335635483003,0.0,0.0,4.643697779729998,29.858748008139628,30.006891786913684,30.020459201933264,85.4964072495543,0.2042335635483003,0.01722127545071307,0.7785451610009866,0.0,0.0,0.0,0.0,0.0,0.22145483899901336,0.0,0.0,0.0,0.0,0.0,0.0
v1,2,0.3,6.193775849732025,11149,1.0,t1,h100,poisson,total,0.1,75.03665787446963,5.438216687965905,threshold,0.14369001704188716,0.4338909889993374,0.14315777672057783,0.12552891396332863,0.2278231231500583,37.58507384872064,75.6364206898039,4.653986863088106,29.84913039137166,56.238757149737836,91.5473685894944,67.79813170219245,0.2278231231500583,0.06377253565342184,0.6912727598887792,0.017131581307740604,0.0,0.0,0.05363709749753341,0.0,0.20818010583908872,0.0,0.0,0.0,0.0,0.08341555296439143,0.0
v1,2,0.3,6.193775849732025,11149,1.0,t1,h100,poisson,total,0.1,75.03665787446963,5.438216687965905,static_qc,0.6772356265135887,0.6186245169992617,0.6780223647711704,0.5763831544178365,0.9022333841600143,36.96602413607616,74.39064145621927,4.671332402822629,2.499308323942671,28.433417971744174,35.91552381303873,16.856781147865945,0.9022333841600143,0.012467485873172483,0.03291775047089425,0.052381379495918916,0.04188716476814064,0.0,0.131671001883577,0.0,0.12584088259036685,0.02367925374473047,0.05552067449995515,0.4638084133106108,0.09911202798457261,0.14673961790295093,0.0
v1,2,0.3,6.193775849732025,11149,1.0,t1,h100,poisson,total,0.1,75.03665787446963,5.438216687965905,static_qc_fallback,0.6808682393039734,0.6345284790004371,0.6952456056574493,0.5697770437654831,0.909319221454839,37.15755316665491,74.77607558864835,4.657968056611092,2.473087222673513,28.871572621049022,35.82901380852524,16.749023736798733,0.909319221454839,0.0129159565880348,0.0432325769127276,0.0345322450443986,0.0129159565880348,0.0,0.13256794331330163,0.0,0.12575118844739439,0.02924029060902323,0.05632792178670733,0.46542290788411517,0.09884294555565522,0.14664992375997848,0.0
v1,2,0.3,6.193775849732025,11149,1.0,t1,h100,poisson,total,0.1,75.03665787446963,5.438216687965905,shortest_queue,0.354605794241636,0.5572807750031643,0.3462808806892401,0.11272658610271903,0.9998206117140551,0.1547635000824812,0.31144696553691886,4.538955991234955,1.4923111618161329,13.262189163334389,18.00607917287191,13.890667133869101,0.9998206117140551,0.0,0.0001793882859449278,0.0,0.0,0.0,0.0,0.6728854605794241,0.21705982599336263,0.09328190869136245,0.0,0.01659341644990582,0.0,0.0,0.0
v1,2,0.3,6.193775849732025,11149,1.0,t1,h100,poisson,total,0.1,75.03665787446963,5.438216687965905,capacity_greedy,0.73589559601758,0.7553038990008645,0.7344305613884906,0.6507018992568125,0.9885191496995246,29.109186772446265,58.57949635859941,4.654000802639867,2.3795118076632775,19.638229693002756,28.405811674278805,16.895085393119416,0.9885191496995246,0.004036236433760876,0.00529195443537537,0.0021526594313391336,0.010852991299668132,0.0,0.0,0.0,0.12485424701766974,0.04251502376894789,0.07543277423984214,0.5150237689478877,0.09956049869943492,0.1351690734595031,0.0
v1,2,0.3,6.193775849732025,11149,1.0,t1,h100,poisson,total,0.1,75.03665787446963,5.438216687965905,batch_lp@2s,0.7370167728047359,3.2052511670008244,0.7351485304448389,0.6551059730250481,0.9891470087003319,29.13345746017876,58.628338831416,4.669639552671229,3.4384210804768136,20.189071697399363,28.349591389758864,17.916999444942576,0.9891470087003319,0.004036236433760876,0.00484348372051305,0.0019732711453942058,0.012557180016144946,0.0,0.0,0.0,0.12736568302089873,0.04045205848058122,0.07498430352497983,0.5163691810924746,0.09857386312673783,0.13543815588842048,0.0
v1,2,0.3,6.193775849732025,11149,1.0,t1,h100,poisson,total,0.1,75.03665787446963,5.438216687965905,A:knn_capacity_greedy,0.6783119562292582,2.9490157260006526,0.676613146685279,0.593999449490779,0.9652883666696565,37.149391468548856,74.75965094002382,4.630261152626261,1.9473225702472519,25.15940778558579,43.57935143116007,17.14420065126592,0.9652883666696565,0.018028522737465243,0.01587586330612611,0.000807247286752175,0.0032289891470087,0.0,0.0,0.030675396896582652,0.15409453762669298,0.07893084581576823,0.19947977397075972,0.3284599515651628,0.09032200197327114,0.0981253924118755,0.0032289891470087
v1,2,0.3,6.193775849732025,11149,1.0,t1,h100,poisson,total,0.5,375.18328937234816,3.1315309607962263,oracle_unconstrained,0.9299488743385057,,,,,,,,,,,,,,,,,,,,,,,,,,
v1,2,0.3,6.193775849732025,11149,1.0,t1,h100,poisson,total,0.5,375.18328937234816,3.1315309607962263,predictor_unconstrained,0.8133016414028164,,,,,,,,,,,,,,,,,,,,,,,,,,
v1,2,0.3,6.193775849732025,11149,1.0,t1,h100,poisson,total,0.5,375.18328937234816,3.1315309607962263,fluid_ceiling,0.89215,,,,,,,,,,,,,,,,,,,,,,,,,,
v1,2,0.3,6.193775849732025,11149,1.0,t1,h100,poisson,total,0.5,375.18328937234816,3.1315309607962263,random,0.5308099381110414,0.5769857960003719,0.5045798486961489,0.3995468277945619,0.8563996771010853,176.60376011046174,355.39843153908754,4.736158386913588,1.2975047527794459,76.6891951110053,141.21117613700184,17.032847567696052,0.8563996771010853,0.10942685442640596,0.03381469190061889,0.0003587765718898556,0.023410171315813078,0.0,0.0,0.12530271773253207,0.12682751816306395,0.09982958112835232,0.12664812987711901,0.13283702574221903,0.10269979370347117,0.12494394116064221,0.12673782402009148
v1,2,0.3,6.193775849732025,11149,1.0,t1,h100,poisson,total,0.5,375.18328937234816,3.1315309607962263,always_best_api,0.5369988339761413,0.6948371379985474,0.4910034308081619,0.26435045317220546,0.6264238945196878,132.11483777215471,265.8686660912342,4.130079571463433,10.938231560552026,45.199663535681225,68.95971985027217,13.38140185193356,0.6264238945196878,0.10431428827697552,0.0,0.26926181720333664,0.9522827159386492,0.0,0.0,0.0,0.0,0.0,0.0,0.0,0.0,0.7307381827966634,0.0
v1,2,0.3,6.193775849732025,11149,1.0,t1,h100,poisson,total,0.5,375.18328937234816,3.1315309607962263,always_best_self,0.11906897479594583,0.40685239099911996,0.12381867087247504,0.051170694864048336,0.2042335635483003,0.0,0.0,4.643697779729998,29.858748008139628,30.006891786913684,30.020459201933264,85.4964072495543,0.2042335635483003,0.01722127545071307,0.7785451610009866,0.0,0.0,0.0,0.0,0.0,0.22145483899901336,0.0,0.0,0.0,0.0,0.0,0.0
v1,2,0.3,6.193775849732025,11149,1.0,t1,h100,poisson,total,0.5,375.18328937234816,3.1315309607962263,threshold,0.3500313929500404,0.5302050850004889,0.3100172355548622,0.2397743300423131,0.4757377343259485,138.7203074778663,279.16155165335647,4.642859400631881,29.00560012603023,64.83998449867975,111.00661663856049,39.77138946608055,0.4757377343259485,0.1587586330612611,0.32307830298681495,0.04242532962597542,0.16118037492151763,0.0,0.0,0.0,0.20306753968965827,0.0,0.0,0.0,0.0,0.43142882769755136,0.0
v1,2,0.3,6.193775849732025,11149,1.0,t1,h100,poisson,total,0.5,375.18328937234816,3.1315309607962263,static_qc,0.6923939366759351,0.6013051219997578,0.691066750822614,0.5430183356840621,0.8624091846802404,150.82305647235626,303.51719395260665,4.735150829225175,3.1598837180761166,68.66747627387235,163.25464595300053,16.984517834656117,0.8624091846802404,0.11086196071396538,0.0,0.02672885460579424,0.09283343797650014,0.0,0.0,0.0,0.08637545968248274,0.0033186832899811643,0.01811821688043771,0.36281280832361645,0.09848416898376536,0.40416180823392234,0.0
v1,2,0.3,6.193775849732025,11149,1.0,t1,h100,poisson,total,0.5,375.18328937234816,3.1315309607962263,static_qc_fallback,0.7059825993362634,0.5987886459988658,0.7061887464593282,0.5851913019543077,0.8886895685711723,151.26987299464963,304.4163701145949,4.735946612247998,3.038019969258926,67.52298684073367,161.4539669065169,17.479488431549044,0.8886895685711723,0.1113104314288277,0.0,0.0,0.029868149609830478,0.0,0.0,0.0,0.09005291954435375,0.0037671540048434837,0.020629652883666697,0.3780608126289353,0.09884294555565522,0.40828773881065566,0.0003587765718898556
v1,2,0.3,6.193775849732025,11149,1.0,t1,h100,poisson,total,0.5,375.18328937234816,3.1315309607962263,shortest_queue,0.354605794241636,0.5555752670006768,0.3462808806892401,0.11272658610271903,0.9998206117140551,0.1547635000824812,0.31144696553691886,4.538955991234955,1.4923111618161329,13.262189163334389,18.00607917287191,13.890667133869101,0.9998206117140551,0.0,0.0001793882859449278,0.0,0.0,0.0,0.0,0.6728854605794241,0.21705982599336263,0.09328190869136245,0.0,0.01659341644990582,0.0,0.0,0.0
v1,2,0.3,6.193775849732025,11149,1.0,t1,h100,poisson,total,0.5,375.18328937234816,3.1315309607962263,capacity_greedy,0.7363889138039286,0.7698352719999093,0.7334995183361733,0.6548307184145334,0.9784734056866087,40.416431727710005,81.33426171362618,4.639902452286381,2.465840826410613,21.32768523774538,41.71043974143755,17.276736753864498,0.9784734056866087,0.013992286303704369,0.0039465422907884115,0.003587765718898556,0.014799533590456543,0.0,0.0,0.0,0.12727598887792627,0.03291775047089425,0.07919992824468562,0.4797739707597094,0.09929141627051753,0.17400663736657995,0.0
v1,2,0.3,6.193775849732025,11149,1.0,t1,h100,poisson,total,0.5,375.18328937234816,3.1315309607962263,batch_lp@2s,0.7352677370167728,3.3468751379987225,0.7321632410951651,0.6551059730250481,0.9821508655484796,35.602027314002044,71.64572633727599,4.673087940342628,3.519270663697398,21.29736968178986,29.91407525982003,17.788305697253236,0.9821508655484796,0.009597273298053637,0.004574401291595659,0.00367745986187102,0.020181182168804376,0.0,0.0,0.0,0.12503363530361467,0.032020809041169614,0.08027625796035519,0.4909857386312674,0.09830478069782043,0.16512691721230605,0.0
v1,2,0.3,6.193775849732025,11149,1.0,t1,h100,poisson,total,0.5,375.18328937234816,3.1315309607962263,A:knn_capacity_greedy,0.6854426405955691,2.947719056999631,0.6824870740118231,0.6058353977429122,0.9450174903578796,65.93233336453522,132.68261021629277,4.639249398925827,1.928601337930786,27.60288547842009,81.96992627606843,17.13836042675996,0.9450174903578796,0.041259305767333394,0.011929321015337698,0.001793882859449278,0.008610637725356534,0.0,0.0,0.0,0.14055072203785093,0.0713068436631088,0.1979549735402278,0.2763476544981613,0.09669028612431609,0.19813436182617275,0.00529195443537537
v1,2,0.7,14.452143649374724,26014,1.0,t1,h100,poisson,total,0.1,175.08553504042914,5.438216687965905,oracle_unconstrained,0.9275197970323672,,,,,,,,,,,,,,,,,,,,,,,,,,
v1,2,0.7,14.452143649374724,26014,1.0,t1,h100,poisson,total,0.1,175.08553504042914,5.438216687965905,predictor_unconstrained,0.8135234873529638,,,,,,,,,,,,,,,,,,,,,,,,,,
v1,2,0.7,14.452143649374724,26014,1.0,t1,h100,poisson,total,0.1,175.08553504042914,5.438216687965905,fluid_ceiling,0.8834,,,,,,,,,,,,,,,,,,,,,,,,,,
v1,2,0.7,14.452143649374724,26014,1.0,t1,h100,poisson,total,0.1,175.08553504042914,5.438216687965905,random,0.20931037133851002,2.010923867001111,0.19919040072963404,0.11470588235294117,0.4614053970938725,87.65463114024169,175.64311334080867,4.638673136335167,0.4545552693158328,30.010828100524066,107.96750157248798,11.373892237088455,0.4614053970938725,0.02671638348581533,0.31736757130775733,0.19451064811255478,0.012531713692627048,0.0,1.0015376335819175,0.22599369570231415,0.09045129545629277,0.04716691012531714,0.027754286153609593,0.027831167832705467,0.014492196509571769,0.02725455523948643,0.02717767356039056
v1,2,0.7,14.452143649374724,26014,1.0,t1,h100,poisson,total,0.1,175.08553504042914,5.438216687965905,always_best_api,0.13925194126239718,2.239850084999489,0.12035641587606155,0.05759803921568627,0.1607595909894672,87.59418224805268,175.52198532413726,4.107917666520567,9.029408893720763,58.37757177217759,168.95253674083705,10.969738457483118,0.1607595909894672,0.024179288075651572,0.0,0.8150611209348813,0.3730299069731683,0.0,2.1642961482278773,0.0,0.0,0.0,0.0,0.0,0.0,0.18493887906511877,0.0
v1,2,0.7,14.452143649374724,26014,1.0,t1,h100,poisson,total,0.1,175.08553504042914,5.438216687965905,always_best_self,0.04705158760667333,1.9056229849993542,0.048090029024677385,0.02303921568627451,0.08168678403936341,0.0,0.0,4.641794474724623,29.865840595181226,30.00911795149675,30.02079571364106,88.46578908617823,0.08168678403936341,0.009225801491504574,0.5042669331898209,0.40482048127931114,0.0,1.5685400169139694,0.0,0.0,0.09091258553086799,0.0,0.0,0.0,0.0,0.0,0.0
v1,2,0.7,14.452143649374724,26014,1.0,t1,h100,poisson,total,0.1,175.08553504042914,5.438216687965905,threshold,0.07305681556085185,1.8531079500025953,0.06607523407738014,0.04090623033354311,0.11532251864380719,87.63675519963726,175.6072933753281,4.617896935505689,29.90472429022516,64.61335232692804,93.698478072844,56.76482161698573,0.11532251864380719,0.057776581840547396,0.5077650495886831,0.3191358499269624,0.0,1.248212500961021,0.037018528484662104,0.0,0.08579995387099254,0.0,0.0,0.0,0.0,0.08729914661336204,0.0
v1,2,0.7,14.452143649374724,26014,1.0,t1,h100,poisson,total,0.1,175.08553504042914,5.438216687965905,static_qc,0.6183593449680941,1.5476184649996867,0.6261394977140858,0.4473774425779911,0.8162143461213193,82.17326754786336,164.65950923233973,4.685956043021473,2.577528414607741,29.53683472398938,42.45695920927295,15.862447938863724,0.8162143461213193,0.01564542169600984,0.11047897286076729,0.057661259321903593,0.19224263857922658,0.0,0.0,0.0,0.055162604751287765,0.020719612516337357,0.05908357038517721,0.48896747904974247,0.05819943107557469,0.14972707003920965,0.0
v1,2,0.7,14.452143649374724,26014,1.0,t1,h100,poisson,total,0.1,175.08553504042914,5.438216687965905,static_qc_fallback,0.6391366187437534,1.5815379220002797,0.65522998242453,0.4378928122500286,0.8418928269393403,85.95286845311784,172.23310644618806,4.673285599991832,2.6021068356765227,29.554379900902997,42.43949331106505,15.858312356523925,0.8418928269393403,0.017529022833858692,0.11862843084492965,0.0219497193818713,0.05623894825862997,0.0,0.08495425540093796,0.0,0.05604674406089029,0.021526870146844006,0.061735988313984774,0.5100330591220112,0.05635427077727378,0.15372491735219498,0.0
v1,2,0.7,14.452143649374724,26014,1.0,t1,h100,poisson,total,0.1,175.08553504042914,5.438216687965905,shortest_queue,0.5321942031213962,1.3978739699996368,0.5221819917675105,0.42606209150326796,0.9778196355808411,13.456463112734127,26.964177989579007,4.609372139093959,4.0349833412742555,26.06607681697703,29.525144086343957,23.79361610948331,0.9778196355808411,0.0011532251864380717,0.021027139232720843,0.0,0.0,0.0,0.0,0.3096025217190743,0.09152763896363497,0.04359191204735911,0.0,0.5342507880372107,0.0,0.0,0.0
v1,2,0.7,14.452143649374724,26014,1.0,t1,h100,poisson,total,0.1,175.08553504042914,5.438216687965905,capacity_greedy,0.7229568693780272,1.8799040259982576,0.7093860771507887,0.6330705062278597,0.9757053894057046,65.91365159132329,132.07834915919594,4.679386444853777,2.339460360232465,20.958027023863625,29.541031655786934,15.26733501693495,0.9757053894057046,0.006419620204505266,0.013684938879065118,0.004190051510724995,0.02367955716152841,0.0,0.0,0.0,0.053471207811178596,0.0230260628892135,0.14853540401322365,0.5688475436303528,0.053163681094795114,0.13508111017144614,0.0
v1,2,0.7,14.452143649374724,26014,1.0,t1,h100,poisson,total,0.1,175.08553504042914,5.438216687965905,batch_lp@2s,0.7227838856000615,5.361319752999407,0.7095956196158256,0.6329562335733059,0.9764742061966634,66.81312769063152,133.88072720132558,4.682293281803685,3.3893409832861607,21.05024992484755,29.594500602241276,16.174538880531827,0.9764742061966634,0.006880910279080495,0.012800799569462597,0.0038440839547935726,0.024333051433843317,0.0,0.0,0.0,0.053586530329822406,0.021911278542323363,0.15314830475897592,0.5690013069885447,0.04931959714000154,0.13638809871607596,0.0
v1,2,0.7,14.452143649374724,26014,1.0,t1,h100,poisson,total,0.1,175.08553504042914,5.438216687965905,A:knn_capacity_greedy,0.6605481663719536,4.202164851998532,0.6422062023978925,0.5777218376337319,0.9564849696317368,87.5491534726425,175.4317562717748,4.685613583056715,1.8890617355546055,25.956743915630284,50.54143895148796,14.310552387133754,0.9564849696317368,0.018451602983009147,0.02125778427000846,0.003805643115245637,0.020181440762666255,0.0,0.0,0.06442684708234028,0.06519566387329899,0.03551933574229261,0.25536249711693704,0.4020911816714077,0.05170292919197355,0.09763973245175675,0.002998385484738987
v1,2,0.7,14.452143649374724,26014,1.0,t1,h100,poisson,total,0.5,875.4276752021457,3.1315309607962263,oracle_unconstrained,0.9275197970323672,,,,,,,,,,,,,,,,,,,,,,,,,,
v1,2,0.7,14.452143649374724,26014,1.0,t1,h100,poisson,total,0.5,875.4276752021457,3.1315309607962263,predictor_unconstrained,0.8135234873529638,,,,,,,,,,,,,,,,,,,,,,,,,,
v1,2,0.7,14.452143649374724,26014,1.0,t1,h100,poisson,total,0.5,875.4276752021457,3.1315309607962263,fluid_ceiling,0.8834,,,,,,,,,,,,,,,,,,,,,,,,,,
v1,2,0.7,14.452143649374724,26014,1.0,t1,h100,poisson,total,0.5,875.4276752021457,3.1315309607962263,random,0.4556392711616822,1.4912109899996722,0.42282711880892915,0.3183673469387755,0.7371030983316675,431.9498195629676,865.5448106746888,4.996666861360148,2.9064270879758283,86.20868274758185,149.90791819429543,17.29885093396217,0.7371030983316675,0.11966633351272392,0.13884831244714385,0.004382255708464673,0.07511340047666641,0.0,0.022872299531021757,0.13373568078726839,0.08987468286307373,0.044091642961482276,0.13208272468670715,0.13369723994772045,0.057776581840547396,0.130967940339817,0.13454293841777504
v1,2,0.7,14.452143649374724,26014,1.0,t1,h100,poisson,total,0.5,875.4276752021457,3.1315309607962263,always_best_api,0.43184439148150994,2.042820587001188,0.36971925694504115,0.16122448979591836,0.4936572614745906,123.58433346048696,247.63936379378796,4.081303389550595,7.452674863626555,22.983798540687456,34.26950142116938,9.00662989765836,0.4936572614745906,0.009225801491504574,0.0,0.4971169370339048,1.6622972245713847,0.0,0.0,0.0,0.0,0.0,0.0,0.0,0.0,0.5028830629660952,0.0
v1,2,0.7,14.452143649374724,26014,1.0,t1,h100,poisson,total,0.5,875.4276752021457,3.1315309607962263,always_best_self,0.04705158760667333,3.1000068550019932,0.048090029024677385,0.02303921568627451,0.08168678403936341,0.0,0.0,4.641794474724623,29.865840595181226,30.00911795149675,30.02079571364106,88.46578908617823,0.08168678403936341,0.009225801491504574,0.5042669331898209,0.40482048127931114,0.0,1.5685400169139694,0.0,0.0,0.09091258553086799,0.0,0.0,0.0,0.0,0.0,0.0
v1,2,0.7,14.452143649374724,26014,1.0,t1,h100,poisson,total,0.5,875.4276752021457,3.1315309607962263,threshold,0.24757822710848004,3.168294129001879,0.1771953244175832,0.07961783439490445,0.3279388021834397,133.70759902475402,267.92445150397236,4.6425135849736305,17.442330151469946,39.16783840791203,58.36400520372662,22.702679093872348,0.3279388021834397,0.05416314292304144,0.4506035211809026,0.1672945337126163,0.5847236103636504,0.013031444606750212,0.0,0.0,0.08214807411393865,0.0,0.0,0.0,0.0,0.2999538709925425,0.0
v1,2,0.7,14.452143649374724,26014,1.0,t1,h100,poisson,total,0.5,875.4276752021457,3.1315309607962263,static_qc,0.6231260090720381,3.6764274750021286,0.6150035879080831,0.35494021397105097,0.7732374875067272,148.60370949566277,297.7734074090285,4.648147922980849,3.6008450613173864,30.788460898261285,62.61038998084814,14.779783141087869,0.7732374875067272,0.0428230952564004,0.03855616206657953,0.1453832551702929,0.506573383562697,0.0,0.0,0.0,0.05277927269931575,0.0026908587683555007,0.01852848466210502,0.36019066656415777,0.057661259321903593,0.32421004074728993,0.0
v1,2,0.7,14.452143649374724,26014,1.0,t1,h100,poisson,total,0.5,875.4276752021457,3.1315309607962263,static_qc_fallback,0.6822095794572154,2.882001049001701,0.683415517238929,0.5198263055650783,0.8843315138002614,155.5336497166536,311.65968198285094,4.680963057734693,3.312726790099589,29.942506604782242,58.67259979681126,15.623884573190708,0.8843315138002614,0.043822557084646725,0.07184592911509187,0.0,0.1780579687860383,0.0,0.0,0.0,0.04808949027446759,0.008610748058737603,0.03855616206657953,0.4452218036441916,0.05700776504958868,0.3284385330975628,0.0022295686937802723
v1,2,0.7,14.452143649374724,26014,1.0,t1,h100,poisson,total,0.5,875.4276752021457,3.1315309607962263,shortest_queue,0.5321942031213962,1.5176539359999879,0.5221819917675105,0.42606209150326796,0.9778196355808411,13.456463112734127,26.964177989579007,4.609372139093959,4.0349833412742555,26.06607681697703,29.525144086343957,23.79361610948331,0.9778196355808411,0.0011532251864380717,0.021027139232720843,0.0,0.0,0.0,0.0,0.3096025217190743,0.09152763896363497,0.04359191204735911,0.0,0.5342507880372107,0.0,0.0,0.0
v1,2,0.7,14.452143649374724,26014,1.0,t1,h100,poisson,total,0.5,875.4276752021457,3.1315309607962263,capacity_greedy,0.7221496117475206,1.799806423001428,0.7065170549684381,0.6098174952800504,0.9667871146305835,96.63104507876051,193.63012977436992,4.647558423847461,2.477689521558773,23.412976165671807,50.476537892516205,15.96899532485702,0.9667871146305835,0.018105635427077726,0.011186284308449297,0.003920965633889444,0.020758053355885292,0.0,0.0,0.0,0.05354808949027447,0.023525793803336664,0.14303836395786884,0.5304067040824172,0.05235642346428846,0.18201737525947567,0.0
v1,2,0.7,14.452143649374724,26014,1.0,t1,h100,poisson,total,0.5,875.4276752021457,3.1315309607962263,batch_lp@2s,0.7209002844622127,5.046061588000157,0.7075976306676425,0.6236626809314034,0.9716691012531714,82.52675441853353,165.36782930261958,4.672662829664287,3.529107952913364,22.25436260666629,34.531648363605655,16.609501498768736,0.9716691012531714,0.012454832013531175,0.01233950949488737,0.003536557238410087,0.020950257553624972,0.0,0.0,0.0,0.05485507803490428,0.021719074344583686,0.1401937418313216,0.5443222879987699,0.048243253632659334,0.17479049742446376,0.0
v1,2,0.7,14.452143649374724,26014,1.0,t1,h100,poisson,total,0.5,875.4276752021457,3.1315309607962263,A:knn_capacity_greedy,0.6773275928346275,4.057837901000312,0.6637983196288704,0.5966016362492134,0.9341124010148382,156.25229744366152,313.0997145575704,4.67267316590282,2.285501311594089,29.182823421915828,82.32072631210637,15.379884582572231,0.9341124010148382,0.04270777273775659,0.019105097255324055,0.004074728992081187,0.0219497193818713,0.0,0.0,0.0003075267163834858,0.061928192511724454,0.032982240332128855,0.25336357346044436,0.3674559852387176,0.053240562773890984,0.20166064426847083,0.005881448450834166
v1,2,1.0,20.64591949910675,37163,1.0,t1,h100,poisson,total,0.1,250.1221929148988,5.438216687965905,oracle_unconstrained,0.9272932755697871,,,,,,,,,,,,,,,,,,,,,,,,,,
v1,2,1.0,20.64591949910675,37163,1.0,t1,h100,poisson,total,0.1,250.1221929148988,5.438216687965905,predictor_unconstrained,0.8090708500390174,,,,,,,,,,,,,,,,,,,,,,,,,,
v1,2,1.0,20.64591949910675,37163,1.0,t1,h100,poisson,total,0.1,250.1221929148988,5.438216687965905,fluid_ceiling,0.8829193161266483,,,,,,,,,,,,,,,,,,,,,,,,,,
v1,2,1.0,20.64591949910675,37163,1.0,t1,h100,poisson,total,0.1,250.1221929148988,5.438216687965905,random,0.17552404273067299,2.9621804150010576,0.16610807938828057,0.10238477413437284,0.3995102655867395,125.65025377188613,250.86203281294166,4.663527437082836,24.418688023753873,34.2178127348041,113.28691077062503,32.07652757288258,0.3995102655867395,0.029276430858649734,0.3786023733283104,0.19261093022630035,0.016817802653176547,0.0,1.00164141753895,0.20983236014315312,0.0638807415978258,0.03089093991335468,0.02924952237440465,0.027877189677905444,0.011597556709630547,0.026908484245082475,0.028549901784032505
v1,2,1.0,20.64591949910675,37163,1.0,t1,h100,poisson,total,0.1,250.1221929148988,5.438216687965905,always_best_api,0.36385652396200524,2.917433868999069,0.30871508210738746,0.11006649850951616,0.415009552511907,120.49124096415471,240.56201031871672,4.065002919751172,6.657298187090191,17.773528164637945,26.26945890620547,8.02568856677459,0.415009552511907,0.0025832144875279177,0.0,0.5824072330005651,1.8833786292818127,0.0,0.036649355541802334,0.0,0.0,0.0,0.0,0.0,0.0,0.41759276699943493,0.0
v1,2,1.0,20.64591949910675,37163,1.0,t1,h100,poisson,total,0.1,250.1221929148988,5.438216687965905,always_best_self,0.03333961197965719,2.7901383780008473,0.03508067868512319,0.013529007108461362,0.05890267201248554,0.0,0.0,4.6625292275316905,29.843365946522,30.007132961433733,30.02080895167344,86.61581314645355,0.05890267201248554,0.005381696849016495,0.355945429593951,0.579770201544547,0.0,2.029061162984689,0.0,0.0,0.06428436886150203,0.0,0.0,0.0,0.0,0.0,0.0
v1,2,1.0,20.64591949910675,37163,1.0,t1,h100,poisson,total,0.1,250.1221929148988,5.438216687965905,threshold,0.05822995990635847,2.7870194140014064,0.056004416510732624,0.038301686904082796,0.09143502946479025,125.21731144515797,249.99765897434233,4.64622053623439,29.896854204103647,68.05623750065543,101.56697641405988,54.56909849665672,0.09143502946479025,0.05446277211204693,0.35855555256572397,0.49554664585743885,0.0,1.7132901003686463,0.04945779404246159,0.0,0.06151279498425854,0.0,0.0,0.0,0.0,0.08438500659257864,0.0
v1,2,1.0,20.64591949910675,37163,1.0,t1,h100,poisson,total,0.1,250.1221929148988,5.438216687965905,static_qc,0.5787342249011114,2.365056385999196,0.5587531298144927,0.3877725523728089,0.7583887199634045,111.58872779407102,222.7880505856495,4.70507298656525,2.639106324204704,29.578664747951926,45.22443130446256,14.952983513018921,0.7583887199634045,0.016118182062804402,0.12899927347092538,0.09649382450286575,0.34079595296396953,0.0,0.0,0.0,0.03920566154508517,0.016037456610069153,0.05728816295778059,0.46497860775502514,0.045529155342679546,0.15146785781556926,0.0
v1,2,1.0,20.64591949910675,37163,1.0,t1,h100,poisson,total,0.1,250.1221929148988,5.438216687965905,static_qc_fallback,0.5844388235610688,2.309224713000731,0.5795352368089187,0.36207318066987204,0.7711164330113285,125.22417223128832,250.01135660489768,4.683916286903051,2.6072267024053986,29.722385478510432,49.57409401548425,14.915822295913586,0.7711164330113285,0.02109625164814466,0.16309232300944487,0.04469499233108199,0.11417269865188494,0.0,0.17291391975889997,0.0,0.03794096278556629,0.016252724484029816,0.07391760622124156,0.4650055162392702,0.04310739176062212,0.15598848316874311,0.0
v1,2,1.0,20.64591949910675,37163,1.0,t1,h100,poisson,total,0.1,250.1221929148988,5.438216687965905,shortest_queue,0.4575384118612599,2.3944541529999697,0.4422805775329271,0.3841435450584728,0.7916745149745715,15.036668283270046,30.02086393811178,4.67187147517813,3.560911848672049,27.185541667345262,29.890388942756942,22.011761614154295,0.7916745149745715,0.002341038129322175,0.03737588461641956,0.1686085622796868,0.6697252643758577,0.0,0.0,0.2092672819740064,0.06318112100745366,0.03272071684202029,0.0,0.48884643328041333,0.0,0.0,0.0
v1,2,1.0,20.64591949910675,37163,1.0,t1,h100,poisson,total,0.1,250.1221929148988,5.438216687965905,capacity_greedy,0.7053251890321018,2.711564391000138,0.66314317163614,0.5396825396825397,0.9651266044183732,95.53291994570463,190.7324639522353,4.698552944460335,2.159005807384375,19.079397367680514,29.681179931010583,14.360645957296441,0.9651266044183732,0.007776551946828835,0.012108817910287114,0.014988025724510938,0.08349702661249092,0.0,0.0,0.0,0.03753733552189005,0.01716761294836262,0.23143987299195437,0.5009552511907004,0.04038963485186879,0.14514436401797487,0.00026908484245082476
v1,2,1.0,20.64591949910675,37163,1.0,t1,h100,poisson,total,0.1,250.1221929148988,5.438216687965905,batch_lp@2s,0.7144740736754298,6.887991209001484,0.6819411158969332,0.6060606060606061,0.9715039151844577,110.5157338582103,220.64580708143296,4.677879718571156,3.0857396682664557,20.56223502828015,31.682574426921526,14.777287774782508,0.9715039151844577,0.011167020961709228,0.012485536689718269,0.004843527164114845,0.04340338508731803,0.0,0.0,0.0,0.04003982455668272,0.01805559292845034,0.30471167559131396,0.4213061378252563,0.03554610768775395,0.16295778058821947,5.381696849016495e-05
v1,2,1.0,20.64591949910675,37163,1.0,t1,h100,poisson,total,0.1,250.1221929148988,5.438216687965905,A:knn_capacity_greedy,0.6284476495439012,5.021127878000698,0.6093885648368558,0.553581615190286,0.9042865215402416,125.13528263230728,249.83388760004559,4.70311152570456,2.036406856383593,27.88477966043812,57.417171440872956,15.185969256458776,0.9042865215402416,0.021472970427575816,0.04205796087506391,0.032182547157118636,0.02384091704114307,0.10085299895056911,0.0,0.0497537873691575,0.048650539515109115,0.02628958910744558,0.26149664989371146,0.3987568280278772,0.03759115249038022,0.10053009713962813,0.0026908484245082476
v1,2,1.0,20.64591949910675,37163,1.0,t1,h100,poisson,total,0.5,1250.610964574494,3.1315309607962263,oracle_unconstrained,0.9272932755697871,,,,,,,,,,,,,,,,,,,,,,,,,,
v1,2,1.0,20.64591949910675,37163,1.0,t1,h100,poisson,total,0.5,1250.610964574494,3.1315309607962263,predictor_unconstrained,0.8090708500390174,,,,,,,,,,,,,,,,,,,,,,,,,,
v1,2,1.0,20.64591949910675,37163,1.0,t1,h100,poisson,total,0.5,1250.610964574494,3.1315309607962263,fluid_ceiling,0.8829193161266483,,,,,,,,,,,,,,,,,,,,,,,,,,
v1,2,1.0,20.64591949910675,37163,1.0,t1,h100,poisson,total,0.5,1250.610964574494,3.1315309607962263,random,0.43369749482011677,2.114632780998363,0.3969199277870484,0.2842712842712843,0.7037106799773969,547.1247910555594,1092.3403110329693,4.66522337139951,2.4566422752208155,83.9157511706383,133.8906433632495,15.585122606612458,0.7037106799773969,0.10776847940155532,0.18580308371229448,0.00271775690875333,0.11979657185910718,0.0,0.0,0.13865941931491,0.062373866480101174,0.03000295993326696,0.1394397653580174,0.14148481016064365,0.04587896563786562,0.12848801227026882,0.1251513602238786
v1,2,1.0,20.64591949910675,37163,1.0,t1,h100,poisson,total,0.5,1250.610964574494,3.1315309607962263,always_best_api,0.3636950730565347,2.9819356619991595,0.3082365232573462,0.11041045631735841,0.41552081371256355,120.55306966794888,240.68545196610208,4.072917101164542,6.693083422233542,17.92228197060909,25.432304449085454,8.062507113846436,0.41552081371256355,0.002045044802626268,0.0,0.5824341414848102,1.9336705863358716,0.0,0.0,0.0,0.0,0.0,0.0,0.0,0.0,0.41756585851518985,0.0
v1,2,1.0,20.64591949910675,37163,1.0,t1,h100,poisson,total,0.5,1250.610964574494,3.1315309607962263,always_best_self,0.03333961197965719,2.774863443999493,0.03508067868512319,0.013529007108461362,0.05890267201248554,0.0,0.0,4.6625292275316905,29.843365946522,30.007132961433733,30.02080895167344,86.61581314645355,0.05890267201248554,0.005381696849016495,0.355945429593951,0.579770201544547,0.0,2.029061162984689,0.0,0.0,0.06428436886150203,0.0,0.0,0.0,0.0,0.0,0.0
v1,2,1.0,20.64591949910675,37163,1.0,t1,h100,poisson,total,0.5,1250.610964574494,3.1315309607962263,threshold,0.217783817237575,2.539007109000522,0.1552987257321945,0.07310816588285592,0.2882705917175685,131.85792198986746,263.2557066929663,4.687362462458343,13.59602180579077,31.615287111990597,46.495804645238316,17.189094316666342,0.2882705917175685,0.025509243064338185,0.35519199203508867,0.3310281731830046,0.7258294540268546,0.5402416381885209,0.0,0.0,0.05968301805559293,0.0,0.0,0.0,0.0,0.2540968167263138,0.0
v1,2,1.0,20.64591949910675,37163,1.0,t1,h100,poisson,total,0.5,1250.610964574494,3.1315309607962263,static_qc,0.5922019212657751,2.5694375139974,0.5885824500914106,0.28088926891834115,0.7365659392406426,149.65382520244748,298.785411740399,4.7068737105037535,3.395525364231503,29.34639941414831,41.879249449965286,13.775953819988331,0.7365659392406426,0.019535559561929875,0.05201410004574442,0.19188440115168312,0.6552754083362484,0.0,0.0,0.0,0.03794096278556629,0.0031482926566746496,0.01948174259343971,0.3641794257729462,0.04555606382692463,0.28579501116702094,0.0
v1,2,1.0,20.64591949910675,37163,1.0,t1,h100,poisson,total,0.5,1250.610964574494,3.1315309607962263,static_qc_fallback,0.6620563463660092,2.5506622229986533,0.6434143275017771,0.4894466628636623,0.8630896321610204,169.77090560237048,338.9493710790568,4.708911725934066,3.0971295085216752,29.38734175375369,42.660329179526556,14.237744535535734,0.8630896321610204,0.023437289777466834,0.1022522401313134,0.011220837930199392,0.3046578586228238,0.0,0.0,0.0,0.03409304953851949,0.013212065764335494,0.05564674541883056,0.4422947555364206,0.045582972311169714,0.2885396765600194,0.007157656809191938
v1,2,1.0,20.64591949910675,37163,1.0,t1,h100,poisson,total,0.5,1250.610964574494,3.1315309607962263,shortest_queue,0.4575384118612599,2.46246298099868,0.4422805775329271,0.3841435450584728,0.7916745149745715,15.036668283270046,30.02086393811178,4.67187147517813,3.560911848672049,27.185541667345262,29.890388942756942,22.011761614154295,0.7916745149745715,0.002341038129322175,0.03737588461641956,0.1686085622796868,0.6697252643758577,0.0,0.0,0.2092672819740064,0.06318112100745366,0.03272071684202029,0.0,0.48884643328041333,0.0,0.0,0.0
v1,2,1.0,20.64591949910675,37163,1.0,t1,h100,poisson,total,0.5,1250.610964574494,3.1315309607962263,capacity_greedy,0.7063073487070474,2.6662318950002373,0.6659442059483104,0.5685425685425686,0.9562468046174959,140.0226457802637,279.55666228939083,4.691328208992357,2.3190579116150047,22.45168803401857,50.90326714781005,14.901533369300466,0.9562468046174959,0.01848612867637166,0.011651373678120712,0.013615693028011732,0.07878804186960149,0.0,0.0,0.0,0.03794096278556629,0.01740978930656836,0.21532169092914996,0.46820762586443504,0.04028200091488846,0.19382181201732906,0.0017490514759303608
v1,2,1.0,20.64591949910675,37163,1.0,t1,h100,poisson,total,0.5,1250.610964574494,3.1315309607962263,batch_lp@2s,0.7160078572773996,6.705077458002052,0.6847096170816663,0.6103896103896104,0.9663643946936469,134.83925582384472,269.20797056537623,4.6921154043183675,3.286521146129189,22.509900619571788,39.789605940116125,15.083485255239566,0.9663643946936469,0.01598363964157899,0.012324085784247773,0.00532787988052633,0.04512552807900331,0.0,0.0,0.0,0.041196889379221266,0.018405403223636412,0.27374001022522404,0.4043268842666093,0.0345504937706859,0.20886365471033017,0.0012646987595188763
v1,2,1.0,20.64591949910675,37163,1.0,t1,h100,poisson,total,0.5,1250.610964574494,3.1315309607962263,A:knn_capacity_greedy,0.6783359793342841,5.075813262999873,0.661007237465243,0.5998289867464729,0.937679950488389,183.01391639451867,365.3891792621211,4.684698442262421,2.1687307614572546,27.406592673385603,63.65146047461542,14.916857039992692,0.937679950488389,0.0345504937706859,0.015956731157333908,0.011812824583591206,0.05731507144202567,0.0,0.0,0.000511261200656567,0.0454484298899443,0.022764577671339773,0.2758657804805855,0.3875628985819229,0.040954713021015526,0.19282619810026103,0.006296585313349299
v1,2,1.3,26.839695348838777,48311,1.0,t1,h100,poisson,total,0.1,325.15885078936844,5.438216687965905,oracle_unconstrained,0.9267972097451926,,,,,,,,,,,,,,,,,,,,,,,,,,
v1,2,1.3,26.839695348838777,48311,1.0,t1,h100,poisson,total,0.1,325.15885078936844,5.438216687965905,predictor_unconstrained,0.8122994763097431,,,,,,,,,,,,,,,,,,,,,,,,,,
v1,2,1.3,26.839695348838777,48311,1.0,t1,h100,poisson,total,0.1,325.15885078936844,5.438216687965905,fluid_ceiling,0.890704581114085,,,,,,,,,,,,,,,,,,,,,,,,,,
v1,2,1.3,26.839695348838777,48311,1.0,t1,h100,poisson,total,0.1,325.15885078936844,5.438216687965905,random,0.15240835420504648,3.7272660519993224,0.1451938569196232,0.09425327818357827,0.33259506116619403,164.01351501839417,327.2245841953143,4.687501889142174,29.293394017800665,41.6392621028342,123.14782252417615,34.04747682869851,0.33259506116619403,0.030717641944898677,0.44470203473329056,0.19198526215561673,0.02127879778932334,0.0,1.0014075469354806,0.16737389000434683,0.048870857568669664,0.024507876053072798,0.028730516859514395,0.02902030593446627,0.009500941814493593,0.02655709879737534,0.028751216079153815
v1,2,1.3,26.839695348838777,48311,1.0,t1,h100,poisson,total,0.1,325.15885078936844,5.438216687965905,always_best_api,0.28213036368528904,4.567710823001107,0.2431407804177317,0.08202059315321658,0.3200720332843452,120.14908970554825,239.71034286981944,4.094505006555893,6.739165800362116,17.899514327691165,25.071219816557825,8.099998636478404,0.3200720332843452,0.0015317422533170498,0.0,0.6783962244623377,2.2620935190743308,0.0,0.0,0.0,0.0,0.0,0.0,0.0,0.0,0.32160377553766223,0.0
v1,2,1.3,26.839695348838777,48311,1.0,t1,h100,poisson,total,0.1,325.15885078936844,5.438216687965905,always_best_self,0.026246610502784044,4.0787179120015935,0.026867742946433112,0.012056675173809733,0.04613856057626627,0.0,0.0,4.663185219231975,29.795534678006163,30.009033878917855,30.02208274416385,85.67777071346433,0.04613856057626627,0.004367535343917535,0.27345739065637226,0.676036513423444,0.0,2.2555111672289954,0.0,0.0,0.05050609592018381,0.0,0.0,0.0,0.0,0.0,0.0
v1,2,1.3,26.839695348838777,48311,1.0,t1,h100,poisson,total,0.1,325.15885078936844,5.438216687965905,threshold,0.055473908633644514,4.213116206999985,0.04810240960269128,0.024991556906450524,0.0851358903769328,142.8640436907299,285.02911658174895,4.652822242445887,29.817891740386948,61.76866164744898,83.18025868600536,45.96661532621056,0.0851358903769328,0.047711701268862164,0.27705905487363125,0.5900933534805738,0.05224483036989506,1.9598021154602472,0.0,0.0,0.04649044731013641,0.0,0.0,0.0,0.0,0.08635714433565854,0.0
v1,2,1.3,26.839695348838777,48311,1.0,t1,h100,poisson,total,0.1,325.15885078936844,5.438216687965905,static_qc,0.5051023576411169,3.683169652002107,0.47093255381198285,0.3319824383654171,0.6587112665852497,137.25821843471022,273.8448929019692,4.718341496623842,2.739417628377055,29.703857101266077,46.996025711669084,14.284424172651043,0.6587112665852497,0.016662871809732773,0.14561901016331685,0.17900685144170064,0.6731593218935646,0.0,0.0,0.0,0.029827575500403634,0.011943449731945105,0.05795781499037486,0.3858955517376995,0.037506985986628306,0.1522427604479311,0.0
v1,2,1.3,26.839695348838777,48311,1.0,t1,h100,poisson,total,0.1,325.15885078936844,5.438216687965905,static_qc_fallback,0.5562604789799425,3.5847904160000326,0.5277190472344135,0.3198067034260579,0.7357123636438906,163.12420219312844,325.45030956048004,4.70803846142983,2.5272886038501383,29.83050562834755,56.97021510289836,13.944917909252808,0.7357123636438906,0.023679907267496015,0.19852621556167332,0.042081513526940034,0.2784045041501935,0.0003311875142307135,0.14597089689718698,0.0,0.030717641944898677,0.013206102129949701,0.12417461861687815,0.3810519343420753,0.03883173604355116,0.17141023783403367,0.0
v1,2,1.3,26.839695348838777,48311,1.0,t1,h100,poisson,total,0.1,325.15885078936844,5.438216687965905,shortest_queue,0.356026577798017,4.135072131000925,0.337784698159268,0.27741935483870966,0.6167332491565068,15.10892381775011,30.143926330384954,4.670479611306186,3.6122616281011943,27.141963272338558,29.87137668251421,22.158754983494816,0.6167332491565068,0.001676636790792987,0.03119372399660533,0.3503963900560949,1.2730227070439444,0.0,0.0,0.16606983916706342,0.04978162323280412,0.023555711949659497,0.0,0.37900271159777277,0.0,0.0,0.0
v1,2,1.3,26.839695348838777,48311,1.0,t1,h100,poisson,total,0.1,325.15885078936844,5.438216687965905,capacity_greedy,0.7005547390863365,3.9579309940017993,0.6523274240919231,0.5150537634408602,0.9694686510318561,142.23231438504445,283.7687487434417,4.70374866741832,1.8070474360811204,18.84693384457066,32.79892973724653,13.355027697414243,0.9694686510318561,0.011446668460599035,0.011156879385647162,0.007927801121897704,0.05559810395148103,0.0,0.0,0.0,0.030365755211028543,0.01475854360290617,0.35627496843369005,0.3858955517376995,0.03510587650845563,0.15787294818985323,0.0006416758088220074
v1,2,1.3,26.839695348838777,48311,1.0,t1,h100,poisson,total,0.1,325.15885078936844,5.438216687965905,batch_lp@2s,0.7101177785597483,9.230595879998873,0.6636559000466314,0.5602150537634408,0.969758440106808,152.030405932961,303.3169940957533,4.628344566109682,2.8438867801603465,20.44993486223217,35.70770998004818,14.1468930421388,0.969758440106808,0.013557988863819833,0.012564426321127694,0.0041191447082444994,0.03624433358862371,0.0,0.002152718842499638,0.0022769141603361555,0.03255987249280702,0.017615035913146074,0.4011094781726729,0.3271304671813873,0.027757653536461674,0.17470141375670137,0.00016559375711535675
v1,2,1.3,26.839695348838777,48311,1.0,t1,h100,poisson,total,0.1,325.15885078936844,5.438216687965905,A:knn_capacity_greedy,0.6364906543023328,6.626006026999676,0.5961614555080265,0.47419354838709676,0.9154229885533315,162.88963284932106,324.9823185172802,4.660236767380428,1.848963747161804,26.92262759287198,57.73815862435842,14.351960229863721,0.9154229885533315,0.02198257125706361,0.028751216079153815,0.033843224110451035,0.05913767050982178,0.08350065202541865,0.0,0.051292666266481754,0.03535426714412867,0.01935377036285732,0.313158493924779,0.37624971538572993,0.03229078263749457,0.1069114694376022,0.002794394651321645
v1,2,1.3,26.839695348838777,48311,1.0,t1,h100,poisson,total,0.5,1625.7942539468422,3.1315309607962263,oracle_unconstrained,0.9267972097451926,,,,,,,,,,,,,,,,,,,,,,,,,,
v1,2,1.3,26.839695348838777,48311,1.0,t1,h100,poisson,total,0.5,1625.7942539468422,3.1315309607962263,predictor_unconstrained,0.8122994763097431,,,,,,,,,,,,,,,,,,,,,,,,,,
v1,2,1.3,26.839695348838777,48311,1.0,t1,h100,poisson,total,0.5,1625.7942539468422,3.1315309607962263,fluid_ceiling,0.890704581114085,,,,,,,,,,,,,,,,,,,,,,,,,,
v1,2,1.3,26.839695348838777,48311,1.0,t1,h100,poisson,total,0.5,1625.7942539468422,3.1315309607962263,random,0.4206391919024653,3.201479710998683,0.388811314753354,0.2849462365591398,0.6866759123181057,546.8678878913215,1091.0601922343917,4.665123349024136,2.262248761475945,64.70886842672083,127.19306032473563,14.40236666285989,0.6866759123181057,0.08304526919335141,0.2228064001987125,0.007472418289830474,0.18712094554035313,0.0,0.0,0.14655047504709073,0.04733911531535261,0.02502535654405829,0.14744054149158578,0.14795802198257127,0.03713440003311875,0.12181490757798431,0.0964583635196953
v1,2,1.3,26.839695348838777,48311,1.0,t1,h100,poisson,total,0.5,1625.7942539468422,3.1315309607962263,always_best_api,0.28213036368528904,4.538069139001891,0.2431407804177317,0.08202059315321658,0.3200720332843452,120.14908970554825,239.71034286981944,4.094505006555893,6.739165800362116,17.899514327691165,25.071219816557825,8.099998636478404,0.3200720332843452,0.0015317422533170498,0.0,0.6783962244623377,2.2620935190743308,0.0,0.0,0.0,0.0,0.0,0.0,0.0,0.0,0.32160377553766223,0.0
v1,2,1.3,26.839695348838777,48311,1.0,t1,h100,poisson,total,0.5,1625.7942539468422,3.1315309607962263,always_best_self,0.026246610502784044,4.3043312820009305,0.026867742946433112,0.012056675173809733,0.04613856057626627,0.0,0.0,4.663185219231975,29.795534678006163,30.009033878917855,30.02208274416385,85.67777071346433,0.04613856057626627,0.004367535343917535,0.27345739065637226,0.676036513423444,0.0,2.2555111672289954,0.0,0.0,0.05050609592018381,0.0,0.0,0.0,0.0,0.0,0.0
v1,2,1.3,26.839695348838777,48311,1.0,t1,h100,poisson,total,0.5,1625.7942539468422,3.1315309607962263,threshold,0.19816397921798348,4.104915059997438,0.13758066812051709,0.05591397849462366,0.2576224876322163,129.1049769774545,257.57830020443885,4.663761397102057,11.650798312142584,29.998623562702818,37.1462155963569,14.60650860901319,0.2576224876322163,0.013206102129949701,0.2756308087185113,0.45354060151932274,0.8201444805530832,0.8034402103040715,0.0,0.0,0.0460557636977086,0.0,0.0,0.0,0.0,0.22477282606445737,0.0
v1,2,1.3,26.839695348838777,48311,1.0,t1,h100,poisson,total,0.5,1625.7942539468422,3.1315309607962263,static_qc,0.55278301008052,4.0896820880007,0.5233078220840234,0.24788922661263088,0.6795967792014241,145.0606134726513,289.4115092977676,4.697782392047325,3.339783115342698,27.1848362896251,31.095139457378135,12.54573889304072,0.6795967792014241,0.008507379271801454,0.06331891287698453,0.2485769286497899,0.861377326074807,0.0,0.0,0.0,0.02906170437374511,0.0033946720208648134,0.019291672703939063,0.3392809091097266,0.037506985986628306,0.2595682142783217,0.0
v1,2,1.3,26.839695348838777,48311,1.0,t1,h100,poisson,total,0.5,1625.7942539468422,3.1315309607962263,static_qc_fallback,0.6248576928649789,4.000249977001658,0.5800928513832724,0.40860215053763443,0.8111817184492145,196.20258598607325,391.4452391934769,4.711971690092124,3.106592158465105,28.95427042606277,36.14327399338991,13.250024989587246,0.8111817184492145,0.015089731117136884,0.13746351762538553,0.036265032808263126,0.49878909565109397,0.0,0.0,0.0,0.02759205977934632,0.012481629442570015,0.0819689097721016,0.3856057626627476,0.04034277907722879,0.26215561673324916,0.016124692099107864
v1,2,1.3,26.839695348838777,48311,1.0,t1,h100,poisson,total,0.5,1625.7942539468422,3.1315309607962263,shortest_queue,0.356026577798017,4.200574937000056,0.337784698159268,0.27741935483870966,0.6167332491565068,15.10892381775011,30.143926330384954,4.670479611306186,3.6122616281011943,27.141963272338558,29.87137668251421,22.158754983494816,0.6167332491565068,0.001676636790792987,0.03119372399660533,0.3503963900560949,1.2730227070439444,0.0,0.0,0.16606983916706342,0.04978162323280412,0.023555711949659497,0.0,0.37900271159777277,0.0,0.0,0.0
v1,2,1.3,26.839695348838777,48311,1.0,t1,h100,poisson,total,0.5,1625.7942539468422,3.1315309607962263,capacity_greedy,0.7007720808925504,3.970504296998115,0.6472808150357277,0.49032258064516127,0.958021982571257,191.4606362163231,381.9845399242274,4.659543284356949,2.105691923636641,21.782265182362266,49.80532615221422,14.14879463970874,0.958021982571257,0.01879489143259299,0.010598000455382832,0.012585125540767112,0.07598683529630933,0.0,0.0,0.0,0.029827575500403634,0.013475191985262156,0.30177392312309825,0.38585415329842065,0.033801825671172195,0.2036803212518888,0.008403883173604356
v1,2,1.3,26.839695348838777,48311,1.0,t1,h100,poisson,total,0.5,1625.7942539468422,3.1315309607962263,batch_lp@2s,0.7145267123429446,9.184385094999016,0.6739343932128317,0.578494623655914,0.9672124360911594,184.20935401938186,367.51745285819584,4.679221824456332,3.0513034208434924,22.397186170121884,41.91871400519221,14.451504924884603,0.9672124360911594,0.01769783279170375,0.010929187969613546,0.004160543147523338,0.03957690795057026,0.0,0.0,0.0,0.03251847405352818,0.016538676491896255,0.3670385626461882,0.31553890418331226,0.027198774606197348,0.22365506820392872,0.0024218086978120925
v1,2,1.3,26.839695348838777,48311,1.0,t1,h100,poisson,total,0.5,1625.7942539468422,3.1315309607962263,A:knn_capacity_greedy,0.6799900643745731,6.566461336999055,0.6410485896223196,0.5344086021505376,0.9396617747510919,191.26043057555398,381.5851081606506,4.666431072654236,1.9512534246052837,25.05620409477174,44.11951355897252,14.060640267349868,0.9396617747510919,0.023659208047856595,0.013144004471031442,0.023535012730020077,0.11984848171223945,0.0,0.0,0.0004553828320672311,0.033926020989008716,0.017490840595309556,0.32607480697977687,0.36799072674960154,0.0336983295729751,0.17687483181884042,0.006810043261369046
v1,3,0.3,6.193775849732025,11149,1.0,t1,h100,poisson,total,0.1,75.03665787446963,5.658287149053649,oracle_unconstrained,0.9281101444075702,,,,,,,,,,,,,,,,,,,,,,,,,,
v1,3,0.3,6.193775849732025,11149,1.0,t1,h100,poisson,total,0.1,75.03665787446963,5.658287149053649,predictor_unconstrained,0.8158130774060454,,,,,,,,,,,,,,,,,,,,,,,,,,
v1,3,0.3,6.193775849732025,11149,1.0,t1,h100,poisson,total,0.1,75.03665787446963,5.658287149053649,fluid_ceiling,0.88825,,,,,,,,,,,,,,,,,,,,,,,,,,
v1,3,0.3,6.193775849732025,11149,1.0,t1,h100,poisson,total,0.1,75.03665787446963,5.658287149053649,random,0.3092654049690555,1.6375379700002668,0.3098269724822991,0.15284677111196027,0.6284868598080545,37.86219733602775,77.36537803751808,4.58816870343382,0.5158901072669364,29.913210348997268,96.83685149746873,24.141134909483753,0.6284868598080545,0.02457619517445511,0.15490178491344514,0.1920351601040452,0.0,0.0,0.9920172212754507,0.22477352228899453,0.2007354919723742,0.09767692169701318,0.02879181989416091,0.026280383890931923,0.021705982599336263,0.027536101892546416,0.02556283074715221
v1,3,0.3,6.193775849732025,11149,1.0,t1,h100,poisson,total,0.1,75.03665787446963,5.658287149053649,always_best_api,0.07108260830567764,1.9516629919999104,0.06965445094160105,0.03534581581964081,0.08314647053547404,37.57737723115133,76.7833934556174,4.163976822317532,14.710196302769305,92.05855876156045,212.76331088732428,18.17748007419057,0.08314647053547404,0.03264866804197686,0.0,0.8842048614225491,0.04063144676652614,0.0,2.635483002959907,0.0,0.0,0.0,0.0,0.0,0.0,0.1157951385774509,0.0
v1,3,0.3,6.193775849732025,11149,1.0,t1,h100,poisson,total,0.1,75.03665787446963,5.658287149053649,always_best_self,0.11157951385774509,0.8522934319989872,0.12532318725695044,0.05120366832250669,0.18772984124136693,0.0,0.0,4.497000524850411,29.864265235775406,30.007296294007347,30.022528595724022,86.20323991842565,0.18772984124136693,0.015965557449098573,0.7963046013095345,0.0,0.0,0.0,0.0,0.0,0.20369539869046552,0.0,0.0,0.0,0.0,0.0,0.0
v1,3,0.3,6.193775849732025,11149,1.0,t1,h100,poisson,total,0.1,75.03665787446963,5.658287149053649,threshold,0.1358866266032828,1.0058364549986436,0.14679553038653392,0.11976047904191617,0.21580410799174815,37.228772533126175,76.07107520295467,4.570795952907086,29.867197390053605,53.618195109276044,83.6774613184414,65.39444451853305,0.21580410799174815,0.06637366579962328,0.6969234908960444,0.02089873531258409,0.0,0.0,0.06386222979639429,0.0,0.19643017310969593,0.0,0.0,0.0,0.0,0.08574760068167549,0.0
v1,3,0.3,6.193775849732025,11149,1.0,t1,h100,poisson,total,0.1,75.03665787446963,5.658287149053649,static_qc,0.618530809938111,1.3224158830016677,0.6151526716919336,0.5360602798708288,0.8325410350704099,37.329735662584426,76.2773772991871,4.592673891267439,2.5879868220938533,28.942932031104114,55.539225408494346,18.424895968666192,0.8325410350704099,0.01587586330612611,0.03713337519060005,0.11444972643286394,0.006816754865907256,0.0,0.35671360660148893,0.0,0.13185039016952194,0.01722127545071307,0.0422459413400305,0.4283792268364876,0.09453762669297695,0.134182437886806,0.0
v1,3,0.3,6.193775849732025,11149,1.0,t1,h100,poisson,total,0.1,75.03665787446963,5.658287149053649,static_qc_fallback,0.6198313750112118,1.376888232996862,0.628511114038657,0.527448869752422,0.8328998116422998,37.56901908688269,76.76631491721942,4.591278265866011,2.5564120569750344,29.347464603448994,55.890415413057255,18.22307444674061,0.8328998116422998,0.017400663736657995,0.06269620593775227,0.08700331868328998,0.0029599067180913086,0.0,0.3249618799892367,0.0,0.1331061081711364,0.022602924029060903,0.043322271055700065,0.42048614225491077,0.0964212036953987,0.13436182617275091,0.0
v1,3,0.3,6.193775849732025,11149,1.0,t1,h100,poisson,total,0.1,75.03665787446963,5.658287149053649,shortest_queue,0.3520495111669208,1.1896297239982232,0.3422101578463594,0.11425296140619029,0.9992824468562203,0.1324503797441139,0.27064128394802917,4.5044751729990455,0.03047499991953373,11.943953173707314,18.152645189023,12.06153070795898,0.9992824468562203,0.0,0.0007175531437797112,0.0,0.0,0.0,0.0,0.6773701677280474,0.21311328370257424,0.09902233384160014,0.0,0.009776661583998566,0.0,0.0,0.0
v1,3,0.3,6.193775849732025,11149,1.0,t1,h100,poisson,total,0.1,75.03665787446963,5.658287149053649,capacity_greedy,0.7275988877926272,1.2106766260003496,0.7281748666981361,0.6418191603875134,0.9880706789846623,30.16265102102807,61.63257980368415,4.58665115781445,2.5227355366980646,20.860591315832373,28.700336459999015,17.993172270600667,0.9880706789846623,0.006368284151044937,0.003408377432953628,0.0021526594313391336,0.01013543815588842,0.0,0.0,0.0,0.1321194725984393,0.03650551618979281,0.06018476993452328,0.5289263611086196,0.09794600412593057,0.13875683917840165,0.0
v1,3,0.3,6.193775849732025,11149,1.0,t1,h100,poisson,total,0.1,75.03665787446963,5.658287149053649,batch_lp@2s,0.7280473585074895,3.670908733998658,0.7310709869776274,0.6393972012917115,0.9863664902681855,29.985366950388197,61.270328003468826,4.587858653024577,3.576941291242562,21.21095172848737,28.917951420125448,19.108894766647836,0.9863664902681855,0.0065476724369898645,0.004484707148623195,0.002601130146201453,0.01587586330612611,0.0,0.0,0.0,0.13274733159924657,0.03623643376087542,0.05910844021885371,0.5303614673961791,0.0961521212664813,0.13830836846353933,0.0
v1,3,0.3,6.193775849732025,11149,1.0,t1,h100,poisson,total,0.1,75.03665787446963,5.658287149053649,A:knn_capacity_greedy,0.6813167100188358,3.452526390999992,0.680563267357105,0.5998385360602799,0.9612521302358956,35.47788893797224,72.49342306521467,4.575948971523151,1.955715544410623,24.87238702870632,41.79909810838001,16.47392605315133,0.9612521302358956,0.014351062875594223,0.022602924029060903,0.001793882859449278,0.006996143151852184,0.0,0.0,0.024934971746344965,0.15319759619696835,0.07408736209525518,0.2060274464077496,0.3361736478607947,0.09050139025921607,0.0877208718270697,0.0029599067180913086
v1,3,0.3,6.193775849732025,11149,1.0,t1,h100,poisson,total,0.5,375.18328937234816,3.4872337036977115,oracle_unconstrained,0.9281101444075702,,,,,,,,,,,,,,,,,,,,,,,,,,
v1,3,0.3,6.193775849732025,11149,1.0,t1,h100,poisson,total,0.5,375.18328937234816,3.4872337036977115,predictor_unconstrained,0.8158130774060454,,,,,,,,,,,,,,,,,,,,,,,,,,
v1,3,0.3,6.193775849732025,11149,1.0,t1,h100,poisson,total,0.5,375.18328937234816,3.4872337036977115,fluid_ceiling,0.88825,,,,,,,,,,,,,,,,,,,,,,,,,,
v1,3,0.3,6.193775849732025,11149,1.0,t1,h100,poisson,total,0.5,375.18328937234816,3.4872337036977115,random,0.5394654229078841,0.6342131809979037,0.5089390228170131,0.413953488372093,0.8612431608215984,173.40056695595194,354.31647813271434,4.610252955391636,1.1981448846111107,75.08027923600466,145.44022828561364,16.362373535507174,0.8612431608215984,0.10610817113642479,0.02941967889496816,0.0032289891470087,0.02323078302986815,0.0,0.01820791102341017,0.12978742488115527,0.1292492600233205,0.101892546416719,0.12673782402009148,0.13086375459682484,0.09956049869943492,0.12637904744820164,0.12288097587227555
v1,3,0.3,6.193775849732025,11149,1.0,t1,h100,poisson,total,0.5,375.18328937234816,3.4872337036977115,always_best_api,0.5435913534846174,0.7518593589993543,0.48964157290158417,0.26976744186046514,0.634586061530182,129.6159745780169,264.84962782093146,4.046457455471076,10.625256056166336,44.10806568388091,68.48635614481046,12.986252689317553,0.634586061530182,0.09669028612431609,0.0,0.26872365234550183,0.9546147636559332,0.0,0.0,0.0,0.0,0.0,0.0,0.0,0.0,0.7312763476544981,0.0
v1,3,0.3,6.193775849732025,11149,1.0,t1,h100,poisson,total,0.5,375.18328937234816,3.4872337036977115,always_best_self,0.11157951385774509,0.44064729800084024,0.12532318725695044,0.05120366832250669,0.18772984124136693,0.0,0.0,4.497000524850411,29.864265235775406,30.007296294007347,30.022528595724022,86.20323991842565,0.18772984124136693,0.015965557449098573,0.7963046013095345,0.0,0.0,0.0,0.0,0.0,0.20369539869046552,0.0,0.0,0.0,0.0,0.0,0.0
v1,3,0.3,6.193775849732025,11149,1.0,t1,h100,poisson,total,0.5,375.18328937234816,3.4872337036977115,threshold,0.3512871109516549,0.5911176840018015,0.3215635469438507,0.25,0.4705354740335456,136.35417889908422,278.6180765976052,4.585303925207888,28.955949489884134,66.79488077154758,109.20960309558649,39.83518744363943,0.4705354740335456,0.15095524262265675,0.31940084312494393,0.05910844021885371,0.2228899452865728,0.0,0.0,0.0,0.1997488563996771,0.0,0.0,0.0,0.0,0.42174186025652527,0.0
v1,3,0.3,6.193775849732025,11149,1.0,t1,h100,poisson,total,0.5,375.18328937234816,3.4872337036977115,static_qc,0.7022602924029061,0.6530841599997075,0.6982959689537699,0.5823353293413174,0.8877926271414477,147.30413722520643,300.992574777863,5.023498016803997,3.0563944252073725,65.0303800795538,170.7506060754377,17.278741582486646,0.8877926271414477,0.10216162884563638,0.0,0.010045744012915957,0.03668490447573773,0.0,0.0,0.0,0.09686967441026101,0.015068616019373935,0.008072472867521751,0.3779711184859629,0.09722845098215087,0.3947439232218136,0.0
v1,3,0.3,6.193775849732025,11149,1.0,t1,h100,poisson,total,0.5,375.18328937234816,3.4872337036977115,static_qc_fallback,0.7072831644093641,0.655409792001592,0.7076247959251684,0.5941872981700753,0.8971208180105839,147.87612373082993,302.16133822408307,5.022386213579442,3.061909602403375,64.67689728084125,169.58202934833932,17.514784387630016,0.8971208180105839,0.10287918198941609,0.0,0.0,0.011391156157502915,0.0,0.0,0.0,0.09731814512512332,0.015158310162346398,0.008610637725356534,0.3843394026370078,0.09686967441026101,0.39770382993990494,0.0
v1,3,0.3,6.193775849732025,11149,1.0,t1,h100,poisson,total,0.5,375.18328937234816,3.4872337036977115,shortest_queue,0.3520495111669208,0.6321185910019267,0.3422101578463594,0.11425296140619029,0.9992824468562203,0.1324503797441139,0.27064128394802917,4.5044751729990455,0.03047499991953373,11.943953173707314,18.152645189023,12.06153070795898,0.9992824468562203,0.0,0.0007175531437797112,0.0,0.0,0.0,0.0,0.6773701677280474,0.21311328370257424,0.09902233384160014,0.0,0.009776661583998566,0.0,0.0,0.0
v1,3,0.3,6.193775849732025,11149,1.0,t1,h100,poisson,total,0.5,375.18328937234816,3.4872337036977115,capacity_greedy,0.7290788411516728,0.8697013499986497,0.7294585466748998,0.6410118406889128,0.9855592429814333,33.736138942624166,68.93443398592194,4.569370670346824,2.530955065531998,21.392432587843206,29.266256905476027,17.960527706076135,0.9855592429814333,0.008072472867521751,0.0029599067180913086,0.003408377432953628,0.01381289801775944,0.0,0.0,0.0,0.13059467216790743,0.03829939904924209,0.055610368642927614,0.5114360032289892,0.09669028612431609,0.1610009866355727,0.0
v1,3,0.3,6.193775849732025,11149,1.0,t1,h100,poisson,total,0.5,375.18328937234816,3.4872337036977115,batch_lp@2s,0.7292133823661315,3.8562645299971336,0.731570024369791,0.639935414424112,0.985290160552516,32.397980495299635,66.20012004126218,4.57147056330511,3.6138102147718882,22.00793152837539,29.210116545130138,18.99856541807395,0.985290160552516,0.0076240021526594315,0.0037671540048434837,0.0033186832899811643,0.01865638173827249,0.0,0.0,0.0,0.131671001883577,0.03605704547493049,0.05695578078751457,0.5161897928065298,0.09453762669297695,0.15750291505964661,0.0
v1,3,0.3,6.193775849732025,11149,1.0,t1,h100,poisson,total,0.5,375.18328937234816,3.4872337036977115,A:knn_capacity_greedy,0.6976858911113104,3.4924816810016637,0.6941977973475576,0.61248654467169,0.9556013992286304,51.43777818396302,105.10491821946124,4.593931922322539,2.25194537151026,26.310830120901056,64.2730367525006,17.236823937917507,0.9556013992286304,0.02645977217687685,0.015248004305318863,0.002690824289173917,0.012288097587227554,0.0,0.0,0.0,0.14557359404430892,0.07301103237958562,0.19983855054264957,0.31141806440039466,0.09534487397972913,0.15140371333751906,0.0054713427213202975
v1,3,0.7,14.452143649374724,26014,1.0,t1,h100,poisson,total,0.1,175.08553504042914,5.658287149053649,oracle_unconstrained,0.9280387483662643,,,,,,,,,,,,,,,,,,,,,,,,,,
v1,3,0.7,14.452143649374724,26014,1.0,t1,h100,poisson,total,0.1,175.08553504042914,5.658287149053649,predictor_unconstrained,0.8161566848619974,,,,,,,,,,,,,,,,,,,,,,,,,,
v1,3,0.7,14.452143649374724,26014,1.0,t1,h100,poisson,total,0.1,175.08553504042914,5.658287149053649,fluid_ceiling,0.8861,,,,,,,,,,,,,,,,,,,,,,,,,,
v1,3,0.7,14.452143649374724,26014,1.0,t1,h100,poisson,total,0.1,175.08553504042914,5.658287149053649,random,0.20458214807411393,2.170937701001094,0.1979561231474161,0.10825688073394496,0.4567156146690244,87.61240933693261,175.77225088154918,4.688440500670014,0.430387499369715,30.018301209720097,112.49559572502409,10.763617300092655,0.4567156146690244,0.0273314369185823,0.3219035903744138,0.19404935803797954,0.01141692934573691,0.0,1.0046513415853002,0.227877296840163,0.08729914661336204,0.04543707234566003,0.02710079188129469,0.02744675943722611,0.015068809102790804,0.028561543784116246,0.025255631582993772
v1,3,0.7,14.452143649374724,26014,1.0,t1,h100,poisson,total,0.1,175.08553504042914,5.658287149053649,always_best_api,0.14140462827708158,2.4598183460002474,0.12577001739945579,0.05779816513761468,0.162681632966864,87.56749113969272,175.6821338228568,4.295238053661439,8.593279734060957,59.38030550778785,199.67226923262433,10.437692304854863,0.162681632966864,0.021872837702775427,0.0,0.8154455293303606,0.4166987006996233,0.0,2.120934881217806,0.0,0.0,0.0,0.0,0.0,0.0,0.18455447066963943,0.0
v1,3,0.7,14.452143649374724,26014,1.0,t1,h100,poisson,total,0.1,175.08553504042914,5.658287149053649,always_best_self,0.0488006458061044,1.8916267289969255,0.0531461923646484,0.019599666388657216,0.08430076112862304,0.0,0.0,4.641966878167074,29.868213012297588,30.007351003390546,30.02325974956953,87.51556722353428,0.08430076112862304,0.007688167909587145,0.501845160298301,0.4061659106634889,0.0,1.567540555085723,0.0,0.0,0.0919889290382102,0.0,0.0,0.0,0.0,0.0,0.0
v1,3,0.7,14.452143649374724,26014,1.0,t1,h100,poisson,total,0.1,175.08553504042914,5.658287149053649,threshold,0.07728530791112478,1.9046352530021977,0.07378800004907461,0.051892551892551896,0.11851310832628585,87.55493883881718,175.65695079004973,4.643303691019011,29.903913616431907,61.44717314217147,93.11048500835155,56.97836759724049,0.11851310832628585,0.057699700161451525,0.5030368263242869,0.32075036518797573,0.0,1.2492504036288152,0.05016529561005612,0.0,0.09010532790036134,0.0,0.0,0.0,0.0,0.08610748058737602,0.0
v1,3,0.7,14.452143649374724,26014,1.0,t1,h100,poisson,total,0.1,175.08553504042914,5.658287149053649,static_qc,0.5666564157761206,1.7719025799997326,0.5678275660571946,0.28144078144078144,0.7572460982547858,87.19786327192378,174.9405685263651,4.740300982755694,2.6491036296600896,29.709599433630867,68.68509931498018,17.570334364469574,0.7572460982547858,0.019566387329899286,0.1117859614053971,0.11140155300991773,0.17229184285384794,0.0,0.18935957561313138,0.0,0.05916045206427308,0.013531175520873375,0.046590297532098104,0.45456292765434,0.057891904359191206,0.14507572845390942,0.0
v1,3,0.7,14.452143649374724,26014,1.0,t1,h100,poisson,total,0.1,175.08553504042914,5.658287149053649,static_qc_fallback,0.5147420619666333,1.9155350799992448,0.5393050217203473,0.3577442048206666,0.6870915660798032,87.574971662596,175.69714160952117,4.675607074976511,2.7368247639844867,29.876283600977217,75.10286864354873,18.202039151168265,0.6870915660798032,0.023256707926501113,0.15276389636349658,0.13688782963019913,0.04543707234566003,0.0,0.4848158683785654,0.0,0.06150534327669716,0.01591450757284539,0.04082417159990774,0.4097793495809948,0.04805104943491966,0.1342738525409395,0.0
v1,3,0.7,14.452143649374724,26014,1.0,t1,h100,poisson,total,0.1,175.08553504042914,5.658287149053649,shortest_queue,0.5393249788575383,1.50874480299899,0.5338070317271749,0.4321934945788157,0.9740908741446913,13.465564461461327,27.0152663611764,4.634002720878462,4.002006414584912,26.538292135225785,29.767484995417373,23.151066671713124,0.9740908741446913,0.0014991927423694935,0.024409933112939187,0.0,0.0,0.0,0.0,0.2981471515337895,0.0919889290382102,0.04589836242023526,0.0,0.5395556238948258,0.0,0.0,0.0
v1,3,0.7,14.452143649374724,26014,1.0,t1,h100,poisson,total,0.1,175.08553504042914,5.658287149053649,capacity_greedy,0.712347197662797,2.1147216739991563,0.7043833167978154,0.6188444239418752,0.9712462520181441,70.59663251560596,141.63437686326353,4.683229890585717,2.4443683871643316,22.103501615597615,29.881051356647408,16.201960589510804,0.9712462520181441,0.00899515645421696,0.014261551472284155,0.005497040055354809,0.029291919735527024,0.0,0.0,0.0,0.05919889290382102,0.022141923579610978,0.1215883754901207,0.5751902821557623,0.052740831859767814,0.14918889828553855,0.00019220419773967863
v1,3,0.7,14.452143649374724,26014,1.0,t1,h100,poisson,total,0.1,175.08553504042914,5.658287149053649,batch_lp@2s,0.7118090259091259,6.017794579001929,0.7089483235390484,0.6126167685388075,0.9704389943876375,69.68345179505013,139.80230955763278,4.631544155844999,3.523010334369104,22.00619322397918,29.85821782261368,17.15114879361859,0.9704389943876375,0.008187898823710309,0.016491120166064428,0.004881986622587838,0.03382793880218344,0.0,0.0,0.0,0.060159913892519415,0.022987622049665566,0.13239025140309063,0.5690781886676405,0.04478357807334512,0.14922733912508648,0.0
v1,3,0.7,14.452143649374724,26014,1.0,t1,h100,poisson,total,0.1,175.08553504042914,5.658287149053649,A:knn_capacity_greedy,0.6693703390482049,4.643663926999579,0.6558558187900442,0.5941644562334217,0.9518720688859845,86.0653459159148,172.66845745974015,4.650509029330505,1.9916730888303391,26.738212012557383,47.08265739089896,15.200863865519864,0.9518720688859845,0.018490043822557086,0.025870685015760744,0.003767202275697701,0.020373644960405935,0.0005766125932190359,0.0,0.039324978857538245,0.07088490812639348,0.03567309910048436,0.2590912585530868,0.4131621434612132,0.05227954178519259,0.09744752825401706,0.0024986545706158223
v1,3,0.7,14.452143649374724,26014,1.0,t1,h100,poisson,total,0.5,875.4276752021457,3.4872337036977115,oracle_unconstrained,0.9280387483662643,,,,,,,,,,,,,,,,,,,,,,,,,,
v1,3,0.7,14.452143649374724,26014,1.0,t1,h100,poisson,total,0.5,875.4276752021457,3.4872337036977115,predictor_unconstrained,0.8161566848619974,,,,,,,,,,,,,,,,,,,,,,,,,,
v1,3,0.7,14.452143649374724,26014,1.0,t1,h100,poisson,total,0.5,875.4276752021457,3.4872337036977115,fluid_ceiling,0.8861,,,,,,,,,,,,,,,,,,,,,,,,,,
v1,3,0.7,14.452143649374724,26014,1.0,t1,h100,poisson,total,0.5,875.4276752021457,3.4872337036977115,random,0.4599638656108249,1.582319903998723,0.43118363805597165,0.3429844097995546,0.7403321288536941,419.63946190304705,841.9009742530511,5.13239403693396,2.8795126825758928,86.09384178112376,150.60284333206766,16.702495709304543,0.7403321288536941,0.11643730299069732,0.13954024755900668,0.00369032059660183,0.07173060659644806,0.0,0.01833628046436534,0.13827169985392482,0.08841393096025217,0.04462981471515338,0.13023756438840625,0.135157991850542,0.05850695779195818,0.131582993772584,0.1299684785115707
v1,3,0.7,14.452143649374724,26014,1.0,t1,h100,poisson,total,0.5,875.4276752021457,3.4872337036977115,always_best_api,0.4354578303990159,2.077203096003359,0.38292573232635974,0.15813177648040033,0.5001922041977397,122.65574398415629,246.07788287997562,4.040474583686021,7.4339536862282785,22.168435940932923,32.924547675574395,8.976050949804858,0.5001922041977397,0.007880372107326825,0.0,0.4919274236949335,1.654339970784962,0.0,0.0,0.0,0.0,0.0,0.0,0.0,0.0,0.5080725763050665,0.0
v1,3,0.7,14.452143649374724,26014,1.0,t1,h100,poisson,total,0.5,875.4276752021457,3.4872337036977115,always_best_self,0.0488006458061044,1.9954710089987202,0.0531461923646484,0.019599666388657216,0.08430076112862304,0.0,0.0,4.641966878167074,29.868213012297588,30.007351003390546,30.02325974956953,87.51556722353428,0.08430076112862304,0.007688167909587145,0.501845160298301,0.4061659106634889,0.0,1.567540555085723,0.0,0.0,0.0919889290382102,0.0,0.0,0.0,0.0,0.0,0.0
v1,3,0.7,14.452143649374724,26014,1.0,t1,h100,poisson,total,0.5,875.4276752021457,3.4872337036977115,threshold,0.2516337356807873,1.5937082679993182,0.19659272591871377,0.11358574610244988,0.3290151456907819,133.195567836985,267.2233869989427,4.620152621359787,19.47820694413076,38.81767048129581,58.35654957778,24.777559966541162,0.3290151456907819,0.052856154378411624,0.42580917967248405,0.19231952025832244,0.6564542169600984,0.015491658337818098,0.0,0.0,0.09183516568001845,0.0,0.0,0.0,0.0,0.2900361343891751,0.0
v1,3,0.7,14.452143649374724,26014,1.0,t1,h100,poisson,total,0.5,875.4276752021457,3.4872337036977115,static_qc,0.6263742600138387,1.7922027010026795,0.621071922914579,0.3144078144078144,0.7796955485507804,146.7480348937479,294.41300154776985,4.723710769743292,3.687883363184625,30.015137875047557,60.998828670577936,15.06314995198943,0.7796955485507804,0.041708310909510264,0.04574459906204351,0.13285154147766587,0.4589067425232567,0.0,0.0,0.0,0.05012685477050819,0.012647036211270854,0.008572307219189668,0.36880141462289534,0.05819943107557469,0.32305681556085186,0.0
v1,3,0.7,14.452143649374724,26014,1.0,t1,h100,poisson,total,0.5,875.4276752021457,3.4872337036977115,static_qc_fallback,0.6860728838317829,1.673742465001851,0.6982338716138751,0.5250836120401338,0.8959022065041901,151.22192721189458,303.38874058877826,4.723723470249145,3.4093304982616885,29.829427247843185,57.645223690899535,16.010825085749673,0.8959022065041901,0.039978473129853156,0.06411932036595679,0.0,0.17352194971938187,0.0,0.0,0.0,0.04893518874452218,0.012531713692627048,0.024717459829322674,0.46278926731759823,0.05666179749365726,0.3300914891981241,0.0001537633581917429
v1,3,0.7,14.452143649374724,26014,1.0,t1,h100,poisson,total,0.5,875.4276752021457,3.4872337036977115,shortest_queue,0.5393249788575383,1.3867247639973357,0.5338070317271749,0.4321934945788157,0.9740908741446913,13.465564461461327,27.0152663611764,4.634002720878462,4.002006414584912,26.538292135225785,29.767484995417373,23.151066671713124,0.9740908741446913,0.0014991927423694935,0.024409933112939187,0.0,0.0,0.0,0.0,0.2981471515337895,0.0919889290382102,0.04589836242023526,0.0,0.5395556238948258,0.0,0.0,0.0
v1,3,0.7,14.452143649374724,26014,1.0,t1,h100,poisson,total,0.5,875.4276752021457,3.4872337036977115,capacity_greedy,0.7147881909740909,1.8838706179994915,0.7107625053681722,0.6212662899319571,0.9698623817944184,85.98737603950394,172.51203052454437,4.663799518460312,2.5616051382983613,23.349833772612115,36.25376539109689,16.61594054340648,0.9698623817944184,0.013069885446298148,0.013684938879065118,0.003382793880218344,0.02114246175136465,0.0,0.0,0.0,0.06069808564619051,0.0214115476282002,0.11578380871838241,0.5512031982778504,0.050895671561466904,0.18293995540862612,0.0
v1,3,0.7,14.452143649374724,26014,1.0,t1,h100,poisson,total,0.5,875.4276752021457,3.4872337036977115,batch_lp@2s,0.7120396709464135,5.7915400129968475,0.7078936418567033,0.6138853650098028,0.967709694779734,82.45402618644766,165.4232532437456,4.687040738288209,3.6225545512347708,23.391195140184504,34.01903980142475,17.41724059153603,0.967709694779734,0.01249327285307911,0.015683862535557775,0.004113169831629123,0.028715307142307987,0.0,0.0,0.0,0.06081340816483432,0.02125778427000846,0.12220342892288767,0.5529330360575075,0.043860997924194664,0.17901898977473668,0.00011532251864380719
v1,3,0.7,14.452143649374724,26014,1.0,t1,h100,poisson,total,0.5,875.4276752021457,3.4872337036977115,A:knn_capacity_greedy,0.6912816175905282,4.3802747359986824,0.6774938367436686,0.6153846153846154,0.9425693857153841,130.20749491546667,261.22857065741704,4.64848772010407,2.186854277052646,27.98868599285879,67.59230436957806,15.433453520177736,0.9425693857153841,0.03309756285077266,0.019451064811255477,0.004881986622587838,0.024602137310678864,0.0,0.0,0.0001537633581917429,0.06623356654109326,0.033136003690320597,0.2553240562773891,0.389367263781041,0.05262550934112401,0.1736372722380257,0.005189513338971323
v1,3,1.0,20.64591949910675,37163,1.0,t1,h100,poisson,total,0.1,250.1221929148988,5.658287149053649,oracle_unconstrained,0.928087075855017,,,,,,,,,,,,,,,,,,,,,,,,,,
v1,3,1.0,20.64591949910675,37163,1.0,t1,h100,poisson,total,0.1,250.1221929148988,5.658287149053649,predictor_unconstrained,0.8164034119958022,,,,,,,,,,,,,,,,,,,,,,,,,,
v1,3,1.0,20.64591949910675,37163,1.0,t1,h100,poisson,total,0.1,250.1221929148988,5.658287149053649,fluid_ceiling,0.89495,,,,,,,,,,,,,,,,,,,,,,,,,,
v1,3,1.0,20.64591949910675,37163,1.0,t1,h100,poisson,total,0.1,250.1221929148988,5.658287149053649,random,0.17339827247531148,2.870910740002728,0.1619815175098603,0.1013113612626204,0.391195543955009,125.35405782456655,251.7060214471547,4.6574356066489475,26.304775151955994,35.35044337199223,111.71339863731833,32.80331987535902,0.391195543955009,0.0297876920593063,0.3878588919086188,0.1911578720770659,0.01654871781072572,0.0,1.0048166186798697,0.20501574146328339,0.06369238220811022,0.030406587196943197,0.02793100664639561,0.028200091488846432,0.011409197319914969,0.027258294540268548,0.02706993515055297
v1,3,1.0,20.64591949910675,37163,1.0,t1,h100,poisson,total,0.1,250.1221929148988,5.658287149053649,always_best_api,0.3626456421709765,2.9907346079999115,0.30963010676108377,0.10351630497853082,0.4127492398353201,119.78807603981113,240.52974877755503,4.0671365005946125,6.7063853306059755,17.415012750768305,26.375751208808513,8.077931531707709,0.4127492398353201,0.00271775690875333,0.0,0.5845330032559266,1.8810375911524904,0.0,0.04049726878884912,0.0,0.0,0.0,0.0,0.0,0.0,0.4154669967440734,0.0
v1,3,1.0,20.64591949910675,37163,1.0,t1,h100,poisson,total,0.1,250.1221929148988,5.658287149053649,always_best_self,0.033420337432392436,2.8480333010011236,0.03717017370636492,0.01508645700359754,0.057476522347496166,0.0,0.0,4.602826633188618,29.812611436283305,30.00763711892016,30.021288447853276,87.85116011922855,0.057476522347496166,0.005274062912036165,0.35626833140489195,0.5809810833355757,0.0,2.0138578693862175,0.0,0.0,0.06275058525953232,0.0,0.0,0.0,0.0,0.0,0.0
v1,3,1.0,20.64591949910675,37163,1.0,t1,h100,poisson,total,0.1,250.1221929148988,5.658287149053649,threshold,0.058983397465220785,2.8301023759995587,0.0564905974338247,0.0416260162601626,0.09086995129564351,125.29949379200116,251.59645901423875,4.635229046394158,29.914378323820472,64.61754038403214,97.59144836273506,54.16764282631448,0.09086995129564351,0.055915830261281385,0.3562145144364018,0.4969997040066733,0.0,1.7025267066706133,0.05510857573392891,0.0,0.06153970346850362,0.0,0.0,0.0,0.0,0.08524607808842127,0.0
v1,3,1.0,20.64591949910675,37163,1.0,t1,h100,poisson,total,0.1,250.1221929148988,5.658287149053649,static_qc,0.5539380566692679,2.416661623999971,0.5166395857610603,0.24,0.7271210612706186,118.97894960128724,238.90505468928248,4.685098656157481,2.6966436918152112,29.746013401896516,69.38708627765195,16.275431899340674,0.7271210612706186,0.01902429836127331,0.13351989882409923,0.12033474154400882,0.35715631138497966,0.0,0.06797083120307833,0.0,0.0428383069181713,0.009740871296719855,0.04719748136587466,0.4482146220703388,0.04593278260635578,0.15222129537443155,0.0
v1,3,1.0,20.64591949910675,37163,1.0,t1,h100,poisson,total,0.1,250.1221929148988,5.658287149053649,static_qc_fallback,0.4767376153701262,2.693659430002299,0.46370912259282776,0.3017073170731707,0.6329682748970751,125.15824733056434,251.31284167094137,4.660278561609834,2.7219963323469756,29.917323790782188,80.64607293497772,16.744512683997073,0.6329682748970751,0.02448672066302505,0.1948174259343971,0.14772757850550278,0.09732798751446331,0.0,0.5381696849016495,0.0,0.04213868632779916,0.012350994268492855,0.05411296181686086,0.3736243037429702,0.03756424400613514,0.13744853752388128,0.0002152678739606598
v1,3,1.0,20.64591949910675,37163,1.0,t1,h100,poisson,total,0.1,250.1221929148988,5.658287149053649,shortest_queue,0.4557086349325942,2.5688681510000606,0.4322567996966351,0.36588921282798836,0.7845437666496247,14.888958128423837,29.896442756114645,4.6366686068697645,3.5452977344220926,27.086071402290255,29.9022899138438,21.939881847597462,0.7845437666496247,0.002448672066302505,0.03907111912385975,0.17393644216021312,0.6851169173640449,0.0,0.0,0.20840621047816377,0.06301967010198316,0.03002986841751204,0.0,0.4855366897182682,0.0,0.0,0.0
v1,3,1.0,20.64591949910675,37163,1.0,t1,h100,poisson,total,0.1,250.1221929148988,5.658287149053649,capacity_greedy,0.6971450098215968,2.8580991119997634,0.6524474851658226,0.5451895043731778,0.9612786911713264,98.74750745671918,198.2811139990312,4.652311534452734,2.210389690205261,19.63985141238758,29.86941323563717,14.370620642210952,0.9612786911713264,0.008906708285122298,0.01380405241772731,0.016010548125824073,0.08871727255603692,0.0,0.0,0.0,0.03907111912385975,0.01555310389365767,0.2204881199042058,0.498210585797702,0.041116163926486024,0.15515432015714556,0.0005919866533918145
v1,3,1.0,20.64591949910675,37163,1.0,t1,h100,poisson,total,0.1,250.1221929148988,5.658287149053649,batch_lp@2s,0.7063342571912924,7.21838527500222,0.6815307327426697,0.6123404255319149,0.9695934128030568,106.44913976344469,213.74568898142033,4.675183566122265,3.1163382672525586,21.150508856441057,29.985051856091,15.017295483918815,0.9695934128030568,0.009740871296719855,0.015284019051206845,0.005381696849016495,0.049726878884912416,0.0,0.0,0.0,0.04308048327637704,0.01738288082232328,0.3026128138201975,0.41587062400774966,0.03261308290503996,0.16766676533110889,0.0001076339369803299
v1,3,1.0,20.64591949910675,37163,1.0,t1,h100,poisson,total,0.1,250.1221929148988,5.658287149053649,A:knn_capacity_greedy,0.6529074617226812,5.2095377309997275,0.6323769994159602,0.5659574468085107,0.9357694481069881,125.08599408239388,251.1677599883119,4.606047517950123,1.9101861075729403,26.18814565049301,51.60622979371699,14.343488501154525,0.9357694481069881,0.020154454699566775,0.028226999973091516,0.01584909722035358,0.02774264725668003,0.03909802760810484,0.0,0.048569814062373866,0.04733202378710007,0.023787100072652907,0.280924575518661,0.4165971530823669,0.03899039367112451,0.09759707235691413,0.0021257702553615153
v1,3,1.0,20.64591949910675,37163,1.0,t1,h100,poisson,total,0.5,1250.610964574494,3.4872337036977115,oracle_unconstrained,0.928087075855017,,,,,,,,,,,,,,,,,,,,,,,,,,
v1,3,1.0,20.64591949910675,37163,1.0,t1,h100,poisson,total,0.5,1250.610964574494,3.4872337036977115,predictor_unconstrained,0.8164034119958022,,,,,,,,,,,,,,,,,,,,,,,,,,
v1,3,1.0,20.64591949910675,37163,1.0,t1,h100,poisson,total,0.5,1250.610964574494,3.4872337036977115,fluid_ceiling,0.89495,,,,,,,,,,,,,,,,,,,,,,,,,,
v1,3,1.0,20.64591949910675,37163,1.0,t1,h100,poisson,total,0.5,1250.610964574494,3.4872337036977115,random,0.43727632322471277,2.11966498199763,0.40301796138276363,0.3032069970845481,0.7049753787369157,538.7317598153386,1081.7522004761788,4.670906478500333,2.479378276595412,81.52386770673348,136.98305280944703,15.340610608881285,0.7049753787369157,0.10706885881118317,0.184995829184942,0.002959933266959072,0.11831660522562765,0.0,0.0,0.14054301321206578,0.06347711433414956,0.029491698732610393,0.1385248768936846,0.14118881683394774,0.04509861959475823,0.12940290073460162,0.12431719721228103
v1,3,1.0,20.64591949910675,37163,1.0,t1,h100,poisson,total,0.5,1250.610964574494,3.4872337036977115,always_best_api,0.36268600489734415,2.9847087199996167,0.3090585136896566,0.10496692584426134,0.41309905013050613,119.72243003628682,240.39793418249715,4.0648474610076955,6.756895829603714,17.68608850399171,25.54546439947478,8.136430483742458,0.41309905013050613,0.002367946613567258,0.0,0.5845330032559266,1.9375454080671635,0.0,0.0,0.0,0.0,0.0,0.0,0.0,0.0,0.4154669967440734,0.0
v1,3,1.0,20.64591949910675,37163,1.0,t1,h100,poisson,total,0.5,1250.610964574494,3.4872337036977115,always_best_self,0.033420337432392436,2.861181067000871,0.03717017370636492,0.01508645700359754,0.057476522347496166,0.0,0.0,4.602826633188618,29.812611436283305,30.00763711892016,30.021288447853276,87.85116011922855,0.057476522347496166,0.005274062912036165,0.35626833140489195,0.5809810833355757,0.0,2.0138578693862175,0.0,0.0,0.06275058525953232,0.0,0.0,0.0,0.0,0.0,0.0
v1,3,1.0,20.64591949910675,37163,1.0,t1,h100,poisson,total,0.5,1250.610964574494,3.4872337036977115,threshold,0.2174205527002664,2.6432516770000802,0.16375460432432912,0.08108108108108109,0.28200091488846435,130.89743557968177,262.83690611362033,4.6281752245075225,14.812681820372518,32.16038044461627,45.57405469202696,18.81210486813083,0.28200091488846435,0.026074321233484916,0.3471732637300541,0.34475150014799666,0.791862874364287,0.4998789118208971,0.0,0.0,0.06476872157791351,0.0,0.0,0.0,0.0,0.24330651454403573,0.0
v1,3,1.0,20.64591949910675,37163,1.0,t1,h100,poisson,total,0.5,1250.610964574494,3.4872337036977115,static_qc,0.5968167263138068,2.626106298997911,0.5898338569095481,0.2672340425531915,0.7363237628824368,146.66407744849857,294.49570332572193,4.703583179078851,3.5155562947451244,29.366230070755456,41.87108548936053,14.072152755165265,0.7363237628824368,0.01851303716061674,0.0646341791566881,0.18052902080025832,0.6225815999784732,0.0,0.0,0.0,0.0369991658369884,0.009229610096063288,0.008287813147485402,0.36993784140139385,0.045582972311169714,0.2847993972499529,0.0
v1,3,1.0,20.64591949910675,37163,1.0,t1,h100,poisson,total,0.5,1250.610964574494,3.4872337036977115,static_qc_fallback,0.6575491752549579,2.5798541490003117,0.6342598382358958,0.4815447154471545,0.8573312165325727,163.5327468853502,328.3673285825553,4.677675787139312,3.223240433345154,29.372511148949886,42.26461443438764,14.17981599376526,0.8573312165325727,0.02131151952210532,0.10545434975647822,0.015902914188843743,0.3273417108414283,0.0,0.0,0.0,0.033877781664558834,0.009283427064553453,0.04593278260635578,0.45060947716815114,0.04458735839410166,0.2895621989613325,0.0047897101956246805
v1,3,1.0,20.64591949910675,37163,1.0,t1,h100,poisson,total,0.5,1250.610964574494,3.4872337036977115,shortest_queue,0.4557086349325942,2.5994918109972787,0.4322567996966351,0.36588921282798836,0.7845437666496247,14.888958128423837,29.896442756114645,4.6366686068697645,3.5452977344220926,27.086071402290255,29.9022899138438,21.939881847597462,0.7845437666496247,0.002448672066302505,0.03907111912385975,0.17393644216021312,0.6851169173640449,0.0,0.0,0.20840621047816377,0.06301967010198316,0.03002986841751204,0.0,0.4855366897182682,0.0,0.0,0.0
v1,3,1.0,20.64591949910675,37163,1.0,t1,h100,poisson,total,0.5,1250.610964574494,3.4872337036977115,capacity_greedy,0.6996878615827571,2.865689524998743,0.6620753679282604,0.5830903790087464,0.9568387912708877,126.69296520917669,254.39449485372032,4.70118630132078,2.3748956993745196,22.149921436627494,38.310330389345346,15.053269529824291,0.9568387912708877,0.014288405134138794,0.013777143933482228,0.015095659661491269,0.08651077684794016,0.0,0.0,0.0,0.041761967548368,0.015095659661491269,0.1985307967602185,0.4811506067863197,0.04001291607243764,0.19201894357290855,0.002556306003282835
v1,3,1.0,20.64591949910675,37163,1.0,t1,h100,poisson,total,0.5,1250.610964574494,3.4872337036977115,batch_lp@2s,0.7095229125743346,7.017817075000494,0.6907430320255071,0.6140425531914894,0.9645615262492264,133.5053211916893,268.07343792742375,4.664623535520333,3.3008865128833804,22.84757017472692,38.96623770653375,15.326081584713847,0.9645615262492264,0.015580012377902753,0.014396039071119124,0.005462422301751742,0.050318865538304225,0.0,0.0,0.0,0.04332265963458278,0.017517423243548692,0.27519306837445845,0.40206657159002235,0.03064876355514894,0.2103436213438097,0.0010494308855582165
v1,3,1.0,20.64591949910675,37163,1.0,t1,h100,poisson,total,0.5,1250.610964574494,3.4872337036977115,A:knn_capacity_greedy,0.6887495627371311,5.528275341999688,0.6693158856713554,0.5953191489361702,0.9426849285579744,181.00316384521466,363.44723921572023,4.687402066466943,2.090863066405632,27.236115114420773,65.86681322220785,14.736063800053216,0.9426849285579744,0.033904690148803915,0.016279632968274897,0.007130748324946856,0.03702607432123348,0.0,0.0,0.0003498102951860722,0.04402228022495493,0.024298361273309473,0.28434195301778653,0.4068831902698921,0.041250706347711434,0.1701423458816565,0.005300971396281247
v1,3,1.3,26.839695348838777,48311,1.0,t1,h100,poisson,total,0.1,325.15885078936844,5.658287149053649,oracle_unconstrained,0.9294467098590383,,,,,,,,,,,,,,,,,,,,,,,,,,
v1,3,1.3,26.839695348838777,48311,1.0,t1,h100,poisson,total,0.1,325.15885078936844,5.658287149053649,predictor_unconstrained,0.8190888203514728,,,,,,,,,,,,,,,,,,,,,,,,,,
v1,3,1.3,26.839695348838777,48311,1.0,t1,h100,poisson,total,0.1,325.15885078936844,5.658287149053649,fluid_ceiling,0.8875557106070895,,,,,,,,,,,,,,,,,,,,,,,,,,
v1,3,1.3,26.839695348838777,48311,1.0,t1,h100,poisson,total,0.1,325.15885078936844,5.658287149053649,random,0.15208751630063547,3.6507535119999375,0.14594471672832152,0.09189548272807795,0.3274823539152574,163.23918893317386,326.1766919674994,4.722370926234496,29.350801477386995,44.483915250805865,121.14068314367694,34.16276625302464,0.3274823539152574,0.03206309122146095,0.4481174059737948,0.19233714888948686,0.020140340709155265,0.0,0.9952184802632941,0.16292355778187162,0.04874666225083314,0.023845501024611374,0.02955848564509118,0.028730516859514395,0.00968723479124837,0.027136676947279087,0.028916809836269174
v1,3,1.3,26.839695348838777,48311,1.0,t1,h100,poisson,total,0.1,325.15885078936844,5.658287149053649,always_best_api,0.2830618285690629,4.1321743660009815,0.2405222863792581,0.08503100088573959,0.31963734967191737,120.03083602304105,239.83984044490967,4.061460955899309,6.740069410016531,17.990208890907546,25.18743560321013,8.090257610832396,0.31963734967191737,0.0015110430336776305,0.0,0.678851607294405,2.263128480056302,0.0,0.0,0.0,0.0,0.0,0.0,0.0,0.0,0.321148392705595,0.0
v1,3,1.3,26.839695348838777,48311,1.0,t1,h100,poisson,total,0.1,325.15885078936844,5.658287149053649,always_best_self,0.025698081182339426,4.14936111499992,0.028623034963594574,0.011116031886625332,0.04535199022996833,0.0,0.0,4.670255910926403,29.744633029280635,30.00616432158778,30.021215356545618,90.81775532580468,0.04535199022996833,0.003767257974374366,0.27418186334375194,0.6766988884519054,0.0,2.2501707685620254,0.0,0.0,0.04911924820434269,0.0,0.0,0.0,0.0,0.0,0.0
v1,3,1.3,26.839695348838777,48311,1.0,t1,h100,poisson,total,0.1,325.15885078936844,5.658287149053649,threshold,0.056788309080747654,4.110027527000057,0.04944726939546238,0.024918743228602384,0.08761979673366314,142.20966362953186,284.15650648375,4.648798756006771,29.826452843570763,57.72312525546474,76.9222255146297,46.7510109936602,0.08761979673366314,0.04783589658669868,0.2746372461758192,0.589907060503819,0.0733166359628242,1.938833805965515,0.0,0.0,0.04851897083479953,0.0,0.0,0.0,0.0,0.08693672248556229,0.0
v1,3,1.3,26.839695348838777,48311,1.0,t1,h100,poisson,total,0.1,325.15885078936844,5.658287149053649,static_qc,0.4964811326612987,3.8523181450000266,0.44357536393440605,0.18651832460732984,0.6473680942228478,150.04990650380023,299.82250250874563,4.740467995336457,2.778156361270419,29.809239967652115,77.62470947937565,15.371770754017007,0.6473680942228478,0.019436567241414997,0.14886878764670572,0.1843265508890315,0.6774647595785639,0.0,0.005940676036513423,0.0,0.03276686468920122,0.007700109705864089,0.04851897083479953,0.38531597358779573,0.039514810291652006,0.15298793235495023,0.0
v1,3,1.3,26.839695348838777,48311,1.0,t1,h100,poisson,total,0.1,325.15885078936844,5.658287149053649,static_qc_fallback,0.5181842644532301,3.749274306999723,0.48174177793532785,0.2957450750324214,0.6908571546852683,162.71784778254005,325.13497316816205,4.740649350095229,2.570235726776673,29.86890330979846,69.94351596001256,14.97561696030209,0.6908571546852683,0.023969696342447888,0.20858603630643124,0.0765871126658525,0.25240628428308254,0.0018629297675477633,0.28181987539069775,0.0,0.032270083417855144,0.009252551178820559,0.10658028192337149,0.37115770735443276,0.03773467740266192,0.15723127238103124,0.0006002773695431682
v1,3,1.3,26.839695348838777,48311,1.0,t1,h100,poisson,total,0.1,325.15885078936844,5.658287149053649,shortest_queue,0.356026577798017,3.913768426999013,0.3368605441165104,0.2903575297941495,0.6178717062366749,15.038316209565892,30.04883977955486,4.6562530862270055,3.6371175155850963,27.384188101112603,29.86198469461988,22.52749293609827,0.6178717062366749,0.0016145391318747283,0.02910310281302395,0.35141065181842646,1.2755066134006747,0.0,0.0,0.1700647885574714,0.046966529361843055,0.023700606487135435,0.0,0.3787543209620997,0.0,0.0,0.0
v1,3,1.3,26.839695348838777,48311,1.0,t1,h100,poisson,total,0.1,325.15885078936844,5.658287149053649,capacity_greedy,0.6925544906957007,3.712492602000566,0.6414427599205794,0.5157096424702059,0.9681025025356544,139.79936656617429,279.3403668795107,4.6859197777238855,1.8640416870543888,19.62551884214035,30.290857057798117,13.549268640306224,0.9681025025356544,0.01022541450187328,0.013495891204901576,0.00817619175757074,0.059054873631264104,0.0,0.0,0.0,0.032435677174970506,0.013350996667425638,0.34412452650535075,0.3852952743681563,0.03558195856016228,0.1658628469706692,0.001676636790792987
v1,3,1.3,26.839695348838777,48311,1.0,t1,h100,poisson,total,0.1,325.15885078936844,5.658287149053649,batch_lp@2s,0.7049429736498934,8.035923643001297,0.6704502406795054,0.587696335078534,0.971435076897601,145.29603391089586,290.3235430583695,4.684583216958219,2.8683794545472665,20.455487153831637,31.523298626070712,14.419148429265533,0.971435076897601,0.011011984848171223,0.01428246155119952,0.0032704767030282958,0.03518867338701331,0.0,0.0,0.0,0.03405021630684523,0.014323859990478359,0.39653495063236116,0.3316014986235019,0.025729130011798555,0.18008321086295045,0.00012419531783651756
v1,3,1.3,26.839695348838777,48311,1.0,t1,h100,poisson,total,0.1,325.15885078936844,5.658287149053649,A:knn_capacity_greedy,0.6166401026681294,5.731028438000067,0.5781285698969859,0.5102925243770314,0.8825733269855727,162.65341846299816,325.00623360230634,4.649545144142943,1.8624591426079746,28.065395241752995,59.58251248329737,14.523424729525118,0.8825733269855727,0.02140299310715986,0.03394672020864813,0.062076959698619365,0.06493345200885926,0.17540518722444165,0.0,0.04071536503073834,0.03446420069963362,0.018546500796919958,0.3113369625965101,0.3642441679948666,0.031235122435884166,0.10082589886361285,0.0026081016745668688
v1,3,1.3,26.839695348838777,48311,1.0,t1,h100,poisson,total,0.5,1625.7942539468422,3.4872337036977115,oracle_unconstrained,0.9294467098590383,,,,,,,,,,,,,,,,,,,,,,,,,,
v1,3,1.3,26.839695348838777,48311,1.0,t1,h100,poisson,total,0.5,1625.7942539468422,3.4872337036977115,predictor_unconstrained,0.8190888203514728,,,,,,,,,,,,,,,,,,,,,,,,,,
v1,3,1.3,26.839695348838777,48311,1.0,t1,h100,poisson,total,0.5,1625.7942539468422,3.4872337036977115,fluid_ceiling,0.8875557106070895,,,,,,,,,,,,,,,,,,,,,,,,,,
v1,3,1.3,26.839695348838777,48311,1.0,t1,h100,poisson,total,0.5,1625.7942539468422,3.4872337036977115,random,0.4219432427397487,2.889900090998708,0.3897723825660003,0.28602383531960995,0.6866345138788268,544.6333623987503,1088.26017602357,4.7217712250834545,2.291471141760667,64.67890742163941,127.10595981768614,14.262546540680205,0.6866345138788268,0.08331435904866387,0.22475212684481796,0.005299000227691416,0.18767982447061746,0.0,0.0,0.1478131274450953,0.04773240048850158,0.023638508828217178,0.14677816646312433,0.1488480884270663,0.037506985986628306,0.1213802239655565,0.09625137132330111
v1,3,1.3,26.839695348838777,48311,1.0,t1,h100,poisson,total,0.5,1625.7942539468422,3.4872337036977115,always_best_api,0.2830618285690629,4.01447897899925,0.2405222863792581,0.08503100088573959,0.31963734967191737,120.03083602304105,239.83984044490967,4.061460955899309,6.740069410016531,17.990208890907546,25.18743560321013,8.090257610832396,0.31963734967191737,0.0015110430336776305,0.0,0.678851607294405,2.263128480056302,0.0,0.0,0.0,0.0,0.0,0.0,0.0,0.0,0.321148392705595,0.0
v1,3,1.3,26.839695348838777,48311,1.0,t1,h100,poisson,total,0.5,1625.7942539468422,3.4872337036977115,always_best_self,0.025698081182339426,3.733770833001472,0.028623034963594574,0.011116031886625332,0.04535199022996833,0.0,0.0,4.670255910926403,29.744633029280635,30.00616432158778,30.021215356545618,90.81775532580468,0.04535199022996833,0.003767257974374366,0.27418186334375194,0.6766988884519054,0.0,2.2501707685620254,0.0,0.0,0.04911924820434269,0.0,0.0,0.0,0.0,0.0,0.0
v1,3,1.3,26.839695348838777,48311,1.0,t1,h100,poisson,total,0.5,1625.7942539468422,3.4872337036977115,threshold,0.19501769783279171,3.5903182469992316,0.1402286230006989,0.06442880346507851,0.2495290927532032,129.53204908512998,258.82470717038234,4.692279150477589,12.862488037192634,29.998079175485056,37.36740925968502,16.15823319623712,0.2495290927532032,0.01270932085860363,0.271718656206661,0.46604293018153214,0.8856782099314856,0.7718739003539566,0.0,0.0,0.04936763884001573,0.0,0.0,0.0,0.0,0.21287077477179112,0.0
v1,3,1.3,26.839695348838777,48311,1.0,t1,h100,poisson,total,0.5,1625.7942539468422,3.4872337036977115,static_qc,0.5552255179979715,3.4639679870015243,0.5218456865338692,0.20287958115183247,0.6777959470927946,142.71758238600341,285.1714053009817,4.737955038462964,3.4261374824801862,28.06776306893494,30.90277504609142,12.786582919993378,0.6777959470927946,0.00867297302891681,0.0739583117716462,0.23957276810664238,0.8376146219287532,0.0,0.0,0.0,0.02817163792925007,0.007451719070191053,0.008465980832522613,0.34627724534785037,0.03862474384715696,0.25747759309474033,0.0
v1,3,1.3,26.839695348838777,48311,1.0,t1,h100,poisson,total,0.5,1625.7942539468422,3.4872337036977115,static_qc_fallback,0.611910330980522,3.4910091849997116,0.5612736357542712,0.39544962080173346,0.8009149055080623,197.54498416654314,394.7248811472166,4.737846971598719,3.148450568494013,28.612467965338272,35.95916996289646,13.07891004149451,0.8009149055080623,0.014862039701103268,0.1370081347933183,0.04721491999751609,0.5549460785328393,0.0,0.0,0.0,0.02709527850800025,0.008362484734325515,0.07571774544099688,0.3851503798306804,0.04052907205398357,0.26223841361180683,0.016683571029372193
v1,3,1.3,26.839695348838777,48311,1.0,t1,h100,poisson,total,0.5,1625.7942539468422,3.4872337036977115,shortest_queue,0.356026577798017,3.6671587109995016,0.3368605441165104,0.2903575297941495,0.6178717062366749,15.038316209565892,30.04883977955486,4.6562530862270055,3.6371175155850963,27.384188101112603,29.86198469461988,22.52749293609827,0.6178717062366749,0.0016145391318747283,0.02910310281302395,0.35141065181842646,1.2755066134006747,0.0,0.0,0.1700647885574714,0.046966529361843055,0.023700606487135435,0.0,0.3787543209620997,0.0,0.0,0.0
v1,3,1.3,26.839695348838777,48311,1.0,t1,h100,poisson,total,0.5,1625.7942539468422,3.4872337036977115,capacity_greedy,0.6936308501169506,3.3893806589985616,0.643209270361161,0.5167930660888408,0.9593674318478194,183.37135761875288,366.4038226394244,4.676344925475313,2.10856040112958,21.98842725344779,41.290984819270996,14.246947213651396,0.9593674318478194,0.015917699902713668,0.0142617623315601,0.010453105917906895,0.06816253027260873,0.0,0.0,0.0,0.03245637639460992,0.012481629442570015,0.29900022769141604,0.3852952743681563,0.03494028275134028,0.2012378133344373,0.009873527768003145
v1,3,1.3,26.839695348838777,48311,1.0,t1,h100,poisson,total,0.5,1625.7942539468422,3.4872337036977115,batch_lp@2s,0.7051499658462876,7.913767273999838,0.6711156917629205,0.5834424083769634,0.9642938461220012,183.17131904333473,366.00411518423425,4.657103556216463,3.0585035805723066,22.19928166585981,41.76302291782852,14.537611044535424,0.9642938461220012,0.017677133572064335,0.014034070915526485,0.003994949390407981,0.03800376725797437,0.0,0.0,0.0,0.03390532176936929,0.014406656869036038,0.3646788516072944,0.3206309122146095,0.023224524435428783,0.2235308728860922,0.0015938399122353087
v1,3,1.3,26.839695348838777,48311,1.0,t1,h100,poisson,total,0.5,1625.7942539468422,3.4872337036977115,A:knn_capacity_greedy,0.683953964935522,5.7801925009989645,0.6409602966752342,0.5536294691224268,0.9392063919190247,190.23545595654832,380.1193336254431,4.683685475102942,1.9041563020095964,25.068724815598614,48.73511075929635,14.003557899964107,0.9392063919190247,0.025190950301173645,0.015379520192088759,0.020223137587712943,0.10347539897745855,0.0,0.0,0.00028978907495187434,0.0326426693713647,0.01887768831115067,0.3341475026391505,0.37600132475005693,0.034402103040715365,0.16139181552855458,0.006644449504253689
v1,4,0.3,6.193775849732025,11149,1.0,t1,h100,poisson,total,0.1,75.03665787446963,5.5140983663877705,oracle_unconstrained,0.9272580500493318,,,,,,,,,,,,,,,,,,,,,,,,,,
v1,4,0.3,6.193775849732025,11149,1.0,t1,h100,poisson,total,0.1,75.03665787446963,5.5140983663877705,predictor_unconstrained,0.8083684635393309,,,,,,,,,,,,,,,,,,,,,,,,,,
v1,4,0.3,6.193775849732025,11149,1.0,t1,h100,poisson,total,0.1,75.03665787446963,5.5140983663877705,fluid_ceiling,0.8911,,,,,,,,,,,,,,,,,,,,,,,,,,
v1,4,0.3,6.193775849732025,11149,1.0,t1,h100,poisson,total,0.1,75.03665787446963,5.5140983663877705,random,0.30563279217867073,0.8289160029999039,0.3013099322662178,0.14719185827365247,0.6318055430980357,38.02429046417819,75.55623072122947,4.70959521349947,0.984034304704636,29.92897263978358,97.86557114061416,30.155300036593168,0.6318055430980357,0.025114360032289892,0.1493407480491524,0.19373934882052202,0.0011660238586420307,0.0,1.009059108440219,0.22190330971387567,0.20791102341017131,0.1003677459861871,0.026100995604986993,0.024127724459592787,0.02457619517445511,0.025921607319042066,0.02601130146201453
v1,4,0.3,6.193775849732025,11149,1.0,t1,h100,poisson,total,0.1,75.03665787446963,5.5140983663877705,always_best_api,0.06664274822854067,0.8827090819977457,0.058891517665416455,0.014084507042253521,0.0797380931025204,39.68450255703647,78.85515797017705,4.609031428274286,15.547339445412945,96.14172352093468,258.7558970037963,19.219895821978184,0.0797380931025204,0.03381469190061889,0.0,0.8864472149968607,0.044936765629204414,0.0,2.646605076688492,0.0,0.0,0.0,0.0,0.0,0.0,0.1135527850031393,0.0
v1,4,0.3,6.193775849732025,11149,1.0,t1,h100,poisson,total,0.1,75.03665787446963,5.5140983663877705,always_best_self,0.11915866893891829,0.3960820499996771,0.12684356634481708,0.057105163965322274,0.20208090411696117,0.0,0.0,4.653353528594136,29.848649697846838,30.00712351919519,30.01904488840774,84.09294093640426,0.20208090411696117,0.016683110592878286,0.7812359852901606,0.0,0.0,0.0,0.0,0.0,0.21876401470983944,0.0,0.0,0.0,0.0,0.0,0.0
v1,4,0.3,6.193775849732025,11149,1.0,t1,h100,poisson,total,0.1,75.03665787446963,5.5140983663877705,threshold,0.14395909947080457,0.4352253139986715,0.14941322271255655,0.11675824175824176,0.22791281729303076,37.15893879905343,73.83673223047494,4.675547472547147,29.863245103651565,54.936099566195395,84.0987176248307,66.13994552748079,0.22791281729303076,0.0668221365144856,0.6950399138936227,0.010225132298860884,0.0,0.0,0.031841420755224684,0.0,0.21257511884473942,0.0,0.0,0.0,0.0,0.08215983496277693,0.0
v1,4,0.3,6.193775849732025,11149,1.0,t1,h100,poisson,total,0.1,75.03665787446963,5.5140983663877705,static_qc,0.6570992914162705,0.6302132980017632,0.6488891683926389,0.5686813186813187,0.8751457529823302,37.734153669276566,74.97971391187684,4.71156649153566,2.2771342577570977,28.5591120734602,42.870441906286395,17.904414515762824,0.8751457529823302,0.01632433402098843,0.02941967889496816,0.07911023410171315,0.03892725805004933,0.0,0.2139205309893264,0.0,0.12754507130684367,0.03237958561305947,0.06942326666068706,0.44712530271773254,0.10700511256614943,0.10799174813884653,0.0
v1,4,0.3,6.193775849732025,11149,1.0,t1,h100,poisson,total,0.1,75.03665787446963,5.5140983663877705,static_qc_fallback,0.6377702036057046,0.6628965739982959,0.6381344638895928,0.585971615720524,0.8515561933805722,37.740877079244456,74.99307367503262,4.69772965714298,2.2600385546658117,28.91991162637072,55.0205093941764,18.59507727489529,0.8515561933805722,0.01722127545071307,0.046640954345681225,0.08458157682303345,0.011570544443447843,0.0,0.31545430083415554,0.0,0.13113283702574222,0.04771728406135079,0.06466947708314646,0.41923042425329626,0.10296887613238856,0.10305857027536101,0.0
v1,4,0.3,6.193775849732025,11149,1.0,t1,h100,poisson,total,0.1,75.03665787446963,5.5140983663877705,shortest_queue,0.3472060274464078,0.5428015220022644,0.34255613285915776,0.10252544289483603,1.0,0.0,0.0,4.600090339562241,0.025975000113248825,7.763589490915713,11.865858177591013,9.776242459344985,1.0,0.0,0.0,0.0,0.0,0.0,0.0,0.6801506861601937,0.21176787155798726,0.108081442281819,0.0,0.0,0.0,0.0,0.0
v1,4,0.3,6.193775849732025,11149,1.0,t1,h100,poisson,total,0.1,75.03665787446963,5.5140983663877705,capacity_greedy,0.731814512512333,0.7511627020030573,0.724031133890504,0.6593406593406593,0.9869943492689928,27.971607040351955,55.58102911020554,4.705306644617177,2.154103940039704,19.957513831752067,28.204172221421917,17.43731711658802,0.9869943492689928,0.00690644900887972,0.002421741860256525,0.00367745986187102,0.014351062875594223,0.0,0.0,0.0,0.12817293030765092,0.04583370705892905,0.09588303883756391,0.517983675665979,0.10861960713965378,0.09740783926809579,0.0
v1,4,0.3,6.193775849732025,11149,1.0,t1,h100,poisson,total,0.1,75.03665787446963,5.5140983663877705,batch_lp@2s,0.7327114539420576,3.4408023890027835,0.7261501926104582,0.6634825327510917,0.9880706789846623,27.721858528973826,55.084765907983616,4.685927588888517,3.2196073756213366,20.81252965836922,28.625589886059288,18.572122063066274,0.9880706789846623,0.006637366579962329,0.002870212575118845,0.002421741860256525,0.014620145304511615,0.0,0.0,0.0,0.1298771190241277,0.0442192124854247,0.09570365055161897,0.5202260292402906,0.10835052471073639,0.09633150955242623,0.0
v1,4,0.3,6.193775849732025,11149,1.0,t1,h100,poisson,total,0.1,75.03665787446963,5.5140983663877705,A:knn_capacity_greedy,0.6793434388734416,2.961976328999299,0.6660495112532414,0.5985262008733624,0.9643914252399318,37.422804383091716,74.36104678581873,4.7001378595078895,1.99460379520891,25.595213551404733,42.04163125616434,16.829946032310147,0.9643914252399318,0.015606780877208718,0.017849134451520317,0.0021526594313391336,0.009059108440218854,0.0,0.0,0.030316620324692796,0.151583101623464,0.08036595210332766,0.20154273925912639,0.3297156695667773,0.0916674141178581,0.09148802583191318,0.0033186832899811643
v1,4,0.3,6.193775849732025,11149,1.0,t1,h100,poisson,total,0.5,375.18328937234816,3.350829639177391,oracle_unconstrained,0.9272580500493318,,,,,,,,,,,,,,,,,,,,,,,,,,
v1,4,0.3,6.193775849732025,11149,1.0,t1,h100,poisson,total,0.5,375.18328937234816,3.350829639177391,predictor_unconstrained,0.8083684635393309,,,,,,,,,,,,,,,,,,,,,,,,,,
v1,4,0.3,6.193775849732025,11149,1.0,t1,h100,poisson,total,0.5,375.18328937234816,3.350829639177391,fluid_ceiling,0.8911,,,,,,,,,,,,,,,,,,,,,,,,,,
v1,4,0.3,6.193775849732025,11149,1.0,t1,h100,poisson,total,0.5,375.18328937234816,3.350829639177391,random,0.5309444793255,0.5596318949974375,0.501842803622947,0.39906103286384975,0.8635752085388824,181.19385536933078,360.04155697399744,4.864555536517446,1.2792753383593265,77.75256294080545,145.25533592629472,17.237129680925804,0.8635752085388824,0.1110413489999103,0.021705982599336263,0.00367745986187102,0.02690824289173917,0.0,0.017759440308547852,0.12736568302089873,0.1339133554578886,0.10852991299668131,0.12189434029957844,0.12754507130684367,0.10225132298860884,0.12933895416629293,0.12377791730200018
v1,4,0.3,6.193775849732025,11149,1.0,t1,h100,poisson,total,0.5,375.18328937234816,3.350829639177391,always_best_api,0.532469279756032,0.6678838290026761,0.48505125998429155,0.2598944591029024,0.6214907166562024,133.20643330732128,264.68806874914964,4.212073236187559,11.202649432603778,45.94411142476858,70.96640842750402,13.674053093768094,0.6214907166562024,0.10592878285047987,0.0,0.2725805004933178,0.9734505336801507,0.0,0.0,0.0,0.0,0.0,0.0,0.0,0.0,0.7274194995066822,0.0
v1,4,0.3,6.193775849732025,11149,1.0,t1,h100,poisson,total,0.5,375.18328937234816,3.350829639177391,always_best_self,0.11915866893891829,0.3876893110027595,0.12684356634481708,0.057105163965322274,0.20208090411696117,0.0,0.0,4.653353528594136,29.848649697846838,30.00712351919519,30.01904488840774,84.09294093640426,0.20208090411696117,0.016683110592878286,0.7812359852901606,0.0,0.0,0.0,0.0,0.0,0.21876401470983944,0.0,0.0,0.0,0.0,0.0,0.0
v1,4,0.3,6.193775849732025,11149,1.0,t1,h100,poisson,total,0.5,375.18328937234816,3.350829639177391,threshold,0.365817562113194,0.5313598930006265,0.3326305516452963,0.25824175824175827,0.48964032648668043,139.44287479284685,277.08020035785717,4.639236721711965,28.9924774759276,65.09445801347314,105.84468314617307,39.62284261903551,0.48964032648668043,0.1584895506323437,0.2790384787873352,0.07283164409364068,0.26791640505874964,0.0,0.0,0.0,0.21526594313391337,0.0,0.0,0.0,0.0,0.43286393398511075,0.0
v1,4,0.3,6.193775849732025,11149,1.0,t1,h100,poisson,total,0.5,375.18328937234816,3.350829639177391,static_qc,0.6665620234998655,0.5955320079992816,0.6652457066493104,0.4848901098901099,0.8268006099201722,149.96538218776914,297.98896648580325,5.0201020501938345,3.474607847809466,60.75035221739069,161.2334236717027,15.874884085440499,0.8268006099201722,0.11005471342721321,0.0,0.06314467665261458,0.21876401470983944,0.0,0.0,0.0,0.03910664633599426,0.0019732711453942058,0.006637366579962329,0.3585971836039107,0.12054892815499148,0.4099919275271325,0.0
v1,4,0.3,6.193775849732025,11149,1.0,t1,h100,poisson,total,0.5,375.18328937234816,3.350829639177391,static_qc_fallback,0.6966544084671271,0.5785727350012166,0.700211372388383,0.5788755458515283,0.8854605794241636,150.65172694519788,299.3527689976593,5.017427628693743,3.374641347485749,60.086002803787146,151.3315977143123,16.724171825907263,0.8854605794241636,0.1145394205758364,0.0,0.0,0.07121714952013633,0.0,0.0,0.0,0.04753789577540587,0.0039465422907884115,0.014171674589649295,0.39393667593506143,0.11983137501121177,0.4205758363978832,0.0
v1,4,0.3,6.193775849732025,11149,1.0,t1,h100,poisson,total,0.5,375.18328937234816,3.350829639177391,shortest_queue,0.3472060274464078,0.5351749890032806,0.34255613285915776,0.10252544289483603,1.0,0.0,0.0,4.600090339562241,0.025975000113248825,7.763589490915713,11.865858177591013,9.776242459344985,1.0,0.0,0.0,0.0,0.0,0.0,0.0,0.6801506861601937,0.21176787155798726,0.108081442281819,0.0,0.0,0.0,0.0,0.0
v1,4,0.3,6.193775849732025,11149,1.0,t1,h100,poisson,total,0.5,375.18328937234816,3.350829639177391,capacity_greedy,0.7284509821508656,0.7172549509996315,0.7221016939465127,0.6634615384615384,0.9785630998295811,33.655256981521234,66.87473534512527,4.695304938625479,2.2488097799318325,20.676203487255,32.90425768785624,17.440631274301268,0.9785630998295811,0.011570544443447843,0.0032289891470087,0.006637366579962329,0.029329984751995695,0.0,0.0,0.0,0.12763476544981614,0.04466768320028702,0.09157771997488565,0.4749304870391963,0.11364247914611175,0.13768050946273208,0.0
v1,4,0.3,6.193775849732025,11149,1.0,t1,h100,poisson,total,0.5,375.18328937234816,3.350829639177391,batch_lp@2s,0.7276437348641134,3.1172371699976793,0.7198009471421374,0.6483516483516484,0.9803569826890304,32.21938308039171,64.0215796797345,4.696748138197764,3.2918249025024124,21.286262279847172,30.374392606156896,18.463547593625943,0.9803569826890304,0.01058390887075074,0.0031392950040362365,0.005919813436182617,0.030316620324692796,0.0,0.0,0.0,0.12880078930845815,0.044847071486231946,0.09265404969055521,0.4800430531886268,0.11140012557180017,0.13319580231410888,0.0
v1,4,0.3,6.193775849732025,11149,1.0,t1,h100,poisson,total,0.5,375.18328937234816,3.350829639177391,A:knn_capacity_greedy,0.6851735581666517,2.8192572689986264,0.6813127419237249,0.6099890829694323,0.9497712799354202,59.12469142090049,117.48381815375457,4.68448675652632,2.29800384798898,27.650909611557047,67.99144013907436,17.503823083476163,0.9497712799354202,0.033904386043591354,0.013274733159924657,0.0030496008610637723,0.013633509731814512,0.0,0.0,0.0,0.14108888689568572,0.07785451610009866,0.20351601040452058,0.284420127365683,0.09597273298053637,0.17427571979549736,0.0065476724369898645
v1,4,0.7,14.452143649374724,26014,1.0,t1,h100,poisson,total,0.1,175.08553504042914,5.5140983663877705,oracle_unconstrained,0.9317675098024141,,,,,,,,,,,,,,,,,,,,,,,,,,
v1,4,0.7,14.452143649374724,26014,1.0,t1,h100,poisson,total,0.1,175.08553504042914,5.5140983663877705,predictor_unconstrained,0.8237103098331667,,,,,,,,,,,,,,,,,,,,,,,,,,
v1,4,0.7,14.452143649374724,26014,1.0,t1,h100,poisson,total,0.1,175.08553504042914,5.5140983663877705,fluid_ceiling,0.89235,,,,,,,,,,,,,,,,,,,,,,,,,,
v1,4,0.7,14.452143649374724,26014,1.0,t1,h100,poisson,total,0.1,175.08553504042914,5.5140983663877705,random,0.20504343814868917,1.8401835299991944,0.20387967639058838,0.10750605326876514,0.45283308987468285,87.7466045045112,176.09423609797693,4.658108282470391,0.4294749997557119,30.069692719482262,105.7929202037132,10.770020825131581,0.45283308987468285,0.028138694549088954,0.32359498731452296,0.19543322826170523,0.011801337741216267,0.0,1.0124548320135311,0.22610901822095794,0.09091258553086799,0.04339970784961943,0.026216652571692166,0.02598600753440455,0.015107249942338741,0.026754824325363268,0.026485738448527717
v1,4,0.7,14.452143649374724,26014,1.0,t1,h100,poisson,total,0.1,175.08553504042914,5.5140983663877705,always_best_api,0.20004612900745752,1.9864565089992539,0.17898499287087122,0.08103309120258273,0.22895364034750518,87.57531147834379,175.7504767609383,4.5762857581722525,8.049943717186693,38.10611840423152,104.77962571969141,9.749855372955693,0.22895364034750518,0.017798108710694243,0.0,0.7532482509418006,0.6425001922041977,0.0,1.7184592911509187,0.0,0.0,0.0,0.0,0.0,0.0,0.24675174905819944,0.0
v1,4,0.7,14.452143649374724,26014,1.0,t1,h100,poisson,total,0.1,175.08553504042914,5.5140983663877705,always_best_self,0.05164526793265165,1.6914608990009583,0.05286019734409466,0.023163841807909605,0.08737602829245791,0.0,0.0,4.630783639054708,29.867604699895423,30.009470996227424,30.02232888227572,82.77368659461456,0.08737602829245791,0.00872607057738141,0.4986161297762743,0.4052817713538864,0.0,1.5701929730145305,0.0,0.0,0.09610209886983932,0.0,0.0,0.0,0.0,0.0,0.0
v1,4,0.7,14.452143649374724,26014,1.0,t1,h100,poisson,total,0.1,175.08553504042914,5.5140983663877705,threshold,0.07248020296763281,1.6284729539984255,0.07050455002646094,0.05269761606022585,0.11578380871838241,87.66673249611631,175.93394499174744,4.643280633674258,29.918187812512656,61.673725739699535,92.83103109600115,56.980983846230856,0.11578380871838241,0.059929268855231796,0.5012685477050819,0.3230183747213039,0.0,1.2610901822095795,0.024333051433843317,0.0,0.09187360651956639,0.0,0.0,0.0,0.0,0.08383947105404782,0.0
v1,4,0.7,14.452143649374724,26014,1.0,t1,h100,poisson,total,0.1,175.08553504042914,5.5140983663877705,static_qc,0.626758668409318,1.3772560039978998,0.6292362200526428,0.3456712672521957,0.8202506342738526,80.10757723918141,160.76385746491303,4.692781397234294,2.4487684458408125,29.572456233436338,42.83465620634535,16.763857304056103,0.8202506342738526,0.016529561005612363,0.10367494426078265,0.05954486045975244,0.19597140001537633,0.0,0.0,0.0,0.05839163527331437,0.02610133005304836,0.07765049588683016,0.4887752748520028,0.06565695394787423,0.12020450526639502,0.0
v1,4,0.7,14.452143649374724,26014,1.0,t1,h100,poisson,total,0.1,175.08553504042914,5.5140983663877705,static_qc_fallback,0.6321019451064811,1.4158563019991561,0.6511145887471321,0.44334689134224287,0.8284000922580149,87.60987449714412,175.81983954058379,4.72891223647443,2.504057092706944,29.659986538241125,64.17934677361762,16.610705218285602,0.8284000922580149,0.02048896747904974,0.11832090412854616,0.032790036134389175,0.057545936803259784,0.0,0.1275082647805028,0.0,0.05908357038517721,0.026408856769431846,0.07495963711847467,0.5009994618282463,0.062197278388560005,0.12504805104943492,0.00019220419773967863
v1,4,0.7,14.452143649374724,26014,1.0,t1,h100,poisson,total,0.1,175.08553504042914,5.5140983663877705,shortest_queue,0.5350388252479434,1.2428990000007616,0.5307109018687898,0.41670702179176755,0.9734373798723764,13.072125733504436,26.233789993546974,4.630961203877355,4.160734312529712,26.325530820101775,29.68365577421682,23.363857837275873,0.9734373798723764,0.001422311063273622,0.025140309064349966,0.0,0.0,0.0,0.0,0.30356730991004843,0.096294303067579,0.04339970784961943,0.0,0.5315983701084032,0.0,0.0,0.0
v1,4,0.7,14.452143649374724,26014,1.0,t1,h100,poisson,total,0.1,175.08553504042914,5.5140983663877705,capacity_greedy,0.7258783731836703,1.689050536002469,0.7189022822231964,0.6304893350062736,0.9754363035288691,61.7739204638965,123.97096612790048,4.696778798781324,2.2224315969246007,21.21591828857322,29.66054874409461,15.610841327428233,0.9754363035288691,0.006957791958176367,0.013146767125394018,0.004459137387560545,0.021719074344583686,0.0,0.0,0.0,0.05900668870608134,0.024333051433843317,0.1634120089182748,0.5703467363727224,0.05731529176597217,0.10798031829015145,0.0
v1,4,0.7,14.452143649374724,26014,1.0,t1,h100,poisson,total,0.1,175.08553504042914,5.5140983663877705,batch_lp@2s,0.7255324056277389,4.641853100001754,0.7186082844043117,0.6298619824341279,0.9768201737525948,58.90083842126478,118.2051226471076,4.702889250146601,3.3094516482259024,21.334695147775665,29.437069189041743,16.53927030259652,0.9768201737525948,0.005727685092642423,0.013646498039517183,0.003805643115245637,0.020642730837241486,0.0,0.0,0.0,0.05823787191512263,0.024948104866610286,0.16337356807872683,0.5795725378642269,0.052933036057507495,0.10348274006304298,0.0
v1,4,0.7,14.452143649374724,26014,1.0,t1,h100,poisson,total,0.1,175.08553504042914,5.5140983663877705,A:knn_capacity_greedy,0.6739063581148612,3.7557245919997513,0.6627033715965432,0.5978670012547052,0.9431075574690552,86.43417569965459,173.46038890663263,4.678258936084729,1.99550419386469,26.850738888950218,45.01500754739269,15.044478233269189,0.9431075574690552,0.019489505650803412,0.02913815637733528,0.008264780502806181,0.021988160221419237,0.012377950334435305,0.0,0.02825401706773276,0.06896286614899669,0.03409702467901899,0.26120550472822324,0.41139386484200813,0.05254862766202814,0.10309833166756362,0.0030368263242869223
v1,4,0.7,14.452143649374724,26014,1.0,t1,h100,poisson,total,0.5,875.4276752021457,3.350829639177391,oracle_unconstrained,0.9317675098024141,,,,,,,,,,,,,,,,,,,,,,,,,,
v1,4,0.7,14.452143649374724,26014,1.0,t1,h100,poisson,total,0.5,875.4276752021457,3.350829639177391,predictor_unconstrained,0.8237103098331667,,,,,,,,,,,,,,,,,,,,,,,,,,
v1,4,0.7,14.452143649374724,26014,1.0,t1,h100,poisson,total,0.5,875.4276752021457,3.350829639177391,fluid_ceiling,0.89235,,,,,,,,,,,,,,,,,,,,,,,,,,
v1,4,0.7,14.452143649374724,26014,1.0,t1,h100,poisson,total,0.5,875.4276752021457,3.350829639177391,random,0.4679595602367956,1.3102643370002625,0.4382511141017485,0.34575569358178054,0.7462904589836242,423.2257434369276,849.3504040226712,5.050468152725998,2.9893622874404286,85.7517659490237,145.3394569237398,16.947917509570345,0.7462904589836242,0.11739832397939572,0.13538863688782962,0.0009225801491504575,0.0775736142077343,0.0,0.0,0.13200584300761128,0.08968247866533405,0.04470669639424925,0.13365879910817252,0.13442761589913124,0.0588529253478896,0.13873298992850003,0.13162143461213194
v1,4,0.7,14.452143649374724,26014,1.0,t1,h100,poisson,total,0.5,875.4276752021457,3.350829639177391,always_best_api,0.4363804105481664,1.8114081890016678,0.3886770630773217,0.1606133979015335,0.5001153225186438,122.85573623859091,246.5529822533128,4.062242553070307,7.414857540100854,22.504255009422305,34.18602298291767,8.944233925290177,0.5001153225186438,0.00899515645421696,0.0,0.49088952102713923,1.6482663181363881,0.0,0.0,0.0,0.0,0.0,0.0,0.0,0.0,0.5091104789728608,0.0
v1,4,0.7,14.452143649374724,26014,1.0,t1,h100,poisson,total,0.5,875.4276752021457,3.350829639177391,always_best_self,0.05164526793265165,1.6669341900014842,0.05286019734409466,0.023163841807909605,0.08737602829245791,0.0,0.0,4.630783639054708,29.867604699895423,30.009470996227424,30.02232888227572,82.77368659461456,0.08737602829245791,0.00872607057738141,0.4986161297762743,0.4052817713538864,0.0,1.5701929730145305,0.0,0.0,0.09610209886983932,0.0,0.0,0.0,0.0,0.0,0.0
v1,4,0.7,14.452143649374724,26014,1.0,t1,h100,poisson,total,0.5,875.4276752021457,3.350829639177391,threshold,0.26833628046436536,1.4810899930016603,0.2083212206767031,0.12563840653728295,0.34738986699469515,132.0261754601961,264.95667432242834,4.557432381724306,18.509321577936703,36.562287543325084,55.49157860858507,23.812706763097978,0.34738986699469515,0.049165833781809797,0.3960175290228339,0.2074267702006612,0.7197278388560007,0.0003075267163834858,0.0,0.0,0.09794725916814023,0.0,0.0,0.0,0.0,0.29860844160836475,0.0
v1,4,0.7,14.452143649374724,26014,1.0,t1,h100,poisson,total,0.5,875.4276752021457,3.350829639177391,static_qc,0.6186668716844775,1.6402254569984507,0.6052227226928503,0.22961104140526975,0.7659337279926194,142.6866902965412,286.35072400808684,4.594904664612696,3.2710168683594247,28.182038071893828,56.69252203214916,14.368009296715059,0.7659337279926194,0.03617283001460752,0.0,0.19789344199277312,0.6749058199431076,0.0,0.0,0.0,0.037249173521949716,0.002383332051972015,0.005958330129930038,0.3617667409856231,0.06950103790266779,0.3252479434150842,0.0
v1,4,0.7,14.452143649374724,26014,1.0,t1,h100,poisson,total,0.5,875.4276752021457,3.350829639177391,static_qc_fallback,0.7109825478588452,1.5438460820005275,0.7104711110978247,0.5981406159209762,0.9239255785346352,149.57725296066565,300.1790467731216,4.674473893515706,3.1861744167471215,29.54470953324821,54.815392194284776,15.336232842583627,0.9239255785346352,0.038979011301606824,0.037095410163757975,0.0,0.23844852771584532,0.0,0.0,0.0,0.040670408241716,0.012454832013531175,0.04124702083493503,0.474283078342431,0.06777120012301069,0.32563235181056355,0.000845698470054586
v1,4,0.7,14.452143649374724,26014,1.0,t1,h100,poisson,total,0.5,875.4276752021457,3.350829639177391,shortest_queue,0.5350388252479434,1.2378035029978491,0.5307109018687898,0.41670702179176755,0.9734373798723764,13.072125733504436,26.233789993546974,4.630961203877355,4.160734312529712,26.325530820101775,29.68365577421682,23.363857837275873,0.9734373798723764,0.001422311063273622,0.025140309064349966,0.0,0.0,0.0,0.0,0.30356730991004843,0.096294303067579,0.04339970784961943,0.0,0.5315983701084032,0.0,0.0,0.0
v1,4,0.7,14.452143649374724,26014,1.0,t1,h100,poisson,total,0.5,875.4276752021457,3.350829639177391,capacity_greedy,0.7234181594526025,1.688356588998431,0.7150663884448769,0.6154328732747805,0.9702083493503498,75.24502345735164,151.0054434666526,4.684373580352977,2.3224516710522494,22.365538750487154,32.218816495448515,15.561338825533767,0.9702083493503498,0.01195510109940801,0.013031444606750212,0.004805104943491966,0.02510186822480203,0.0,0.0,0.0,0.05673867917275313,0.025294072422541707,0.16006765587760435,0.5343661105558546,0.05927577458291689,0.14642115783808718,0.0
v1,4,0.7,14.452143649374724,26014,1.0,t1,h100,poisson,total,0.5,875.4276752021457,3.350829639177391,batch_lp@2s,0.7244945029599447,4.665492830998119,0.7161777430238326,0.6179422835633626,0.9736295840701161,69.15103224135237,138.77571977501958,4.725708427522035,3.3936351140152965,22.6681111247496,29.903346818221852,16.70949172768792,0.9736295840701161,0.00926424233105251,0.013185207964941954,0.003920965633889444,0.02160375182593988,0.0,0.0,0.0,0.0589682478665334,0.025409394941185517,0.15926039824709773,0.5458599215806873,0.0540093795648497,0.13938648420081495,0.0
v1,4,0.7,14.452143649374724,26014,1.0,t1,h100,poisson,total,0.5,875.4276752021457,3.350829639177391,A:knn_capacity_greedy,0.6861689859306527,3.7308772850010428,0.676900635547062,0.609159347553325,0.934804336126701,144.11406093409096,289.21524216770507,4.734565463003123,2.262287872109937,29.1860739975159,68.77386284940137,15.453399080025292,0.934804336126701,0.041400784193126774,0.019566387329899286,0.00422849235027293,0.023064503728761437,0.0,0.0,0.00046129007457522875,0.0673483508879834,0.032828476973937114,0.2557853463519643,0.36661028676866303,0.053279003613438916,0.19370339048204813,0.006188975167217652
v1,4,1.0,20.64591949910675,37163,1.0,t1,h100,poisson,total,0.1,250.1221929148988,5.5140983663877705,oracle_unconstrained,0.9283292522132228,,,,,,,,,,,,,,,,,,,,,,,,,,
v1,4,1.0,20.64591949910675,37163,1.0,t1,h100,poisson,total,0.1,250.1221929148988,5.5140983663877705,predictor_unconstrained,0.8171299410704195,,,,,,,,,,,,,,,,,,,,,,,,,,
v1,4,1.0,20.64591949910675,37163,1.0,t1,h100,poisson,total,0.1,250.1221929148988,5.5140983663877705,fluid_ceiling,0.8908450386277962,,,,,,,,,,,,,,,,,,,,,,,,,,
v1,4,1.0,20.64591949910675,37163,1.0,t1,h100,poisson,total,0.1,250.1221929148988,5.5140983663877705,random,0.17390953367596804,2.5921741880010813,0.16457535749209531,0.09643866591294517,0.3907650082070877,125.3172221976638,252.2685189799968,4.652874152222777,26.16344518873393,35.449058411413176,112.5846386892066,32.76696651006728,0.3907650082070877,0.030594946586658775,0.3876705325189032,0.19096951268735032,0.01697925355864704,0.0,0.9944299437612679,0.20132927912170706,0.0634232973656594,0.03159056050372683,0.02782337270941528,0.028146274520356267,0.01205500094179695,0.028818986626483332,0.02817318300460135
v1,4,1.0,20.64591949910675,37163,1.0,t1,h100,poisson,total,0.1,250.1221929148988,5.5140983663877705,always_best_api,0.3622823776336679,2.725604444000055,0.3098992470783199,0.10169587337478801,0.4118074428867422,119.39349646202754,240.34382505552114,4.0288110148840985,6.618721176881479,18.00649840520845,26.109967108534242,7.968999791109127,0.4118074428867422,0.00271775690875333,0.0,0.5854748002045045,1.8944111078222963,0.0,0.03417377499125474,0.0,0.0,0.0,0.0,0.0,0.0,0.4145251997954955,0.0
v1,4,1.0,20.64591949910675,37163,1.0,t1,h100,poisson,total,0.1,250.1221929148988,5.5140983663877705,always_best_self,0.03490030406587197,2.623251392000384,0.03673216420047356,0.01582815149802148,0.06108225923633722,0.0,0.0,4.643285409593419,29.82476446754083,30.007962657242626,30.024543344084808,84.77020888379093,0.06108225923633722,0.005300971396281247,0.35150552969351234,0.5821112396738691,0.0,2.031940370798913,0.0,0.0,0.06638323063261846,0.0,0.0,0.0,0.0,0.0,0.0
v1,4,1.0,20.64591949910675,37163,1.0,t1,h100,poisson,total,0.1,250.1221929148988,5.5140983663877705,threshold,0.05424750423808627,2.5878957109998737,0.05278488479792128,0.03800261523373651,0.08726421440680246,125.12654003500938,251.88466825361496,4.654678317024012,29.913990102436173,70.49932574663158,102.97253824628325,54.556787196985056,0.08726421440680246,0.054866399375723164,0.3556494362672551,0.5022199499502193,0.0,1.7579850926997282,0.029949142964776795,0.0,0.06118989317331755,0.0,0.0,0.0,0.0,0.08094072060920808,0.0
v1,4,1.0,20.64591949910675,37163,1.0,t1,h100,poisson,total,0.1,250.1221929148988,5.5140983663877705,static_qc,0.5691009875413718,2.147441674002039,0.5313110899991375,0.26732249786142004,0.743885046955305,100.12123455516303,201.54800048026212,4.695740617338066,2.4731341876445185,29.640781366390158,43.73715371358144,15.759263026228567,0.743885046955305,0.015956731157333908,0.132793369749482,0.10736485213787908,0.38180448295347524,0.0,0.0,0.0,0.04036272636762371,0.017490514759303608,0.07485940316981944,0.45951618545327344,0.05252536124640099,0.11508758711621775,0.0
v1,4,1.0,20.64591949910675,37163,1.0,t1,h100,poisson,total,0.1,250.1221929148988,5.5140983663877705,static_qc_fallback,0.5226434894922369,2.3747729000024265,0.5113001542235077,0.33148087610330174,0.6910906008664532,125.10409038472972,251.83947622072154,4.678032554605124,2.5039094635994275,29.878344352386158,71.78083066169576,16.010749233186687,0.6910906008664532,0.023867825525388155,0.18389258133089362,0.10114899227726502,0.11304254231359148,0.0,0.3695611226219627,0.0,0.041143072410731105,0.01813631838118559,0.07824987218469984,0.41761967548368,0.044425907488631164,0.11463014288405134,0.0007534375588623093
v1,4,1.0,20.64591949910675,37163,1.0,t1,h100,poisson,total,0.1,250.1221929148988,5.5140983663877705,shortest_queue,0.45747114065064715,2.388138436999725,0.438198024997682,0.3696551724137931,0.7919974167855125,14.886291786451693,29.966693453745158,4.625152044490508,3.6083884043525813,26.835078919134887,29.84660406169392,22.624458505028088,0.7919974167855125,0.0018835938971557733,0.0319403707989129,0.17417861851841887,0.6855205446277212,0.0,0.0,0.2146220703387778,0.06439200279848237,0.029545515701100557,0.0,0.4853214218443075,0.0,0.0,0.0
v1,4,1.0,20.64591949910675,37163,1.0,t1,h100,poisson,total,0.1,250.1221929148988,5.5140983663877705,capacity_greedy,0.7036568630089067,2.619278199999826,0.6632966267866374,0.5613793103448276,0.9641848074697952,92.51503479535677,186.23641987846912,4.683381557729358,2.017761631336498,20.047136392458157,29.927569858719394,14.310876018060043,0.9641848074697952,0.009041250706347712,0.013454242122541238,0.013319699701315826,0.07792697037375884,0.0,0.0,0.0,0.04033581788337863,0.018001775959960175,0.25721820089874337,0.49721497188063396,0.045529155342679546,0.11304254231359148,0.0018835938971557733
v1,4,1.0,20.64591949910675,37163,1.0,t1,h100,poisson,total,0.1,250.1221929148988,5.5140983663877705,batch_lp@2s,0.7047197481365874,6.487041857999429,0.6765927718379693,0.6179310344827587,0.9715039151844577,98.3499104475577,197.98225507493913,4.692849756692832,2.9968036573216636,20.93845217818253,29.972785647269635,14.759182535592572,0.9715039151844577,0.009579420391249361,0.014261496649893712,0.004655167774399268,0.04337647660307295,0.0,0.0,0.0,0.04162742512714259,0.019401017140704465,0.3136722008449264,0.4320695315232893,0.04001291607243764,0.13303554610768775,0.0012646987595188763
v1,4,1.0,20.64591949910675,37163,1.0,t1,h100,poisson,total,0.1,250.1221929148988,5.5140983663877705,A:knn_capacity_greedy,0.6573877243494874,4.649578674998338,0.6282185054884118,0.5406896551724137,0.9463444824153056,124.91638790775687,251.46162371933008,4.625206872304528,1.9365214474482855,25.79872544900117,51.19276629416286,14.58560431353628,0.9463444824153056,0.020181363183811855,0.023437289777466834,0.010036864623415763,0.03255926593654979,0.016844711137421628,0.0,0.054758765438742835,0.048327637704168126,0.02370637461991766,0.2802249549282889,0.4157898985550144,0.03925947851357533,0.10214460619433308,0.0023141296450770927
v1,4,1.0,20.64591949910675,37163,1.0,t1,h100,poisson,total,0.5,1250.610964574494,3.350829639177391,oracle_unconstrained,0.9283292522132228,,,,,,,,,,,,,,,,,,,,,,,,,,
v1,4,1.0,20.64591949910675,37163,1.0,t1,h100,poisson,total,0.5,1250.610964574494,3.350829639177391,predictor_unconstrained,0.8171299410704195,,,,,,,,,,,,,,,,,,,,,,,,,,
v1,4,1.0,20.64591949910675,37163,1.0,t1,h100,poisson,total,0.5,1250.610964574494,3.350829639177391,fluid_ceiling,0.8908450386277962,,,,,,,,,,,,,,,,,,,,,,,,,,
v1,4,1.0,20.64591949910675,37163,1.0,t1,h100,poisson,total,0.5,1250.610964574494,3.350829639177391,random,0.434921830853268,2.0812171069992473,0.3956671785714419,0.27034482758620687,0.7021499878911821,537.9496215339968,1082.9138400161658,4.69939913580297,2.50012286366848,79.94114651381767,136.16864419494632,15.590545145838405,0.7021499878911821,0.10677286548448726,0.18830557274708715,0.0027715738772434947,0.12334849177945806,0.0,0.0,0.13828270053547884,0.06377310766084547,0.029276430858649734,0.1395473992949977,0.13903613809434115,0.04531388746871889,0.12945671770309178,0.12423647175954579
v1,4,1.0,20.64591949910675,37163,1.0,t1,h100,poisson,total,0.5,1250.610964574494,3.350829639177391,always_best_api,0.36271291338158923,2.887744344003295,0.3124728590821272,0.10508762012436405,0.41213034469768317,119.35770147334551,240.27176832921197,4.0288110148840985,6.639097539653221,18.05800325422856,25.76684743480106,8.005156107218681,0.41213034469768317,0.0023948550978123402,0.0,0.5854748002045045,1.945564136372198,0.0,0.0,0.0,0.0,0.0,0.0,0.0,0.0,0.4145251997954955,0.0
v1,4,1.0,20.64591949910675,37163,1.0,t1,h100,poisson,total,0.5,1250.610964574494,3.350829639177391,always_best_self,0.03490030406587197,2.811246776000189,0.03673216420047356,0.01582815149802148,0.06108225923633722,0.0,0.0,4.643285409593419,29.82476446754083,30.007962657242626,30.024543344084808,84.77020888379093,0.06108225923633722,0.005300971396281247,0.35150552969351234,0.5821112396738691,0.0,2.031940370798913,0.0,0.0,0.06638323063261846,0.0,0.0,0.0,0.0,0.0,0.0
v1,4,1.0,20.64591949910675,37163,1.0,t1,h100,poisson,total,0.5,1250.610964574494,3.350829639177391,threshold,0.22460511799370342,2.544754719998309,0.16612833960212717,0.08551724137931034,0.28961601592982267,128.976418975275,259.6346266510426,4.588864949005092,15.039683823323458,30.437386459894146,44.150513216606676,19.065151532195387,0.28961601592982267,0.023571832198692248,0.3411726717434007,0.3456394801280844,0.870139655033232,0.4105158356429782,0.0,0.0,0.067863197266098,0.0,0.0,0.0,0.0,0.24532465086241692,0.0
v1,4,1.0,20.64591949910675,37163,1.0,t1,h100,poisson,total,0.5,1250.610964574494,3.350829639177391,static_qc,0.5778596991631462,2.674563811000553,0.5543078092182266,0.17065868263473055,0.7175954578478594,141.91321229169807,285.67690266907266,4.6647167017481985,3.397883457131833,25.7438034233752,38.455701954487935,13.562300413587309,0.7175954578478594,0.01533783601969701,0.010144498560396092,0.2569222075720475,0.8759249791459247,0.0,0.0,0.0,0.028011732099130857,0.0023141296450770927,0.006377310766084546,0.3608158652423109,0.054543497564782176,0.28087075855017085,0.0
v1,4,1.0,20.64591949910675,37163,1.0,t1,h100,poisson,total,0.5,1250.610964574494,3.350829639177391,static_qc_fallback,0.6800581223259694,2.5142497940032627,0.6379080378927844,0.5006896551724138,0.8843742431988806,152.805635517454,307.60378093110927,4.692653870946978,3.0585574315905433,28.628010941442877,38.18560163624972,13.877345034853306,0.8843742431988806,0.01945483410919463,0.07978365578666953,0.016387266905255226,0.3932405887576353,0.0,0.0,0.0,0.030056776901757124,0.011113203993219061,0.06565670155800124,0.463606275058526,0.052902080025832146,0.2766999434921831,0.003794096278556629
v1,4,1.0,20.64591949910675,37163,1.0,t1,h100,poisson,total,0.5,1250.610964574494,3.350829639177391,shortest_queue,0.45747114065064715,2.373845303998678,0.438198024997682,0.3696551724137931,0.7919974167855125,14.886291786451693,29.966693453745158,4.625152044490508,3.6083884043525813,26.835078919134887,29.84660406169392,22.624458505028088,0.7919974167855125,0.0018835938971557733,0.0319403707989129,0.17417861851841887,0.6855205446277212,0.0,0.0,0.2146220703387778,0.06439200279848237,0.029545515701100557,0.0,0.4853214218443075,0.0,0.0,0.0
v1,4,1.0,20.64591949910675,37163,1.0,t1,h100,poisson,total,0.5,1250.610964574494,3.350829639177391,capacity_greedy,0.7046928396523424,2.623042410999915,0.6601753357796986,0.5393103448275862,0.9601754433172779,112.52071812577924,226.50865075339325,4.699376900665429,2.167300935350454,22.11282990318627,36.58935188289431,14.549170102583048,0.9601754433172779,0.013561876059521567,0.011812824583591206,0.014449856039609289,0.08051018486128676,0.0,0.0,0.0,0.039851465166967144,0.017786508085999516,0.232300944487797,0.4832225600731911,0.04593278260635578,0.1518176681107553,0.00282539084573366
v1,4,1.0,20.64591949910675,37163,1.0,t1,h100,poisson,total,0.5,1250.610964574494,3.350829639177391,batch_lp@2s,0.7085676613836343,6.70028725100201,0.6833081289557522,0.625040863027133,0.9643462583752658,136.02628905706842,273.8262936330176,4.69476840185535,3.254299984815937,23.203505671868168,39.13269667091764,15.131165228472696,0.9643462583752658,0.01641417538950031,0.01326588273282566,0.005973683502408309,0.04808546134596238,0.0,0.0,0.0,0.0408470790840352,0.018566854129106906,0.27489707504776256,0.40771735328148967,0.03920566154508517,0.1893280951484003,0.010198315528886257
v1,4,1.0,20.64591949910675,37163,1.0,t1,h100,poisson,total,0.5,1250.610964574494,3.350829639177391,A:knn_capacity_greedy,0.6798294002098861,4.999336973000027,0.6598960421721024,0.6127819548872181,0.9357963565912332,180.90053305675428,364.1599195754445,4.661891911583982,2.1267907190621145,27.887337270833257,63.91318995376736,14.822798634077117,0.9357963565912332,0.03535774829803837,0.01792105050722493,0.010924844603503485,0.05540456906062482,0.0,0.0,0.00048435271641148457,0.04485644323655248,0.023006754029545516,0.281570379140543,0.3888545058256868,0.040927804536770446,0.18572235825955924,0.005731507144202567
v1,4,1.3,26.839695348838777,48311,1.0,t1,h100,poisson,total,0.1,325.15885078936844,5.5140983663877705,oracle_unconstrained,0.9295191571277763,,,,,,,,,,,,,,,,,,,,,,,,,,
v1,4,1.3,26.839695348838777,48311,1.0,t1,h100,poisson,total,0.1,325.15885078936844,5.5140983663877705,predictor_unconstrained,0.8175984765374346,,,,,,,,,,,,,,,,,,,,,,,,,,
v1,4,1.3,26.839695348838777,48311,1.0,t1,h100,poisson,total,0.1,325.15885078936844,5.5140983663877705,fluid_ceiling,0.8890259894000696,,,,,,,,,,,,,,,,,,,,,,,,,,
v1,4,1.3,26.839695348838777,48311,1.0,t1,h100,poisson,total,0.1,325.15885078936844,5.5140983663877705,random,0.15813168843534597,3.442856153997127,0.14839237621387444,0.09854526334238892,0.3320154830162903,162.65673418248662,326.74166761935084,4.623222322770971,29.24327064419799,43.5612238732892,116.6942489155812,34.120586082704904,0.3320154830162903,0.032352880296412825,0.44704104655254495,0.1885905901347519,0.02446647761379396,8.279687855767837e-05,0.9781623232804123,0.16010846391091055,0.049616029475688765,0.023845501024611374,0.030448552089586224,0.03059344662706216,0.010287512160791538,0.029599884084370018,0.029868973939682474
v1,4,1.3,26.839695348838777,48311,1.0,t1,h100,poisson,total,0.1,325.15885078936844,5.5140983663877705,always_best_api,0.27988449835441204,4.068652690999443,0.2377166730146405,0.0818070283060205,0.31804350975968204,119.31211703270674,239.67184809406572,4.06680236424987,6.709631816232417,17.949565521307704,25.25527744955119,8.06049188414859,0.31804350975968204,0.0014696445943987912,0.0,0.6804868456459191,2.2668543395913976,0.0,0.0,0.0,0.0,0.0,0.0,0.0,0.0,0.31951315435408084,0.0
v1,4,1.3,26.839695348838777,48311,1.0,t1,h100,poisson,total,0.1,325.15885078936844,5.5140983663877705,always_best_self,0.0259878702572913,3.733170362000237,0.028196402270406196,0.011786872316186137,0.04497940427645878,0.0,0.0,4.559528449883248,29.78204597091544,30.004602429346896,30.01762107817386,87.60592358938062,0.04497940427645878,0.0037051603154561073,0.2739955703669972,0.677319865041088,0.0,2.262693796443874,0.0,0.0,0.048684564591914885,0.0,0.0,0.0,0.0,0.0,0.0
v1,4,1.3,26.839695348838777,48311,1.0,t1,h100,poisson,total,0.1,325.15885078936844,5.5140983663877705,threshold,0.04949183415785225,3.8675029080004606,0.044017440668296944,0.030636030636030636,0.07714599159611682,142.04642123216763,285.34007390489273,4.623824519787517,29.89245746212856,61.369063786172156,92.84886430138023,48.125103391079676,0.07714599159611682,0.049326240400736895,0.27449235163834323,0.5990354163648031,0.042164310405497715,1.9902713667694727,0.0,0.0,0.04822918175984765,0.0,0.0,0.0,0.0,0.07824305023700606,0.0
v1,4,1.3,26.839695348838777,48311,1.0,t1,h100,poisson,total,0.1,325.15885078936844,5.5140983663877705,static_qc,0.4992755273126203,3.3997818309981085,0.45134223403438245,0.21844821844821846,0.648858438036886,126.97942624027382,255.0737889311602,4.687772604607668,2.5087883119716707,29.72650902693169,64.27293984049454,14.98456104200892,0.648858438036886,0.016248887416944382,0.14574320548115335,0.18914946906501626,0.7004408933783196,0.0,0.0,0.0,0.03206309122146095,0.01372358262093519,0.07536585870712674,0.383308149282772,0.043426962803502306,0.11721968081803316,0.0
v1,4,1.3,26.839695348838777,48311,1.0,t1,h100,poisson,total,0.1,325.15885078936844,5.5140983663877705,static_qc_fallback,0.5190846805075449,3.3618335529972683,0.4907036511354505,0.3072516681354652,0.6908985531245472,162.70052679224864,326.8296373576772,4.654409230104401,2.4204263420669037,29.887017869539093,64.83347665355822,14.66333125673437,0.6908985531245472,0.024880462006582352,0.20659891122104695,0.07762207364782348,0.27652087516300633,0.000869367224855623,0.26863447248038747,0.0,0.033325743619465546,0.015172527995694563,0.12463000144894537,0.36453395706981845,0.04028068141831053,0.13473122063298212,0.003104882945912939
v1,4,1.3,26.839695348838777,48311,1.0,t1,h100,poisson,total,0.1,325.15885078936844,5.5140983663877705,shortest_queue,0.35496056798658693,3.7215722750006535,0.33760926483960724,0.281282316442606,0.6075220964169651,14.976997365947682,30.085499502222696,4.651708781531633,3.5979063443912764,27.26196859464364,29.850297677448278,22.832448301211514,0.6075220964169651,0.0018215313282689243,0.029910372378961315,0.3607459998758047,1.306100060027737,0.0,0.0,0.16008776469127114,0.049057150545424436,0.023721305706774855,0.0,0.37647740680176356,0.0,0.0,0.0
v1,4,1.3,26.839695348838777,48311,1.0,t1,h100,poisson,total,0.1,325.15885078936844,5.5140983663877705,capacity_greedy,0.6977292956055556,3.523247482997249,0.6540840071595158,0.5346432264736298,0.9701310260603175,140.21643560275697,281.66403454950853,4.664584786467409,1.7318981508789761,20.288057367028063,30.49994817353608,13.338903853889178,0.9701310260603175,0.010742894992858769,0.011094781726728902,0.008031297220094803,0.0541905570160005,0.0,0.0,0.0,0.03233218107677341,0.014158266233363002,0.37223406677568255,0.383308149282772,0.038500548529320444,0.1342758378009149,0.006064871354349941
v1,4,1.3,26.839695348838777,48311,1.0,t1,h100,poisson,total,0.1,325.15885078936844,5.5140983663877705,batch_lp@2s,0.6997992175694976,8.00031733799915,0.6703235395667967,0.614052614052614,0.9727184285152449,137.56156553896471,276.33098346917046,4.6307114770948345,2.790178814704632,20.5395679612191,31.22357231294196,13.993145394756993,0.9727184285152449,0.011467367680238455,0.011446668460599035,0.004367535343917535,0.03506447806917679,0.0,0.0,0.0,0.03278756390884063,0.015524414729564695,0.40433855643642236,0.3469396203763118,0.03195959512326385,0.1509801080499265,0.0016559375711535675
v1,4,1.3,26.839695348838777,48311,1.0,t1,h100,poisson,total,0.1,325.15885078936844,5.5140983663877705,A:knn_capacity_greedy,0.6208213450352922,5.9688724580009875,0.5828380126688828,0.4808686659772492,0.8987601167435988,162.71230559147443,326.8532983792815,4.613351450970887,1.8594387241663597,27.25640585163857,59.676940622171166,14.06861893224115,0.8987601167435988,0.021692782182111733,0.03446420069963362,0.04508290037465588,0.06311192068059034,0.11572933700399494,0.0,0.05623977976030304,0.03564405621908054,0.018008321086295048,0.3039473411852373,0.36950176978327914,0.031462813851917786,0.10295791848647307,0.002690898553124547
v1,4,1.3,26.839695348838777,48311,1.0,t1,h100,poisson,total,0.5,1625.7942539468422,3.350829639177391,oracle_unconstrained,0.9295191571277763,,,,,,,,,,,,,,,,,,,,,,,,,,
v1,4,1.3,26.839695348838777,48311,1.0,t1,h100,poisson,total,0.5,1625.7942539468422,3.350829639177391,predictor_unconstrained,0.8175984765374346,,,,,,,,,,,,,,,,,,,,,,,,,,
v1,4,1.3,26.839695348838777,48311,1.0,t1,h100,poisson,total,0.5,1625.7942539468422,3.350829639177391,fluid_ceiling,0.8890259894000694,,,,,,,,,,,,,,,,,,,,,,,,,,
v1,4,1.3,26.839695348838777,48311,1.0,t1,h100,poisson,total,0.5,1625.7942539468422,3.350829639177391,random,0.42149820951750117,2.911158852999506,0.39197276201512876,0.3029989658738366,0.6862826271449566,542.6301595504847,1090.024855860962,4.6577181736284485,2.4680476611099493,64.02474712829545,127.73581584087006,14.475379226223026,0.6862826271449566,0.08395603485748587,0.22328248225041916,0.0064788557471383325,0.1872865392974685,0.0,0.0,0.1461157914346629,0.04841547473660243,0.025253047960091906,0.14719215085591272,0.14657117426673014,0.03775537662230134,0.123181056074186,0.09575459005195504
v1,4,1.3,26.839695348838777,48311,1.0,t1,h100,poisson,total,0.5,1625.7942539468422,3.350829639177391,always_best_api,0.27988449835441204,4.230778781999106,0.2377166730146405,0.0818070283060205,0.31804350975968204,119.31211703270674,239.67184809406572,4.06680236424987,6.709631816232417,17.949565521307704,25.25527744955119,8.06049188414859,0.31804350975968204,0.0014696445943987912,0.0,0.6804868456459191,2.2668543395913976,0.0,0.0,0.0,0.0,0.0,0.0,0.0,0.0,0.31951315435408084,0.0
v1,4,1.3,26.839695348838777,48311,1.0,t1,h100,poisson,total,0.5,1625.7942539468422,3.350829639177391,always_best_self,0.0259878702572913,3.9312505239977327,0.028196402270406196,0.011786872316186137,0.04497940427645878,0.0,0.0,4.559528449883248,29.78204597091544,30.004602429346896,30.01762107817386,87.60592358938062,0.04497940427645878,0.0037051603154561073,0.2739955703669972,0.677319865041088,0.0,2.262693796443874,0.0,0.0,0.048684564591914885,0.0,0.0,0.0,0.0,0.0,0.0
v1,4,1.3,26.839695348838777,48311,1.0,t1,h100,poisson,total,0.5,1625.7942539468422,3.350829639177391,threshold,0.1985158659518536,3.7367059030002565,0.14106584957004567,0.06308169596690796,0.253958725756039,126.82241265976336,254.75838312031124,4.651226569659178,12.651547658237462,29.994728640739787,36.17382230070288,15.813517569283988,0.253958725756039,0.011902051292666267,0.2675581130591377,0.46658110989215706,0.9546894082093105,0.7113079836890149,0.0,0.0,0.051789447537827826,0.0,0.0,0.0,0.0,0.21407132951087743,0.0
v1,4,1.3,26.839695348838777,48311,1.0,t1,h100,poisson,total,0.5,1625.7942539468422,3.350829639177391,static_qc,0.534308956552338,3.709554525998101,0.49626209533815896,0.14219114219114218,0.6577177040425576,137.9462921211507,277.1038147059018,4.696751210521853,3.353350497238864,22.01054250065126,29.93834911263656,12.394878278145882,0.6577177040425576,0.006064871354349941,0.01829811016124692,0.31791931444184557,1.0872058123408748,0.0,0.0,0.0,0.02192047359814535,0.002815093870961065,0.006499554966777753,0.3366107097762414,0.0446896152015069,0.25124712798327503,0.0
v1,4,1.3,26.839695348838777,48311,1.0,t1,h100,poisson,total,0.5,1625.7942539468422,3.350829639177391,static_qc_fallback,0.6324025584235474,3.6587631399997917,0.5726663840041923,0.4126163391933816,0.8228146798865683,175.36605743485597,352.27190769618426,4.705335008242714,2.9953246510890494,25.577198961966555,30.101488280597508,12.76029152322144,0.8228146798865683,0.009852828548363727,0.11672289954668709,0.05060959201838091,0.6289664879634038,0.0,0.0,0.0,0.02405249322100557,0.009790730889445468,0.10016352383515141,0.3832046531845749,0.0448966073979011,0.2552006789344042,0.015358820972449339
v1,4,1.3,26.839695348838777,48311,1.0,t1,h100,poisson,total,0.5,1625.7942539468422,3.350829639177391,shortest_queue,0.35496056798658693,3.664802025999961,0.33760926483960724,0.281282316442606,0.6075220964169651,14.976997365947682,30.085499502222696,4.651708781531633,3.5979063443912764,27.26196859464364,29.850297677448278,22.832448301211514,0.6075220964169651,0.0018215313282689243,0.029910372378961315,0.3607459998758047,1.306100060027737,0.0,0.0,0.16008776469127114,0.049057150545424436,0.023721305706774855,0.0,0.37647740680176356,0.0,0.0,0.0
v1,4,1.3,26.839695348838777,48311,1.0,t1,h100,poisson,total,0.5,1625.7942539468422,3.350829639177391,capacity_greedy,0.7008652273809277,3.37654547800048,0.6540526157051701,0.5274043433298863,0.960733580344021,189.12969058675844,379.9200248870051,4.672667220383003,2.0122158298119075,22.874223689562807,42.44373189051465,13.899501427909115,0.960733580344021,0.0183809070398046,0.010515203576825154,0.010370309039349216,0.06404338556436423,0.0,0.0,0.0,0.030427852869946804,0.014489453747593715,0.3158907909171824,0.38328745006313264,0.0377139781830225,0.18211173438761358,0.015193227215333982
v1,4,1.3,26.839695348838777,48311,1.0,t1,h100,poisson,total,0.5,1625.7942539468422,3.350829639177391,batch_lp@2s,0.7032766864689202,7.6270676419990195,0.6700822745462784,0.6167166167166167,0.9625758108919293,205.3475234195812,412.4980904162399,4.667282370509562,3.1186550287776527,23.277612415570047,43.88399729729216,14.438168452887112,0.9625758108919293,0.02045082900374656,0.011508766119517294,0.005464593984806773,0.042536896359007266,0.0,0.0,0.0,0.03222868497857631,0.015379520192088759,0.3477675891618886,0.31963734967191737,0.03048995052886506,0.2204466891598187,0.017076856202521164
v1,4,1.3,26.839695348838777,48311,1.0,t1,h100,poisson,total,0.5,1625.7942539468422,3.350829639177391,A:knn_capacity_greedy,0.675177495808408,5.796563663996494,0.633962845853279,0.5408479834539814,0.9377367473246259,191.320849777454,384.3215826312059,4.674369577030431,1.928952804039568,25.076853917950746,44.94250212440698,14.02351822885214,0.9377367473246259,0.024528575272712218,0.014551551406511974,0.023183125996149946,0.11972428639440293,0.0,0.0,0.0003725859535095527,0.034029517087205814,0.01771853201134317,0.3329055494607853,0.36579660946782305,0.03396741942828756,0.17033387841278383,0.00714123077559976
