suite,seed,rho,rate_per_s,n_arrivals,api_limit_scale,tier,hardware,arrivals,load_basis,budget_frac,budget_per_hour,lambda,router,acc_slo,sim_s,acc_slo_dataset_avg,worst_group_acc,slo_attainment,api_spend,api_spend_per_hour,self_hosted_cost,ttft_p50,ttft_p95,ttft_p99,e2e_p50,frac_ok,frac_late,frac_abandoned,frac_failed,refusals_429,refusals_queue_full,refusals_budget,share_Llama-3.1-8B-Instruct,share_Qwen3-8B,share_NVIDIA-Nemotron-Nano-9B-v2,share_deepseek-v3-0324,share_qwen3-235b-a22b-2507,share_gpt-5-chat,share_gpt-5,share_gemini-2.5-pro
v1,0,0.3,4.487127758705165,8077,1.0,t1,spark,burstgpt,total,0.1,54.36087430958008,5.820419271287392,oracle_unconstrained,0.9327720688374397,,,,,,,,,,,,,,,,,,,,,,,,,,
v1,0,0.3,4.487127758705165,8077,1.0,t1,spark,burstgpt,total,0.1,54.36087430958008,5.820419271287392,predictor_unconstrained,0.8140398662869878,,,,,,,,,,,,,,,,,,,,,,,,,,
v1,0,0.3,4.487127758705165,8077,1.0,t1,spark,burstgpt,total,0.1,54.36087430958008,5.820419271287392,fluid_ceiling,0.8926305086468669,,,,,,,,,,,,,,,,,,,,,,,,,,
v1,0,0.3,4.487127758705165,8077,1.0,t1,spark,burstgpt,total,0.1,54.36087430958008,5.820419271287392,random,0.14330815896991458,0.6002545440023823,0.1272198636495993,0.08699019101703666,0.27918781725888325,27.34468944600667,54.6882275893098,9.59991369679526,2.7504182856802046,48.373607000561236,129.328086426139,57.38057509963835,0.27918781725888325,0.029094961000371424,0.5015476043085304,0.19016961743221494,0.0017333168255540424,0.0,0.9789525814039867,0.10177045932895877,0.04952333787297264,0.026742602451405226,0.028228302587594404,0.026742602451405226,0.024142627213074162,0.02711402748545252,0.02401881886839173
v1,0,0.3,4.487127758705165,8077,1.0,t1,spark,burstgpt,total,0.1,54.36087430958008,5.820419271287392,always_best_api,0.08196112417976972,0.6364656289988488,0.07533143959871731,0.03252452245740836,0.09669431719697907,27.247022547468077,54.49289790433506,4.7642393055828425,12.163605155630833,92.03883879917541,213.18641275917716,14.961435038244026,0.09669431719697907,0.029218769345053856,0.0,0.8740869134579671,0.13123684536337749,0.0,2.5072427881639223,0.0,0.0,0.0,0.0,0.0,0.0,0.12591308654203293,0.0
v1,0,0.3,4.487127758705165,8077,1.0,t1,spark,burstgpt,total,0.1,54.36087430958008,5.820419271287392,always_best_self,0.02841401510461805,0.3983714480018534,0.03286857365101698,0.012132163138874549,0.04519004580908753,0.0,0.0,9.10711979239113,27.209161576344343,30.034493970996948,30.080374980607512,524.2518103508116,0.04519004580908753,0.006314225578804011,0.6907267549832858,0.25776897362882256,0.0,0.9163055589946763,0.0,0.0,0.05150427138789154,0.0,0.0,0.0,0.0,0.0,0.0
v1,0,0.3,4.487127758705165,8077,1.0,t1,spark,burstgpt,total,0.1,54.36087430958008,5.820419271287392,threshold,0.05224712145598613,0.4117961900010414,0.043270827067435624,0.02142857142857143,0.08097065742231026,22.12164870556444,44.24236601587526,8.865074323491154,28.908920350393373,63.51694629011831,91.2904561172833,62.540240442386896,0.08097065742231026,0.04605670422186455,0.6600222855020428,0.21295035285378233,0.0,0.717716974124056,0.057818496966695554,0.0,0.04902810449424291,0.0,0.0,0.0,0.0,0.0779992571499319,0.0
v1,0,0.3,4.487127758705165,8077,1.0,t1,spark,burstgpt,total,0.1,54.36087430958008,5.820419271287392,static_qc,0.4800049523337873,0.500454005003121,0.4924740422267742,0.29906542056074764,0.6273368825058809,22.467164667463294,44.93338339229763,10.271216676282029,2.4288895920138387,22.13383726013816,71.8494991506164,15.31872532747924,0.6273368825058809,0.014485576327844496,0.1462176550699517,0.21195988609632288,0.013866534604432339,0.0,0.6256035656803268,0.0,0.03157112789402006,0.01238083446824316,0.04667574594527671,0.3878915438900582,0.04432338739631051,0.11897981923981676,0.0
v1,0,0.3,4.487127758705165,8077,1.0,t1,spark,burstgpt,total,0.1,54.36087430958008,5.820419271287392,static_qc_fallback,0.47598118113160826,0.5169380560000718,0.4957563275630097,0.2927102803738318,0.622508357063266,22.459726210307053,44.91850679116903,10.328846032135578,2.4447061526520883,22.990321146847258,72.06121500362167,15.460237303803297,0.622508357063266,0.015228426395939087,0.20911229416862698,0.15315092237216787,0.004457100408567538,0.0,0.5530518756964219,0.0,0.03169493623870249,0.012876067846972886,0.046428129255911846,0.38566299368577445,0.04333292063885106,0.11774173579299245,0.0
v1,0,0.3,4.487127758705165,8077,1.0,t1,spark,burstgpt,total,0.1,54.36087430958008,5.820419271287392,shortest_queue,0.6106227559737526,0.4081142180002644,0.5924857603575102,0.5393474088291746,0.9364863191779126,5.566521634184028,11.132808899225944,9.06155194250717,2.495361831271339,19.243923305795633,27.927801237151286,20.27593770573253,0.9364863191779126,0.0003714250340472948,0.028352110932276835,0.03479014485576328,0.1273987866782221,0.0,0.0,0.11811316082703974,0.04568527918781726,0.02699021914077009,0.0,0.7460690850563328,0.0,0.0,0.0
v1,0,0.3,4.487127758705165,8077,1.0,t1,spark,burstgpt,total,0.1,54.36087430958008,5.820419271287392,capacity_greedy,0.6756221369320292,0.540030010000919,0.67419650567629,0.5626168224299065,0.9280673517395073,19.189559037240542,38.37831012998996,10.102026918679218,2.2408013542061553,14.531300431575922,29.849461794640558,15.421854580205718,0.9280673517395073,0.007057075646898601,0.06338987247740498,0.0014857001361891792,0.0069332673022161695,0.0,0.0,0.025256902315216045,0.03280921134084437,0.013866534604432339,0.11303701869506004,0.566546985266807,0.05422805497090504,0.129379720193141,0.0
v1,0,0.3,4.487127758705165,8077,1.0,t1,spark,burstgpt,total,0.1,54.36087430958008,5.820419271287392,batch_lp@2s,0.6848458586108703,2.7476260179973906,0.6818016382866262,0.5682242990654206,0.9351244273864059,19.031722017891298,38.06264273675686,10.257624318456404,3.258769986742209,14.499485631022571,28.878819642020208,16.3697047921006,0.9351244273864059,0.00544756716602699,0.05831373034542528,0.0011142751021418844,0.007799925714993191,0.0,0.0002476166893648632,0.022037885353472824,0.03367586975362139,0.013866534604432339,0.11316082703974248,0.5740992942924353,0.05435186331558747,0.129379720193141,0.0
v1,0,0.3,4.487127758705165,8077,1.0,t1,spark,burstgpt,total,0.1,54.36087430958008,5.820419271287392,A:knn_capacity_greedy,0.5426519747430977,2.8695722869997553,0.5146858155881712,0.43378119001919385,0.7768973628822583,22.988508163538427,45.97604843414644,9.875318442113777,1.6955389391592064,28.832723341520094,46.537555081316874,15.367503011641134,0.7768973628822583,0.021418843630060667,0.19982666831744458,0.0018571251702364738,0.00928562585118237,0.0,0.0,0.04902810449424291,0.03726631174941191,0.02030456852791878,0.2249597622879782,0.3319301720935991,0.05435186331558747,0.0779992571499319,0.002476166893648632
v1,0,0.3,4.487127758705165,8077,1.0,t1,spark,burstgpt,total,0.5,271.8043715479004,3.3891535146758542,oracle_unconstrained,0.9327720688374397,,,,,,,,,,,,,,,,,,,,,,,,,,
v1,0,0.3,4.487127758705165,8077,1.0,t1,spark,burstgpt,total,0.5,271.8043715479004,3.3891535146758542,predictor_unconstrained,0.8140398662869878,,,,,,,,,,,,,,,,,,,,,,,,,,
v1,0,0.3,4.487127758705165,8077,1.0,t1,spark,burstgpt,total,0.5,271.8043715479004,3.3891535146758542,fluid_ceiling,0.8926305086468669,,,,,,,,,,,,,,,,,,,,,,,,,,
v1,0,0.3,4.487127758705165,8077,1.0,t1,spark,burstgpt,total,0.5,271.8043715479004,3.3891535146758542,random,0.36257273740250096,0.4291588310006773,0.34172954182501075,0.29710893133711924,0.5670422186455367,109.50778864342647,219.01096664340886,9.304776529862131,2.808023421550331,89.25279214486613,152.15921899261522,24.5524930708861,0.5670422186455367,0.09533242540547233,0.29553051875696423,0.042094837192026745,0.044571004085675374,0.0,0.21431224464528909,0.09384672526928314,0.047542404358053736,0.028475919276959267,0.10895134332053981,0.10300854277578309,0.06846601460938467,0.10313235112046552,0.10895134332053981
v1,0,0.3,4.487127758705165,8077,1.0,t1,spark,burstgpt,total,0.5,271.8043715479004,3.3891535146758542,always_best_api,0.4697907638974867,0.513896262000344,0.4238398924684958,0.18817759421786268,0.5388139160579423,100.01567355165025,200.02713610958693,4.76567876283509,9.44403519657663,61.12807489178982,198.45504106641894,11.481847116133622,0.5388139160579423,0.094094341958648,0.0,0.36709174198340966,1.1613222731212083,0.0,0.05806611365606042,0.0,0.0,0.0,0.0,0.0,0.0,0.6329082580165903,0.0
v1,0,0.3,4.487127758705165,8077,1.0,t1,spark,burstgpt,total,0.5,271.8043715479004,3.3891535146758542,always_best_self,0.02841401510461805,0.39072013499753666,0.03286857365101698,0.012132163138874549,0.04519004580908753,0.0,0.0,9.10711979239113,27.209161576344343,30.034493970996948,30.080374980607512,524.2518103508116,0.04519004580908753,0.006314225578804011,0.6907267549832858,0.25776897362882256,0.0,0.9163055589946763,0.0,0.0,0.05150427138789154,0.0,0.0,0.0,0.0,0.0,0.0
v1,0,0.3,4.487127758705165,8077,1.0,t1,spark,burstgpt,total,0.5,271.8043715479004,3.3891535146758542,threshold,0.2503404729478767,0.42372099100248306,0.17065394966203332,0.04580152671755725,0.3231397796211465,80.25323020515498,160.50308148142923,9.222110946274459,16.899041234412877,71.44862615520421,168.69715129420356,24.09440276963676,0.3231397796211465,0.10300854277578309,0.43431967314597003,0.1395320044571004,0.4315958895629565,0.07552309025628327,0.0,0.0,0.04717097932400644,0.0,0.0,0.0,0.0,0.37897734307292313,0.0
v1,0,0.3,4.487127758705165,8077,1.0,t1,spark,burstgpt,total,0.5,271.8043715479004,3.3891535146758542,static_qc,0.6659650860467996,0.48330062499735504,0.6609425603932361,0.4875239923224568,0.8147827163550824,79.32438368033763,158.64542753933378,10.24654308397744,3.6494265027888133,45.0490317965207,119.1902517865548,15.011547424656953,0.8147827163550824,0.07044694812430358,0.021418843630060667,0.09335149189055342,0.3197969543147208,0.0,0.0,0.0,0.024390243902439025,0.011142751021418843,0.0018571251702364738,0.37105360901324747,0.06462795592422929,0.41153893772440264,0.000619041723412158
v1,0,0.3,4.487127758705165,8077,1.0,t1,spark,burstgpt,total,0.5,271.8043715479004,3.3891535146758542,static_qc_fallback,0.6946886220131236,0.4585891009992338,0.6945153212137322,0.5570093457943925,0.8781725888324873,80.15036825299467,160.29736190794017,10.127573673122638,3.4148550308028973,42.05718556878219,117.00135170158428,15.098469230931983,0.8781725888324873,0.0713136065370806,0.05051380463043209,0.0,0.11155131855887086,0.0,0.0,0.0,0.024142627213074162,0.010647517642689118,0.021542651974743098,0.41871982171598365,0.06512318930295902,0.4083199207626594,0.0009904667574594528
v1,0,0.3,4.487127758705165,8077,1.0,t1,spark,burstgpt,total,0.5,271.8043715479004,3.3891535146758542,shortest_queue,0.6106227559737526,0.4127076959994156,0.5924857603575102,0.5393474088291746,0.9364863191779126,5.566521634184028,11.132808899225944,9.06155194250717,2.495361831271339,19.243923305795633,27.927801237151286,20.27593770573253,0.9364863191779126,0.0003714250340472948,0.028352110932276835,0.03479014485576328,0.1273987866782221,0.0,0.0,0.11811316082703974,0.04568527918781726,0.02699021914077009,0.0,0.7460690850563328,0.0,0.0,0.0
v1,0,0.3,4.487127758705165,8077,1.0,t1,spark,burstgpt,total,0.5,271.8043715479004,3.3891535146758542,capacity_greedy,0.7093599108579919,0.5685148709999339,0.7108515528810392,0.5925233644859813,0.9554289959143246,25.915158158670238,51.82922520267597,10.11515786727543,2.3035478136519103,13.984904887674872,30.321810231659136,14.355786999837804,0.9554289959143246,0.009780859229912096,0.03194255292806735,0.0028475919276959266,0.01399034294911477,0.0,0.0,0.0,0.0329330196855268,0.012504642812925591,0.11947505261854649,0.537575832611118,0.07143741488176303,0.19066485081094467,0.000619041723412158
v1,0,0.3,4.487127758705165,8077,1.0,t1,spark,burstgpt,total,0.5,271.8043715479004,3.3891535146758542,batch_lp@2s,0.711402748545252,2.6288098139993963,0.7124773465188828,0.5985046728971962,0.9562956543271016,25.662092723658134,51.323104987551325,10.251324698790688,3.342580957763289,14.952722631547658,31.299730257237577,15.480945770168205,0.9562956543271016,0.010771325987371549,0.03107589451529033,0.0018571251702364738,0.011761792744831,0.0,0.0,0.0,0.03479014485576328,0.012628451157608023,0.11724650241426272,0.5426519747430977,0.07168503157112789,0.18744583384920144,0.000619041723412158
v1,0,0.3,4.487127758705165,8077,1.0,t1,spark,burstgpt,total,0.5,271.8043715479004,3.3891535146758542,A:knn_capacity_greedy,0.6678841153893772,2.8505833950002852,0.6409865541727559,0.5892514395393474,0.9143246254797573,47.29255315635237,94.58311513835208,10.19110152120709,1.8957945307247712,28.60427577860149,69.27938691904897,14.188742743107497,0.9143246254797573,0.042094837192026745,0.040237712021790266,0.0033428253064256533,0.01485700136189179,0.0,0.0,0.0,0.03479014485576328,0.019933143493871486,0.2659403243778631,0.3558251826173084,0.07700879039247245,0.19759811811316083,0.005323758821344559
v1,0,0.7,10.469964770312052,18846,1.0,t1,spark,burstgpt,total,0.1,126.84204005568688,5.820419271287392,oracle_unconstrained,0.9296933036188051,,,,,,,,,,,,,,,,,,,,,,,,,,
v1,0,0.7,10.469964770312052,18846,1.0,t1,spark,burstgpt,total,0.1,126.84204005568688,5.820419271287392,predictor_unconstrained,0.8151862464183381,,,,,,,,,,,,,,,,,,,,,,,,,,
v1,0,0.7,10.469964770312052,18846,1.0,t1,spark,burstgpt,total,0.1,126.84204005568688,5.820419271287392,fluid_ceiling,0.8842020586932479,,,,,,,,,,,,,,,,,,,,,,,,,,
v1,0,0.7,10.469964770312052,18846,1.0,t1,spark,burstgpt,total,0.1,126.84204005568688,5.820419271287392,random,0.10561922954473098,1.4240698399989924,0.097502687793393,0.08231707317073171,0.17420142205242492,63.49860772883039,126.99678813461676,9.556549746414502,3.3104983479449643,77.27781130444635,142.70285909311463,31.402083549905146,0.17420142205242492,0.026796137111323358,0.42199936326010823,0.3770030775761435,0.01177968799745304,0.28870847925289184,1.1446991404011462,0.03995542820757721,0.019261381725565106,0.010453146556298419,0.029290035020694046,0.029396158335986418,0.0168205454738406,0.029024726732463122,0.026796137111323358
v1,0,0.7,10.469964770312052,18846,1.0,t1,spark,burstgpt,total,0.1,126.84204005568688,5.820419271287392,always_best_api,0.13687254589833386,1.5130458950006869,0.11157199595912808,0.04623824451410658,0.1553645335880293,61.41065802634694,122.82090278080867,4.714053972136372,7.116734056717291,63.680566313353445,167.81988989541705,8.512984269431456,0.1553645335880293,0.027061445399554282,0.0,0.8175740210124164,0.8033004351055927,0.0,1.711503767377693,0.0,0.0,0.0,0.0,0.0,0.0,0.18242597898758356,0.0
v1,0,0.7,10.469964770312052,18846,1.0,t1,spark,burstgpt,total,0.1,126.84204005568688,5.820419271287392,always_best_self,0.01047967738512151,1.276463831000001,0.009657305780844736,0.003694581280788177,0.01820014857264141,0.0,0.0,9.02727532280823,0.17475000023841858,30.040469357107284,30.0889261453121,567.2419490893151,0.01820014857264141,0.002334712936432134,0.3426721850790619,0.6367929534118646,0.0,1.9722487530510453,0.0,0.0,0.020534861509073542,0.0,0.0,0.0,0.0,0.0,0.0
v1,0,0.7,10.469964770312052,18846,1.0,t1,spark,burstgpt,total,0.1,126.84204005568688,5.820419271287392,threshold,0.0333227210018041,1.3302662460009742,0.025480831513481687,0.00723589001447178,0.0518943011779688,42.83188740327023,85.66348656317322,9.201809051491578,28.40419402312989,70.77973483516391,92.04988867913993,44.47907179849477,0.0518943011779688,0.033959460893558314,0.32940677066751567,0.5847394672609573,0.0068980154940040325,1.7233365170327921,0.08914358484559058,0.0,0.020110368247904065,0.0,0.0,0.0,0.0,0.06574339382362306,0.0
v1,0,0.7,10.469964770312052,18846,1.0,t1,spark,burstgpt,total,0.1,126.84204005568688,5.820419271287392,static_qc,0.3942746471399767,1.3248746089993801,0.39976072055797696,0.21993237803896312,0.5114613180515759,43.8975021455899,87.79470887660437,10.313306806344709,2.4828932423413335,17.198474209936073,72.69479468853855,13.838452265695764,0.5114613180515759,0.012098057943330149,0.1588135413350313,0.3176270826700626,0.11976016130743924,0.04648201209805794,0.8255332696593441,0.0,0.013318476069192401,0.005571474052849411,0.04170646290990131,0.3254271463440518,0.032685981110049875,0.1048498355088613,0.0
v1,0,0.7,10.469964770312052,18846,1.0,t1,spark,burstgpt,total,0.1,126.84204005568688,5.820419271287392,static_qc_fallback,0.3997134670487106,1.4038206350014661,0.400896390500296,0.22363548542907744,0.5214899713467048,45.28918946671547,90.57807415329486,10.255050075520709,2.4119934822320914,18.361928848103446,72.19196116942805,13.70619003536634,0.5214899713467048,0.013159291096253847,0.20147511408256394,0.26387562347447735,0.07736389684813753,0.11031518624641834,0.7738512151119601,0.0,0.013583784357423325,0.005518412395203226,0.06505359227422265,0.31179030032898225,0.031730871272418554,0.10665393186883158,0.0003183699458771092
v1,0,0.7,10.469964770312052,18846,1.0,t1,spark,burstgpt,total,0.1,126.84204005568688,5.820419271287392,shortest_queue,0.3727316141356256,1.3760105540022778,0.3588613329566331,0.3289325390436323,0.5446248540804415,8.019609243385275,16.03916451765286,9.15737688395244,2.4537859153829658,20.114424589629387,28.60605171319068,17.75887275198474,0.5446248540804415,0.0003183699458771092,0.016396052212671125,0.4386607237610103,1.351904913509498,0.0,0.0,0.04473097739573384,0.01942056669850366,0.011036824790406453,0.0,0.46975485514167464,0.0,0.0,0.0
v1,0,0.7,10.469964770312052,18846,1.0,t1,spark,burstgpt,total,0.1,126.84204005568688,5.820419271287392,capacity_greedy,0.5591106866178499,1.483830922999914,0.5288972422140167,0.45426829268292684,0.7724716120131593,39.44387784266655,78.88749024206513,10.132278438250433,1.9432273578605646,12.118772832242506,29.712500624609405,13.568858419962545,0.7724716120131593,0.0066857688634192934,0.08351904913509497,0.13732356998832643,0.018306271887933778,0.42364427464714,0.0,0.0115674413668683,0.012681736177438183,0.006261275602249814,0.20922211609890692,0.3930807598429375,0.032632919452403694,0.11302133078637376,0.0006898015494004033
v1,0,0.7,10.469964770312052,18846,1.0,t1,spark,burstgpt,total,0.1,126.84204005568688,5.820419271287392,batch_lp@2s,0.6142682797410591,6.773490144001698,0.5669953032775482,0.4329268292682927,0.843574233259047,40.58322110534027,81.16616910003766,10.241904221750335,3.1496251403659983,21.575061640421378,29.978229559275075,14.951742614310604,0.843574233259047,0.008330680250451025,0.147246099968163,0.0008489865223389578,0.0066857688634192934,0.0,0.008914358484559057,0.012893982808022923,0.013106229438607663,0.005942905656372705,0.26557359651915524,0.40677066751565316,0.02934309667834023,0.11822137323569988,5.3061657646184864e-05
v1,0,0.7,10.469964770312052,18846,1.0,t1,spark,burstgpt,total,0.1,126.84204005568688,5.820419271287392,A:knn_capacity_greedy,0.47598959991510137,3.8338589450031577,0.45149708906101854,0.39939024390243905,0.6654993101984505,46.76993162443068,93.53954850385726,9.895128268782438,1.5964641517405198,23.09214952708015,50.40634766653572,13.42504826046006,0.6654993101984505,0.014751140825639393,0.11684177013689907,0.20290777883901093,0.01920832006791892,0.6388092964024196,0.0,0.017510347023241005,0.014963387456224133,0.008118433619866285,0.24445505677597368,0.28695744455056776,0.034383954154727794,0.07158017616470339,0.002281651278785949
v1,0,0.7,10.469964770312052,18846,1.0,t1,spark,burstgpt,total,0.5,634.2102002784343,3.3891535146758542,oracle_unconstrained,0.9296933036188051,,,,,,,,,,,,,,,,,,,,,,,,,,
v1,0,0.7,10.469964770312052,18846,1.0,t1,spark,burstgpt,total,0.5,634.2102002784343,3.3891535146758542,predictor_unconstrained,0.8151862464183381,,,,,,,,,,,,,,,,,,,,,,,,,,
v1,0,0.7,10.469964770312052,18846,1.0,t1,spark,burstgpt,total,0.5,634.2102002784343,3.3891535146758542,fluid_ceiling,0.8842020586932479,,,,,,,,,,,,,,,,,,,,,,,,,,
v1,0,0.7,10.469964770312052,18846,1.0,t1,spark,burstgpt,total,0.5,634.2102002784343,3.3891535146758542,random,0.32314549506526585,1.160705214999325,0.2961295809480825,0.23170731707317074,0.46763238883582725,197.35871594008495,394.71610372621063,9.498851902016142,2.647037248145125,82.36460613255649,144.66084664816432,17.93545079172526,0.46763238883582725,0.07460469065053592,0.31916587074180197,0.13859704977183487,0.14013583784357422,0.16396052212671125,0.29475750822455693,0.03889419505465351,0.018040963599702853,0.010612331529236973,0.12633980685556617,0.12092751777565532,0.04361668258516396,0.09365382574551628,0.09015175634086808
v1,0,0.7,10.469964770312052,18846,1.0,t1,spark,burstgpt,total,0.5,634.2102002784343,3.3891535146758542,always_best_api,0.27342672185079064,1.4872495150011673,0.21991676796669027,0.07859381997313032,0.3086066008702112,97.95047002920182,195.90028088658062,4.714170546646211,6.500569740824389,53.174035675899965,133.65283667575042,7.830884838343948,0.3086066008702112,0.03905338002759206,0.0,0.6523400191021967,2.061445399554282,0.0,0.0,0.0,0.0,0.0,0.0,0.0,0.0,0.34765998089780326,0.0
v1,0,0.7,10.469964770312052,18846,1.0,t1,spark,burstgpt,total,0.5,634.2102002784343,3.3891535146758542,always_best_self,0.01047967738512151,1.3032193609979004,0.009657305780844736,0.003694581280788177,0.01820014857264141,0.0,0.0,9.02727532280823,0.17475000023841858,30.040469357107284,30.0889261453121,567.2419490893151,0.01820014857264141,0.002334712936432134,0.3426721850790619,0.6367929534118646,0.0,1.9722487530510453,0.0,0.0,0.020534861509073542,0.0,0.0,0.0,0.0,0.0,0.0
v1,0,0.7,10.469964770312052,18846,1.0,t1,spark,burstgpt,total,0.5,634.2102002784343,3.3891535146758542,threshold,0.1616258091902791,1.3714647249980771,0.10265438540106342,0.013024602026049204,0.20280165552371857,92.77132614306174,185.54202796809665,9.4556366318701,10.856864555400648,64.95643420553168,169.36432560085984,14.765701026271245,0.20280165552371857,0.04510240899925714,0.24323463865011144,0.5088612968269128,0.8608723336517032,0.7515122572429163,0.0,0.0,0.01899607343733418,0.0,0.0,0.0,0.0,0.22890799108564153,0.0
v1,0,0.7,10.469964770312052,18846,1.0,t1,spark,burstgpt,total,0.5,634.2102002784343,3.3891535146758542,static_qc,0.49801018783826806,1.472910292999586,0.4865799748947202,0.2877397831526272,0.6055926987159079,95.84227135944093,191.683897734486,10.259436796961552,3.315349589879986,31.101762588592237,97.90010020938482,12.409338516567345,0.6055926987159079,0.03337578265945028,0.04361668258516396,0.3174148360394779,1.0433513742969331,0.0,0.0,0.0,0.010612331529236973,0.004987795818741377,0.0013796030988008066,0.3230393717499735,0.03719622200997559,0.2610102939615834,0.0007428632070465882
v1,0,0.7,10.469964770312052,18846,1.0,t1,spark,burstgpt,total,0.5,634.2102002784343,3.3891535146758542,static_qc_fallback,0.5816618911174785,1.4865419950001524,0.5343080001892648,0.4245693125100628,0.7488061127029608,111.48945060383267,222.97815092331876,10.276359245856218,2.8308457658141606,28.45151339807259,87.49752739105274,12.463414109155224,0.7488061127029608,0.03618805051469808,0.1283561498461212,0.08664968693621988,0.6453358802929003,0.03109413138066433,0.0,0.0,0.01167356468216067,0.004828610845802823,0.109360076408787,0.34628037779900245,0.03958399660405391,0.25612862145813436,0.017138915419717713
v1,0,0.7,10.469964770312052,18846,1.0,t1,spark,burstgpt,total,0.5,634.2102002784343,3.3891535146758542,shortest_queue,0.3727316141356256,1.3922034120005264,0.3588613329566331,0.3289325390436323,0.5446248540804415,8.019609243385275,16.03916451765286,9.15737688395244,2.4537859153829658,20.114424589629387,28.60605171319068,17.75887275198474,0.5446248540804415,0.0003183699458771092,0.016396052212671125,0.4386607237610103,1.351904913509498,0.0,0.0,0.04473097739573384,0.01942056669850366,0.011036824790406453,0.0,0.46975485514167464,0.0,0.0,0.0
v1,0,0.7,10.469964770312052,18846,1.0,t1,spark,burstgpt,total,0.5,634.2102002784343,3.3891535146758542,capacity_greedy,0.7022445081184336,1.3477189059994998,0.6605953940498122,0.5487804878048781,0.9694895468534437,63.28691040691592,126.5733949154355,10.303634500108558,1.8306576855757157,14.047227587530584,31.53055068437908,12.973877769730393,0.9694895468534437,0.011355194736283561,0.014910325798577947,0.004244932611694789,0.03422476918178924,0.0,0.0,0.0,0.013424599384484771,0.00588984399872652,0.3366231561073968,0.38368884643956275,0.03846970179348403,0.19654037992146875,0.0062082139446036294
v1,0,0.7,10.469964770312052,18846,1.0,t1,spark,burstgpt,total,0.5,634.2102002784343,3.3891535146758542,batch_lp@2s,0.7034649262442959,3.8027892380014237,0.6563610744647713,0.5335365853658537,0.9694895468534437,62.33798351442056,124.67554751638522,10.392641820542831,2.828371755651972,14.477448249626297,32.17982863922447,13.904853210504712,0.9694895468534437,0.012787859492730553,0.015865435636209277,0.0018571580176164704,0.013212352753900031,0.0,0.0,0.0,0.012893982808022923,0.005359227422264671,0.36867239732569246,0.36453358802929003,0.03502069404648201,0.19096890586861934,0.004828610845802823
v1,0,0.7,10.469964770312052,18846,1.0,t1,spark,burstgpt,total,0.5,634.2102002784343,3.3891535146758542,A:knn_capacity_greedy,0.6799055502493898,3.670505502999731,0.6363889438092819,0.5335365853658537,0.9450811843361987,83.57093446715953,167.14130653165566,10.021876561332101,1.5062654603798364,22.066008362542995,57.745581020821874,12.991133181364717,0.9450811843361987,0.026318582192507694,0.019261381725565106,0.009338851745728537,0.058473946726095724,0.0,0.0,0.0004775549188156638,0.014485832537408469,0.007906186989281545,0.4185503555131062,0.3209169054441261,0.04016767483816194,0.15902578796561603,0.009869468322190385
v1,0,1.0,14.957092529017217,26923,1.0,t1,spark,burstgpt,total,0.1,181.20291436526696,5.820419271287392,oracle_unconstrained,0.9289083683096238,,,,,,,,,,,,,,,,,,,,,,,,,,
v1,0,1.0,14.957092529017217,26923,1.0,t1,spark,burstgpt,total,0.1,181.20291436526696,5.820419271287392,predictor_unconstrained,0.8139323255209301,,,,,,,,,,,,,,,,,,,,,,,,,,
v1,0,1.0,14.957092529017217,26923,1.0,t1,spark,burstgpt,total,0.1,181.20291436526696,5.820419271287392,fluid_ceiling,0.880290053568147,,,,,,,,,,,,,,,,,,,,,,,,,,
v1,0,1.0,14.957092529017217,26923,1.0,t1,spark,burstgpt,total,0.1,181.20291436526696,5.820419271287392,random,0.08986739962114178,2.09418899999946,0.07767432139288608,0.046511627906976744,0.14623184637670394,90.71187755027495,181.4221819857086,9.547805863840608,5.350184403033609,85.63368258819418,149.4225902220895,31.077587372268,0.14623184637670394,0.02830293800839431,0.4350926716933477,0.39037254392155407,0.018088623110351743,0.30200943431266947,1.1700033428666938,0.031051517290049402,0.014188611967462765,0.008097165991902834,0.02778293652267578,0.02715150614716042,0.011848605281729376,0.026445789845113844,0.027968651339003826
v1,0,1.0,14.957092529017217,26923,1.0,t1,spark,burstgpt,total,0.1,181.20291436526696,5.820419271287392,always_best_api,0.1990119971771348,2.319123105997278,0.16281148381565202,0.05084745762711865,0.223712067748765,83.50295148789883,167.00445487731457,4.981506822930871,6.067447462739466,45.75790360342752,121.18906946854614,7.271791363509536,0.223712067748765,0.020911488318538052,0.0,0.755376443932697,1.6824276640790403,0.0,0.6800505144300413,0.0,0.0,0.0,0.0,0.0,0.0,0.24462355606730304,0.0
v1,0,1.0,14.957092529017217,26923,1.0,t1,spark,burstgpt,total,0.1,181.20291436526696,5.820419271287392,always_best_self,0.007150020428629796,2.1267594620003365,0.006653097674155385,0.0029033270558694287,0.012554321583775953,0.0,0.0,8.647695845343735,23.40923910088283,30.02877857286494,30.080759488299012,624.4671500076291,0.012554321583775953,0.0013000037142963266,0.28399509712884896,0.7021505775730787,0.0,2.2265349329569513,0.0,0.0,0.013854325298072281,0.0,0.0,0.0,0.0,0.0,0.0
v1,0,1.0,14.957092529017217,26923,1.0,t1,spark,burstgpt,total,0.1,181.20291436526696,5.820419271287392,threshold,0.03773725067785908,2.1278460009998525,0.026440357919449334,0.004137115839243499,0.05853731010660031,72.15459608868696,144.3079408807517,9.10258537917428,26.171221345448394,66.16763995904793,91.72313781249312,38.40142563697525,0.05853731010660031,0.038108680310515175,0.2762693607696022,0.6270846488132823,0.04713442038405824,1.9450655573301638,0.0004085725959217026,0.0,0.013742896408275453,0.0,0.0,0.0,0.0,0.08290309400884002,0.0
v1,0,1.0,14.957092529017217,26923,1.0,t1,spark,burstgpt,total,0.1,181.20291436526696,5.820419271287392,static_qc,0.44660699030568657,2.0017028719994414,0.4211781742636224,0.24722875377897213,0.5773502210006314,73.85108264265546,147.70088456841594,10.349301642417247,2.6036681700406348,18.16234408224962,74.8551748984977,12.66895781668029,0.5773502210006314,0.014337183820525201,0.1648033280095086,0.24350926716933477,0.6520818630910374,0.0461687033391524,0.09972885636816105,0.0,0.00939716970619916,0.003974297069420199,0.060171600490287115,0.34698956282732235,0.028117223192066262,0.14303755153586153,0.0
v1,0,1.0,14.957092529017217,26923,1.0,t1,spark,burstgpt,total,0.1,181.20291436526696,5.820419271287392,static_qc_fallback,0.4736284960814174,2.1102843090011447,0.44434379733893126,0.25484268279028105,0.6238532110091743,76.50445480874077,153.00758288611476,10.374148921276143,2.263520480966463,17.750437792830212,71.70126400052945,12.64307862743658,0.6238532110091743,0.016157189020540058,0.2081863091037403,0.15180329086654534,0.27530364372469635,0.08312595178843368,0.38234966385618246,0.0,0.009768599338855254,0.003937154106154589,0.13423466924191213,0.3271923634067526,0.026780076514504328,0.13698324852356722,0.00111428889796828
v1,0,1.0,14.957092529017217,26923,1.0,t1,spark,burstgpt,total,0.1,181.20291436526696,5.820419271287392,shortest_queue,0.32306949448426997,2.2404490080007236,0.311839795327349,0.27410144440712125,0.46993277123648924,9.512466193724322,19.0247674233651,9.342934383825211,2.484144371888192,19.03615260969897,28.231868219487943,16.789704839968635,0.46993277123648924,0.0002600007428592653,0.011440032685807674,0.5183671953348438,1.6300932288377967,0.0,0.0,0.03472867065334472,0.014040040114400326,0.007540021542918694,0.0,0.41388403966868476,0.0,0.0,0.0
v1,0,1.0,14.957092529017217,26923,1.0,t1,spark,burstgpt,total,0.1,181.20291436526696,5.820419271287392,capacity_greedy,0.6537532964379899,2.14360705999934,0.6131867273401314,0.5031712473572939,0.9154254726442076,72.2363828170819,144.47151291920562,10.313040621644971,1.7092317391307006,12.58728162616088,30.225668593799192,12.921814773090205,0.9154254726442076,0.00991717119191769,0.0386286817962337,0.03602867436764105,0.03476581361661033,0.09657170449058426,0.0,0.010288600824573784,0.009620027485792817,0.003974297069420199,0.35293243694981985,0.36678676224789214,0.026742933551238718,0.15310329458084165,0.001894291126546076
v1,0,1.0,14.957092529017217,26923,1.0,t1,spark,burstgpt,total,0.1,181.20291436526696,5.820419271287392,batch_lp@2s,0.6433532667236193,6.977817132999917,0.5986751331516574,0.4799154334038055,0.8998997139991829,72.86579261250517,145.73032159490063,10.170500604979186,2.752874992063198,15.778248083076637,31.058935292736635,13.994425684143975,0.8998997139991829,0.010437172677636221,0.08832596664561898,0.0013371466775619358,0.01158860453887011,0.0,0.0006685733387809679,0.014894328269509342,0.009842885265386472,0.004271440775545073,0.3803068008765739,0.3209152026148646,0.022285777959365597,0.15778330795230844,3.714296326560933e-05
v1,0,1.0,14.957092529017217,26923,1.0,t1,spark,burstgpt,total,0.1,181.20291436526696,5.820419271287392,A:knn_capacity_greedy,0.5400401144003268,4.816642329002207,0.5140442984769683,0.4587737843551797,0.7617278906511161,76.54200061394658,153.0826738454114,10.040442077787322,1.5142787688400858,23.781445827088334,44.6512612736788,13.151262095953129,0.7617278906511161,0.01719719199197712,0.08576310218029194,0.13531181517661478,0.03870296772276492,0.3901125431786948,0.0,0.01664004754299298,0.011142888979682799,0.0060543030122943205,0.33220666344760985,0.29242654979014227,0.027448649853285295,0.08944025554358727,0.0035657244734984958
v1,0,1.0,14.957092529017217,26923,1.0,t1,spark,burstgpt,total,0.5,906.0145718263348,3.3891535146758542,oracle_unconstrained,0.9289083683096238,,,,,,,,,,,,,,,,,,,,,,,,,,
v1,0,1.0,14.957092529017217,26923,1.0,t1,spark,burstgpt,total,0.5,906.0145718263348,3.3891535146758542,predictor_unconstrained,0.8139323255209301,,,,,,,,,,,,,,,,,,,,,,,,,,
v1,0,1.0,14.957092529017217,26923,1.0,t1,spark,burstgpt,total,0.5,906.0145718263348,3.3891535146758542,fluid_ceiling,0.8802900535681468,,,,,,,,,,,,,,,,,,,,,,,,,,
v1,0,1.0,14.957092529017217,26923,1.0,t1,spark,burstgpt,total,0.5,906.0145718263348,3.3891535146758542,random,0.3821453775582216,1.6790203019991168,0.3515971374357007,0.27061310782241016,0.5458901311146603,294.69950930564664,589.3939079666419,9.397066684511234,2.5881579149888694,76.71569003028615,142.93507895581322,16.258622028232423,0.5458901311146603,0.076440218400624,0.3316123760353601,0.04605727444935557,0.24540355829588084,0.10767745050700145,0.0,0.03205437729822085,0.012888608253166437,0.008171451918434052,0.16632618950339859,0.1624261783605096,0.03647438992682836,0.11083460238457825,0.0931545518701482
v1,0,1.0,14.957092529017217,26923,1.0,t1,spark,burstgpt,total,0.5,906.0145718263348,3.3891535146758542,always_best_api,0.2471864205326301,2.2992910660032067,0.19966819406682423,0.06167608286252354,0.27738364966757045,102.95293156412663,205.90407773047542,4.981972621260639,6.0487448547627025,46.335172507515296,113.41331421625276,7.253751314407111,0.27738364966757045,0.02600007428592653,0.0,0.696616276046503,2.205549158711882,0.0,0.0,0.0,0.0,0.0,0.0,0.0,0.0,0.303383723953497,0.0
v1,0,1.0,14.957092529017217,26923,1.0,t1,spark,burstgpt,total,0.5,906.0145718263348,3.3891535146758542,always_best_self,0.007150020428629796,2.110905179000838,0.006653097674155385,0.0029033270558694287,0.012554321583775953,0.0,0.0,8.647695845343735,23.40923910088283,30.02877857286494,30.080759488299012,624.4671500076291,0.012554321583775953,0.0013000037142963266,0.28399509712884896,0.7021505775730787,0.0,2.2265349329569513,0.0,0.0,0.013854325298072281,0.0,0.0,0.0,0.0,0.0,0.0
v1,0,1.0,14.957092529017217,26923,1.0,t1,spark,burstgpt,total,0.5,906.0145718263348,3.3891535146758542,threshold,0.14825613787467964,2.3577891059976537,0.09182929114070075,0.010341261633919338,0.1851948148423281,100.80651636933908,201.61128456378327,9.147423982236676,9.272689947981775,58.09261266409282,157.98386090553407,12.461766914100053,0.1851948148423281,0.031274375069643055,0.2181777662221892,0.5653530438658396,0.9518998625710359,0.8525052928722654,0.0,0.0,0.012851465289900828,0.0,0.0,0.0,0.0,0.20361772462207034,0.0
v1,0,1.0,14.957092529017217,26923,1.0,t1,spark,burstgpt,total,0.5,906.0145718263348,3.3891535146758542,static_qc,0.47524421498347136,2.352190666999377,0.46972149684656667,0.2606650990930467,0.5769416484047097,110.39767262719761,220.79343075078285,10.331017971405652,3.2513103653431017,23.889800273546573,90.64934477044604,11.677815157058319,0.5769416484047097,0.022917208334880958,0.049734427812650896,0.3504067154477584,1.159343312409464,0.0,0.0,0.0,0.007168591910262601,0.0034542955837016678,0.0013742896408275452,0.3179809085168815,0.03112580321658062,0.2380863945325558,0.0006685733387809679
v1,0,1.0,14.957092529017217,26923,1.0,t1,spark,burstgpt,total,0.5,906.0145718263348,3.3891535146758542,static_qc_fallback,0.563421609776028,2.2850311149995832,0.5151399239777581,0.3903258313738663,0.7304535155814731,134.8813855772296,269.76043205714143,10.337088500650683,2.7770475051381993,24.56857582592061,77.20628594972258,12.02101674216113,0.7304535155814731,0.02704007725736359,0.1469004197154849,0.09560598744567841,0.717824908071166,0.032388663967611336,0.0,0.0,0.008022880065371616,0.003491438546967277,0.11818890911116889,0.3429781227946366,0.03335438101251718,0.23240352115291757,0.019054340155257588
v1,0,1.0,14.957092529017217,26923,1.0,t1,spark,burstgpt,total,0.5,906.0145718263348,3.3891535146758542,shortest_queue,0.32306949448426997,2.284005457000603,0.311839795327349,0.27410144440712125,0.46993277123648924,9.512466193724322,19.0247674233651,9.342934383825211,2.484144371888192,19.03615260969897,28.231868219487943,16.789704839968635,0.46993277123648924,0.0002600007428592653,0.011440032685807674,0.5183671953348438,1.6300932288377967,0.0,0.0,0.03472867065334472,0.014040040114400326,0.007540021542918694,0.0,0.41388403966868476,0.0,0.0,0.0
v1,0,1.0,14.957092529017217,26923,1.0,t1,spark,burstgpt,total,0.5,906.0145718263348,3.3891535146758542,capacity_greedy,0.7006277160791888,2.118265646000509,0.6607040723418242,0.547568710359408,0.9692084834528099,88.78222110477145,177.56290255857948,9.942924678729245,1.7851949206385598,13.820625787768801,32.19128281562244,12.833298055606292,0.9692084834528099,0.011997177134791814,0.012405749730713516,0.006388589681684805,0.047505850016714334,0.0,0.0,0.0,0.009694313412324036,0.004160011885748245,0.3671581918805482,0.3661924748356424,0.03108866025331501,0.1974519927199792,0.005460015600044572
v1,0,1.0,14.957092529017217,26923,1.0,t1,spark,burstgpt,total,0.5,906.0145718263348,3.3891535146758542,batch_lp@2s,0.7016120046057275,5.159533477999503,0.6582005414282786,0.5369978858350951,0.9709913456895591,90.3422306819557,180.68289465944312,9.882283403503944,2.759252688377728,14.649140807204136,33.570782687122495,13.765743962601789,0.9709913456895591,0.014337183820525201,0.012591464547041563,0.0020800059428741223,0.014857185306243732,0.0,0.0,0.0,0.009582884522527207,0.003937154106154589,0.4164097611707462,0.32771236489247113,0.028117223192066262,0.1942205549158712,0.005348586710247743
v1,0,1.0,14.957092529017217,26923,1.0,t1,spark,burstgpt,total,0.5,906.0145718263348,3.3891535146758542,A:knn_capacity_greedy,0.6811833748096423,4.504087173998414,0.6426480039666028,0.5560253699788583,0.9516770047914422,113.89424713491098,227.78651912902075,9.845560455133425,1.4818323233854471,20.386470448788714,48.7663800421382,12.893346434450905,0.9516770047914422,0.023734353526724362,0.014671470489915685,0.00991717119191769,0.06503732867808194,0.0,0.0,0.0005942874122497493,0.010325743787839394,0.006202874865356758,0.44036697247706424,0.3215094900271144,0.03446866991048546,0.15057757307878022,0.011365746759276455
v1,0,1.3,19.444220287722384,35000,1.0,t1,spark,burstgpt,total,0.1,235.56378867484705,5.820419271287392,oracle_unconstrained,0.929,,,,,,,,,,,,,,,,,,,,,,,,,,
v1,0,1.3,19.444220287722384,35000,1.0,t1,spark,burstgpt,total,0.1,235.56378867484705,5.820419271287392,predictor_unconstrained,0.8132428571428572,,,,,,,,,,,,,,,,,,,,,,,,,,
v1,0,1.3,19.444220287722384,35000,1.0,t1,spark,burstgpt,total,0.1,235.56378867484705,5.820419271287392,fluid_ceiling,0.879548574924944,,,,,,,,,,,,,,,,,,,,,,,,,,
v1,0,1.3,19.444220287722384,35000,1.0,t1,spark,burstgpt,total,0.1,235.56378867484705,5.820419271287392,random,0.14574285714285715,2.878452966000623,0.13419254861056346,0.09936908517350158,0.21637142857142858,118.08772252510789,236.1727224055167,9.13902900216303,2.659099085571711,61.73460242966888,127.86152916386004,17.713966858374533,0.21637142857142858,0.026914285714285714,0.39502857142857145,0.3616857142857143,0.12534285714285714,0.3328,0.9470285714285714,0.023742857142857142,0.010685714285714286,0.006371428571428571,0.065,0.060314285714285716,0.011057142857142857,0.03685714285714286,0.029257142857142857
v1,0,1.3,19.444220287722384,35000,1.0,t1,spark,burstgpt,total,0.1,235.56378867484705,5.820419271287392,always_best_api,0.14798571428571428,3.119315148000169,0.12051911361417955,0.04017588242380436,0.16608571428571428,100.18009726691525,200.357884769488,4.678548093084375,6.219235922041781,56.94931411913667,182.34222878812673,7.455659798609773,0.16608571428571428,0.02094285714285714,0.0,0.8129714285714286,1.5413714285714286,0.0,0.9676,0.0,0.0,0.0,0.0,0.0,0.0,0.18702857142857143,0.0
v1,0,1.3,19.444220287722384,35000,1.0,t1,spark,burstgpt,total,0.1,235.56378867484705,5.820419271287392,always_best_self,0.0054285714285714284,2.837625537002168,0.0054325739543671266,0.0032258064516129032,0.009514285714285715,0.0,0.0,9.064251381784741,21.822119566644844,30.027606752882427,30.11268531090836,660.0525970849598,0.009514285714285715,0.0008571428571428571,0.2366,0.7530285714285714,0.0,2.3006,0.0,0.0,0.010371428571428571,0.0,0.0,0.0,0.0,0.0,0.0
v1,0,1.3,19.444220287722384,35000,1.0,t1,spark,burstgpt,total,0.1,235.56378867484705,5.820419271287392,threshold,0.0339,2.873233900001651,0.02402176639049201,0.003686635944700461,0.053714285714285714,79.10003107739612,158.19823841498504,9.04797754658298,23.472210364208067,64.97460002597289,92.3696523668822,34.34161884764312,0.053714285714285714,0.029942857142857143,0.23051428571428573,0.6858285714285715,0.07762857142857142,2.0299428571428573,0.0,0.0,0.010114285714285715,0.0,0.0,0.0,0.0,0.07354285714285715,0.0
v1,0,1.3,19.444220287722384,35000,1.0,t1,spark,burstgpt,total,0.1,235.56378867484705,5.820419271287392,static_qc,0.4121714285714286,2.7572636180011614,0.3882542683471406,0.22810045740916543,0.5345142857142857,86.95035930574704,173.89871387357735,10.232957957954284,2.59907537311403,16.64471570157513,71.97644645229767,12.292509061400096,0.5345142857142857,0.011685714285714285,0.16017142857142858,0.2936285714285714,0.8739428571428571,0.0694,0.0,0.0,0.007,0.0028857142857142857,0.06142857142857143,0.3062,0.025971428571428572,0.1427142857142857,0.0
v1,0,1.3,19.444220287722384,35000,1.0,t1,spark,burstgpt,total,0.1,235.56378867484705,5.820419271287392,static_qc_fallback,0.5256428571428572,2.979040370999428,0.4593472534215413,0.28747734530076813,0.7013428571428572,94.40485239615191,188.80752818269997,10.378643367882681,1.9980425764185554,13.553618065386669,43.21901998836095,11.758838634507697,0.7013428571428572,0.012857142857142857,0.20257142857142857,0.08322857142857143,0.5675714285714286,0.09597142857142857,0.05505714285714286,0.0,0.0071142857142857145,0.002857142857142857,0.23431428571428572,0.29168571428571427,0.0268,0.14882857142857142,0.0026
v1,0,1.3,19.444220287722384,35000,1.0,t1,spark,burstgpt,total,0.1,235.56378867484705,5.820419271287392,shortest_queue,0.26334285714285716,3.0557336450001458,0.2535606896399545,0.21688098731336844,0.38185714285714284,10.099752952663039,20.1992730442102,9.147784286593595,2.466786105406527,17.0693594504213,27.76481782744578,16.51316690639112,0.38185714285714284,0.00011428571428571428,0.008885714285714285,0.6091428571428571,1.8695142857142857,0.0,0.0,0.02665714285714286,0.010285714285714285,0.0057714285714285714,0.0,0.33925714285714287,0.0,0.0,0.0
v1,0,1.3,19.444220287722384,35000,1.0,t1,spark,burstgpt,total,0.1,235.56378867484705,5.820419271287392,capacity_greedy,0.6555571428571428,2.64243923200047,0.6110608812191979,0.5063091482649842,0.9268285714285714,93.14639795795483,186.29064832138235,10.340989391010078,1.447716618573665,12.458110755460837,30.058969837862993,12.376842179271762,0.9268285714285714,0.010285714285714285,0.047485714285714284,0.0154,0.028914285714285715,0.03711428571428572,0.0,0.00842857142857143,0.007314285714285714,0.0032285714285714287,0.44962857142857143,0.2906,0.02182857142857143,0.15322857142857144,0.002857142857142857
v1,0,1.3,19.444220287722384,35000,1.0,t1,spark,burstgpt,total,0.1,235.56378867484705,5.820419271287392,batch_lp@2s,0.6633142857142857,7.65273102199717,0.6107876002145943,0.4794952681388013,0.9317142857142857,93.07034029906936,186.1385347572059,9.909553197340003,2.5684010316303443,13.863610102310497,30.38857408585677,13.386183936407889,0.9317142857142857,0.009914285714285714,0.057114285714285715,0.001257142857142857,0.011828571428571428,0.0,5.714285714285714e-05,0.008914285714285715,0.007257142857142857,0.0035714285714285713,0.4732,0.273,0.01877142857142857,0.15648571428571428,0.00042857142857142855
v1,0,1.3,19.444220287722384,35000,1.0,t1,spark,burstgpt,total,0.1,235.56378867484705,5.820419271287392,A:knn_capacity_greedy,0.6201142857142857,5.151910163000139,0.5817737721347319,0.4968454258675079,0.8771428571428571,101.80088649344543,203.59942585343748,9.568232483942651,1.2564147325537647,17.30728880753867,41.73918685973629,12.35920752175306,0.8771428571428571,0.0144,0.053457142857142856,0.055,0.04982857142857143,0.14502857142857142,0.0,0.009514285714285715,0.008228571428571429,0.004485714285714286,0.48342857142857143,0.26002857142857144,0.025,0.09494285714285715,0.005914285714285714
v1,0,1.3,19.444220287722384,35000,1.0,t1,spark,burstgpt,total,0.5,1177.8189433742352,3.3891535146758542,oracle_unconstrained,0.929,,,,,,,,,,,,,,,,,,,,,,,,,,
v1,0,1.3,19.444220287722384,35000,1.0,t1,spark,burstgpt,total,0.5,1177.8189433742352,3.3891535146758542,predictor_unconstrained,0.8132428571428572,,,,,,,,,,,,,,,,,,,,,,,,,,
v1,0,1.3,19.444220287722384,35000,1.0,t1,spark,burstgpt,total,0.5,1177.8189433742352,3.3891535146758542,fluid_ceiling,0.879548574924944,,,,,,,,,,,,,,,,,,,,,,,,,,
v1,0,1.3,19.444220287722384,35000,1.0,t1,spark,burstgpt,total,0.5,1177.8189433742352,3.3891535146758542,random,0.37611428571428573,2.3917973809984687,0.3445611083262919,0.2539432176656151,0.5346285714285715,319.49505791482443,638.9827495132595,9.394000350625559,2.349071287297761,68.48912667488261,131.1551802160524,15.148525143032998,0.5346285714285715,0.06268571428571429,0.3218285714285714,0.08085714285714286,0.32474285714285717,0.1740857142857143,0.0,0.022285714285714287,0.010457142857142858,0.006057142857142857,0.17762857142857144,0.17042857142857143,0.031142857142857142,0.10302857142857143,0.07628571428571429
v1,0,1.3,19.444220287722384,35000,1.0,t1,spark,burstgpt,total,0.5,1177.8189433742352,3.3891535146758542,always_best_api,0.21112857142857142,3.069494390998443,0.1674926136690202,0.05113841705818576,0.2364,103.10200297361007,206.20162881506906,4.678103077966917,5.80019709087594,39.97561465565316,105.91682162752402,6.9314815106024525,0.2364,0.018942857142857143,0.0,0.7446571428571429,2.3292,0.0,0.0,0.0,0.0,0.0,0.0,0.0,0.0,0.25534285714285715,0.0
v1,0,1.3,19.444220287722384,35000,1.0,t1,spark,burstgpt,total,0.5,1177.8189433742352,3.3891535146758542,always_best_self,0.0054285714285714284,2.891815659997519,0.0054325739543671266,0.0032258064516129032,0.009514285714285715,0.0,0.0,9.064251381784741,21.822119566644844,30.027606752882427,30.11268531090836,660.0525970849598,0.009514285714285715,0.0008571428571428571,0.2366,0.7530285714285714,0.0,2.3006,0.0,0.0,0.010371428571428571,0.0,0.0,0.0,0.0,0.0,0.0
v1,0,1.3,19.444220287722384,35000,1.0,t1,spark,burstgpt,total,0.5,1177.8189433742352,3.3891535146758542,threshold,0.1328,3.0041546909997123,0.08085291794199734,0.007830853563038372,0.16414285714285715,104.37545968790073,208.7485128826796,9.226121886996973,8.066447905804122,53.217744200066186,148.1703652370528,10.40497585364281,0.16414285714285715,0.0234,0.18897142857142857,0.6234857142857143,1.0221142857142858,0.9284571428571429,0.0,0.0,0.010114285714285715,0.0,0.0,0.0,0.0,0.17742857142857144,0.0
v1,0,1.3,19.444220287722384,35000,1.0,t1,spark,burstgpt,total,0.5,1177.8189433742352,3.3891535146758542,static_qc,0.41845714285714286,3.2093842570029665,0.41115652683456183,0.2064516129032258,0.5067428571428572,111.29980883478675,222.5970515278269,10.167576747709557,3.2141281083696356,19.828107686764362,82.22530160148928,11.080734841958645,0.5067428571428572,0.016914285714285715,0.05205714285714286,0.42428571428571427,1.3820857142857144,0.0,0.0,0.0,0.005628571428571429,0.0026285714285714285,0.0013428571428571428,0.28031428571428574,0.025857142857142856,0.2072857142857143,0.0006
v1,0,1.3,19.444220287722384,35000,1.0,t1,spark,burstgpt,total,0.5,1177.8189433742352,3.3891535146758542,static_qc_fallback,0.5194571428571428,3.3954260290011007,0.46300443457955653,0.3570380598947096,0.6785714285714286,152.2758134065498,304.5481159236751,10.249275428740876,2.62385781168868,23.214068162044715,71.47218086019,11.565573812597677,0.6785714285714286,0.021857142857142856,0.15551428571428572,0.14405714285714286,0.9055142857142857,0.05325714285714286,0.0,0.0,0.0066,0.0026285714285714285,0.14317142857142856,0.2913428571428571,0.028428571428571428,0.2027142857142857,0.02554285714285714
v1,0,1.3,19.444220287722384,35000,1.0,t1,spark,burstgpt,total,0.5,1177.8189433742352,3.3891535146758542,shortest_queue,0.26334285714285716,5.144623265001428,0.2535606896399545,0.21688098731336844,0.38185714285714284,10.099752952663039,20.1992730442102,9.147784286593595,2.466786105406527,17.0693594504213,27.76481782744578,16.51316690639112,0.38185714285714284,0.00011428571428571428,0.008885714285714285,0.6091428571428571,1.8695142857142857,0.0,0.0,0.02665714285714286,0.010285714285714285,0.0057714285714285714,0.0,0.33925714285714287,0.0,0.0,0.0
v1,0,1.3,19.444220287722384,35000,1.0,t1,spark,burstgpt,total,0.5,1177.8189433742352,3.3891535146758542,capacity_greedy,0.6943,3.90944053199928,0.6490616085698813,0.5362776025236593,0.9734285714285714,110.64934703409199,221.2961429235627,10.258955881931868,1.5172994533309065,12.997209857161705,30.60190851967831,12.358219919140112,0.9734285714285714,0.01102857142857143,0.010685714285714286,0.004857142857142857,0.03957142857142857,0.0,0.0,0.0,0.007,0.0028285714285714286,0.4502857142857143,0.30734285714285714,0.025885714285714286,0.18234285714285714,0.00877142857142857
v1,0,1.3,19.444220287722384,35000,1.0,t1,spark,burstgpt,total,0.5,1177.8189433742352,3.3891535146758542,batch_lp@2s,0.6995,6.160851977998391,0.649199438222753,0.5236593059936908,0.9758,109.32975560770865,218.65699049545427,10.3009742865711,2.58661708101528,13.377643086659914,31.785611213187195,13.318036475319492,0.9758,0.012428571428571428,0.01042857142857143,0.0013428571428571428,0.013857142857142858,0.0,0.0,0.0,0.0070857142857142855,0.0029142857142857143,0.49394285714285713,0.2789142857142857,0.02237142857142857,0.17597142857142858,0.007028571428571428
v1,0,1.3,19.444220287722384,35000,1.0,t1,spark,burstgpt,total,0.5,1177.8189433742352,3.3891535146758542,A:knn_capacity_greedy,0.6845142857142857,5.133546340999601,0.6427572769960964,0.5425867507886435,0.9594,135.25450623396137,270.50589402379876,9.902896554411493,1.3459490403285486,17.864853324958137,44.16872652648678,12.508242834491966,0.9594,0.01937142857142857,0.010714285714285714,0.010514285714285714,0.07254285714285715,0.0,0.0,0.0006,0.008085714285714286,0.004428571428571428,0.5006571428571429,0.2823428571428571,0.02945714285714286,0.13917142857142858,0.014028571428571428
v1,1,0.3,4.487127758705165,8077,1.0,t1,spark,burstgpt,total,0.1,54.36087430958008,5.427273206834798,oracle_unconstrained,0.9254673765011762,,,,,,,,,,,,,,,,,,,,,,,,,,
v1,1,0.3,4.487127758705165,8077,1.0,t1,spark,burstgpt,total,0.1,54.36087430958008,5.427273206834798,predictor_unconstrained,0.8118732202550452,,,,,,,,,,,,,,,,,,,,,,,,,,
v1,1,0.3,4.487127758705165,8077,1.0,t1,spark,burstgpt,total,0.1,54.36087430958008,5.427273206834798,fluid_ceiling,0.8867772687879163,,,,,,,,,,,,,,,,,,,,,,,,,,
v1,1,0.3,4.487127758705165,8077,1.0,t1,spark,burstgpt,total,0.1,54.36087430958008,5.427273206834798,random,0.13916057942305313,0.573506600001565,0.13696058426196836,0.08909287257019438,0.2715116998885725,24.902219999403314,49.80339153221987,8.965246188050365,4.31042919524657,49.92225202043577,121.80293806771462,57.7342737312754,0.2715116998885725,0.02798068589822954,0.5025380710659898,0.19796954314720813,0.0028475919276959266,0.007304692336263464,1.0210474185960134,0.0991704840906277,0.047047170979324,0.02637117741735793,0.027485452519499815,0.02488547728116875,0.021418843630060667,0.02661879410672279,0.02649498576204036
v1,1,0.3,4.487127758705165,8077,1.0,t1,spark,burstgpt,total,0.1,54.36087430958008,5.427273206834798,always_best_api,0.11532747307168503,0.6655082040015259,0.1011555119753299,0.040766738660907124,0.1301225702612356,27.326473696681205,54.651796857602726,4.000973097337711,7.939961336493432,78.2710708793682,200.96937602970937,9.571938174156541,0.1301225702612356,0.02884734431100656,0.0,0.8410300854277578,0.5274235483471585,0.0,2.037885353472824,0.0,0.0,0.0,0.0,0.0,0.0,0.15896991457224216,0.0
v1,1,0.3,4.487127758705165,8077,1.0,t1,spark,burstgpt,total,0.1,54.36087430958008,5.427273206834798,always_best_self,0.026742602451405226,0.4320954469985736,0.026138029343139035,0.013498920086393088,0.04580908753249969,0.0,0.0,9.187349725524783,28.645192397556514,30.019217992151333,30.066509890449794,527.8547613395207,0.04580908753249969,0.004333292063885106,0.5895753373777393,0.36028228302587595,0.0,1.1160084189674384,0.0,0.0,0.050142379596384797,0.0,0.0,0.0,0.0,0.0,0.0
v1,1,0.3,4.487127758705165,8077,1.0,t1,spark,burstgpt,total,0.1,54.36087430958008,5.427273206834798,threshold,0.04463290825801659,0.45773372199982987,0.04068776918470222,0.023622047244094488,0.06561842268168874,19.85146626876667,39.7020967245383,8.912031498019674,29.581375381313364,71.00228161376197,101.45207077071227,83.13312190697098,0.06561842268168874,0.04159960381329702,0.5499566670793612,0.34282530642565306,0.0,0.9565432710164665,0.09236102513309397,0.0,0.04766621270273617,0.0,0.0,0.0,0.0,0.059551813792249594,0.0
v1,1,0.3,4.487127758705165,8077,1.0,t1,spark,burstgpt,total,0.1,54.36087430958008,5.427273206834798,static_qc,0.49071437414881763,0.5181244580016937,0.4982666286743925,0.29478032294404805,0.6470224093103876,17.686247586028912,35.37175052199693,9.475579099207636,2.252933076983478,17.701479799498202,35.23871896098714,15.353848828847198,0.6470224093103876,0.009409434195864801,0.15055094713383682,0.19301720935991085,0.12257026123560728,0.0,0.4694812430357806,0.0,0.03256159465147951,0.01634270149808097,0.058685155379472574,0.40646279559242293,0.05138046304320911,0.09099913334158723,0.0
v1,1,0.3,4.487127758705165,8077,1.0,t1,spark,burstgpt,total,0.1,54.36087430958008,5.427273206834798,static_qc_fallback,0.4510957038504395,0.5727180989997578,0.46309897556635615,0.270371761171611,0.5992323882629689,17.69960339766294,35.398461582940726,9.336835835891764,2.26087173877832,20.4978079318198,41.46473094127417,15.68010943701561,0.5992323882629689,0.009904667574594527,0.21109322768354588,0.17976971647889067,0.036771078370682185,0.011266559366101275,0.6118608394205769,0.0,0.03256159465147951,0.01869506004704717,0.056085180141141514,0.36894886715364617,0.04717097932400644,0.08468490776278322,0.0009904667574594528
v1,1,0.3,4.487127758705165,8077,1.0,t1,spark,burstgpt,total,0.1,54.36087430958008,5.427273206834798,shortest_queue,0.47040980562089885,0.5339102239995555,0.4590912759385102,0.3858267716535433,0.75102141884363,4.033104978851043,8.066040150519783,9.638569197158356,2.494412926557203,21.301592097536023,27.92307461085343,23.45519710926351,0.75102141884363,0.0001238083446824316,0.01857125170236474,0.23028352110932276,0.7291073418348397,0.0,0.0,0.1351987123932153,0.046428129255911846,0.027609260864182247,0.0,0.5419091246750031,0.0,0.0,0.0
v1,1,0.3,4.487127758705165,8077,1.0,t1,spark,burstgpt,total,0.1,54.36087430958008,5.427273206834798,capacity_greedy,0.6234988238207255,0.5735033479977574,0.6044309815024675,0.541494555013143,0.8811439891048657,16.545449087589077,33.09020155654208,10.001046920776894,1.848254546914859,19.432070157681864,29.930859568304367,15.26586057978534,0.8811439891048657,0.0069332673022161695,0.10833230159712764,0.0035904419957905162,0.02240931038752012,0.0,0.0,0.03553299492385787,0.03367586975362139,0.025009285625851183,0.2112170360282283,0.43976724031199704,0.05398043828154018,0.08666584127770212,0.002228550204283769
v1,1,0.3,4.487127758705165,8077,1.0,t1,spark,burstgpt,total,0.1,54.36087430958008,5.427273206834798,batch_lp@2s,0.622508357063266,3.4416547830005584,0.6081645460563844,0.5343597446488922,0.8719821715983658,16.51963919413174,33.03858285631008,9.963392530575591,2.867727545458532,18.74120554143354,29.053475768604816,16.308749525359843,0.8719821715983658,0.004333292063885106,0.12294168626965457,0.0007428500680945896,0.007799925714993191,0.0,0.0,0.03553299492385787,0.03441871982171598,0.024266435557756594,0.22755973752630929,0.4079484957286121,0.05063761297511452,0.09570385043951962,0.0002476166893648632
v1,1,0.3,4.487127758705165,8077,1.0,t1,spark,burstgpt,total,0.1,54.36087430958008,5.427273206834798,A:knn_capacity_greedy,0.47071932648260495,3.0015575760007778,0.4579434210279869,0.40292902741269243,0.6834220626470224,19.999194844722297,39.99754765658338,9.664172334888772,1.6854546789019196,28.87733023852718,51.289986155602115,16.380657872941356,0.6834220626470224,0.01956171845982419,0.2206264702240931,0.0763897486690603,0.004457100408567538,0.25529280673517396,0.0,0.05806611365606042,0.04110437043456729,0.023152160455614707,0.1853410919896001,0.2793116256035657,0.04580908753249969,0.06883743964343196,0.0013618917915067476
v1,1,0.3,4.487127758705165,8077,1.0,t1,spark,burstgpt,total,0.5,271.8043715479004,3.1946902925992617,oracle_unconstrained,0.9254673765011762,,,,,,,,,,,,,,,,,,,,,,,,,,
v1,1,0.3,4.487127758705165,8077,1.0,t1,spark,burstgpt,total,0.5,271.8043715479004,3.1946902925992617,predictor_unconstrained,0.8118732202550452,,,,,,,,,,,,,,,,,,,,,,,,,,
v1,1,0.3,4.487127758705165,8077,1.0,t1,spark,burstgpt,total,0.5,271.8043715479004,3.1946902925992617,fluid_ceiling,0.8867772687879163,,,,,,,,,,,,,,,,,,,,,,,,,,
v1,1,0.3,4.487127758705165,8077,1.0,t1,spark,burstgpt,total,0.5,271.8043715479004,3.1946902925992617,random,0.35526804506623744,0.4702583840007719,0.33964334951037767,0.29346652267818574,0.5540423424538814,92.8913096590586,185.77870828390502,9.359576385161052,2.808598528889206,77.71863150837378,143.45671990026085,23.68336311714529,0.5540423424538814,0.08418967438405349,0.30654946143370065,0.05521852172836449,0.0571994552432834,0.0,0.2722545499566671,0.09298006685650613,0.048285254426148325,0.027237835830134952,0.10709421815030333,0.10325615946514795,0.05843753869010771,0.10511328463538443,0.09582765878420206
v1,1,0.3,4.487127758705165,8077,1.0,t1,spark,burstgpt,total,0.5,271.8043715479004,3.1946902925992617,always_best_api,0.41946267178407826,0.5532106949976878,0.3633517615265202,0.17332613390928725,0.4821096941933886,89.43152395408833,178.85928254249157,4.274127576575346,8.91901225084834,60.01666734389804,154.54874822914311,10.854205017227173,0.4821096941933886,0.09743716726507366,0.0,0.4204531385415377,1.3724155008047543,0.0,0.0,0.0,0.0,0.0,0.0,0.0,0.0,0.5795468614584623,0.0
v1,1,0.3,4.487127758705165,8077,1.0,t1,spark,burstgpt,total,0.5,271.8043715479004,3.1946902925992617,always_best_self,0.026742602451405226,0.45179227300104685,0.026138029343139035,0.013498920086393088,0.04580908753249969,0.0,0.0,9.187349725524783,28.645192397556514,30.019217992151333,30.066509890449794,527.8547613395207,0.04580908753249969,0.004333292063885106,0.5895753373777393,0.36028228302587595,0.0,1.1160084189674384,0.0,0.0,0.050142379596384797,0.0,0.0,0.0,0.0,0.0,0.0
v1,1,0.3,4.487127758705165,8077,1.0,t1,spark,burstgpt,total,0.5,271.8043715479004,3.1946902925992617,threshold,0.22310263711774173,0.4782211230012763,0.16048588063609573,0.05847953216374269,0.2930543518633156,72.71448142535519,145.425901328318,9.342340408146987,16.37286121306866,69.09108722780229,154.00628510043114,23.84785939514282,0.2930543518633156,0.099541909124675,0.3558251826173084,0.251578556394701,0.46440510090380094,0.3485204902810449,0.0,0.0,0.046428129255911846,0.0,0.0,0.0,0.0,0.3461681317320787,0.0
v1,1,0.3,4.487127758705165,8077,1.0,t1,spark,burstgpt,total,0.5,271.8043715479004,3.1946902925992617,static_qc,0.62219883620156,0.5168007829997805,0.6184150741435973,0.4311023622047244,0.76934505385663,76.44585236950297,152.88848611344136,9.821642497792192,3.28401648546469,52.569924581766216,132.14376213822658,15.50290481566799,0.76934505385663,0.07193264826049275,0.015971276464033676,0.14275102141884363,0.47505261854649006,0.0,0.0,0.0,0.028475919276959267,0.015352234740621518,0.016095084808716107,0.37860591803887583,0.06499938095827659,0.3377491642936734,0.0
v1,1,0.3,4.487127758705165,8077,1.0,t1,spark,burstgpt,total,0.5,271.8043715479004,3.1946902925992617,static_qc_fallback,0.6616936981552557,0.5214189369980886,0.6387148912772607,0.5054449868569283,0.8452395691469605,78.51219519039296,157.021084755291,9.474436131418583,3.1234486746175207,49.69291438348572,121.57419323028971,15.289429022652051,0.8452395691469605,0.0740373901200941,0.06970409805620899,0.011018942676736412,0.23015971276464034,0.0,0.0,0.0,0.025999752383310634,0.015723659774668813,0.04865667946019562,0.4255292806735174,0.06512318930295902,0.33440633898724775,0.0038380586851553796
v1,1,0.3,4.487127758705165,8077,1.0,t1,spark,burstgpt,total,0.5,271.8043715479004,3.1946902925992617,shortest_queue,0.47040980562089885,0.5674169689991686,0.4590912759385102,0.3858267716535433,0.75102141884363,4.033104978851043,8.066040150519783,9.638569197158356,2.494412926557203,21.301592097536023,27.92307461085343,23.45519710926351,0.75102141884363,0.0001238083446824316,0.01857125170236474,0.23028352110932276,0.7291073418348397,0.0,0.0,0.1351987123932153,0.046428129255911846,0.027609260864182247,0.0,0.5419091246750031,0.0,0.0,0.0
v1,1,0.3,4.487127758705165,8077,1.0,t1,spark,burstgpt,total,0.5,271.8043715479004,3.1946902925992617,capacity_greedy,0.7014361767983162,0.5751725680020172,0.6850374604626589,0.6034547502816372,0.9581527794973381,23.561804510049114,47.12261698947794,9.73313796051615,1.9563956004033116,14.918306678260292,29.919989292953236,14.464261392930439,0.9581527794973381,0.009657050885229664,0.02550451900458091,0.006685650612851307,0.038504395196236225,0.0,0.0,0.0,0.03268540299616194,0.022037885353472824,0.21839792001980934,0.47641451033799675,0.0709421815030333,0.1462176550699517,0.0011142751021418844
v1,1,0.3,4.487127758705165,8077,1.0,t1,spark,burstgpt,total,0.5,271.8043715479004,3.1946902925992617,batch_lp@2s,0.7058313730345426,2.785090768000373,0.6956082655040295,0.6087119789710852,0.9628574965952705,24.297260435512726,48.59349787525572,9.336366239899238,2.9306946739280377,15.279636811753786,30.223799432633644,15.38125861589775,0.9628574965952705,0.010523709298006686,0.024390243902439025,0.002228550204283769,0.01720935991085799,0.0,0.0,0.0,0.03256159465147951,0.02327596880029714,0.25454995666707936,0.43667203169493624,0.06772316454129008,0.15773183112541786,0.0008666584127770212
v1,1,0.3,4.487127758705165,8077,1.0,t1,spark,burstgpt,total,0.5,271.8043715479004,3.1946902925992617,A:knn_capacity_greedy,0.675003095208617,2.948079425001197,0.647387555462621,0.5929402929027413,0.9252197598118114,43.954422625593,87.90699462327153,9.780939153812898,1.8602468220949504,26.39249366660959,69.46476895696078,14.294520214493105,0.9252197598118114,0.03788535347282407,0.028104494242911972,0.008790392472452644,0.042837687260121333,0.0,0.0,0.0007428500680945896,0.0380091618175065,0.021542651974743098,0.2786925838801535,0.36771078370682186,0.06648508109446577,0.18348396681936363,0.006438033923486443
v1,1,0.7,10.469964770312052,18846,1.0,t1,spark,burstgpt,total,0.1,126.84204005568688,5.427273206834798,oracle_unconstrained,0.9263769500159185,,,,,,,,,,,,,,,,,,,,,,,,,,
v1,1,0.7,10.469964770312052,18846,1.0,t1,spark,burstgpt,total,0.1,126.84204005568688,5.427273206834798,predictor_unconstrained,0.8112066220948743,,,,,,,,,,,,,,,,,,,,,,,,,,
v1,1,0.7,10.469964770312052,18846,1.0,t1,spark,burstgpt,total,0.1,126.84204005568688,5.427273206834798,fluid_ceiling,0.8833579613777558,,,,,,,,,,,,,,,,,,,,,,,,,,
v1,1,0.7,10.469964770312052,18846,1.0,t1,spark,burstgpt,total,0.1,126.84204005568688,5.427273206834798,random,0.10989069298524885,1.5954283400023996,0.10479362176439007,0.0823448905109489,0.1861933566804627,63.56554297998082,127.13065818646717,9.991339825199084,5.829910239567425,77.50564588338318,139.41589932212125,38.81682217303319,0.1861933566804627,0.02780430860660087,0.45086490501963283,0.3351374296933036,0.01188581131274541,0.21447522020587922,1.1140825639392975,0.052371856096784464,0.021065478085535393,0.012734797835084369,0.026743075453677174,0.0259471505889844,0.01703279210442534,0.03109413138066433,0.027008383741908098
v1,1,0.7,10.469964770312052,18846,1.0,t1,spark,burstgpt,total,0.1,126.84204005568688,5.427273206834798,always_best_api,0.11806218826276133,1.7685480309992272,0.09834680100626997,0.03832116788321168,0.13419293218720152,63.59675218950724,127.19307639549314,4.170734663993404,7.262340939192752,74.84276819157023,206.3603635312171,8.730148307608626,0.13419293218720152,0.028281863525416534,0.0,0.837525204287382,1.088082351692667,0.0,1.4861509073543457,0.0,0.0,0.0,0.0,0.0,0.0,0.16247479571261805,0.0
v1,1,0.7,10.469964770312052,18846,1.0,t1,spark,burstgpt,total,0.1,126.84204005568688,5.427273206834798,always_best_self,0.011142948105698823,1.4193681739998283,0.013245132124445766,0.006386861313868613,0.01862464183381089,0.0,0.0,9.075867052454766,29.156247158579845,30.040735349585887,30.09781393053111,516.7128491813378,0.01862464183381089,0.0032898227740634617,0.43754642895044044,0.5405391064416852,0.0,1.731614135625597,0.0,0.0,0.02191446460787435,0.0,0.0,0.0,0.0,0.0,0.0
v1,1,0.7,10.469964770312052,18846,1.0,t1,spark,burstgpt,total,0.1,126.84204005568688,5.427273206834798,threshold,0.033853337578265946,1.4352236659979098,0.02863416245054307,0.011781794706262104,0.04971877321447522,51.6474812165834,103.29461486398884,9.428412242858101,29.720875446647028,73.89936839284631,102.35281370070803,47.685553508492376,0.04971877321447522,0.04117584633343946,0.4199830202695532,0.4891223601825321,0.05391064416852383,1.5036081927199405,0.019102196752626553,0.0,0.02058792316671973,0.0,0.0,0.0,0.0,0.07030669638119495,0.0
v1,1,0.7,10.469964770312052,18846,1.0,t1,spark,burstgpt,total,0.1,126.84204005568688,5.427273206834798,static_qc,0.47044465669107505,1.4058395869978995,0.48412625168362666,0.2645255003227889,0.626870423432028,43.753298968671515,87.5063034932037,9.611320906336626,2.2654492473103716,16.275348132702973,38.45292256108621,14.488256570324552,0.626870423432028,0.009975591637482755,0.14215218083412925,0.22100180409635997,0.5264777671654463,0.08622519367505041,0.08335986416215642,0.0,0.014485832537408469,0.014432770879762283,0.07349039583996604,0.3826276132866391,0.04823304680038205,0.10357635572535286,0.0
v1,1,0.7,10.469964770312052,18846,1.0,t1,spark,burstgpt,total,0.1,126.84204005568688,5.427273206834798,static_qc_fallback,0.49596731401888994,1.5771567089977907,0.4833136498965616,0.31262104583602324,0.674519791998302,44.02052724017085,88.04075823785115,9.429857189505826,1.959662396121466,16.004545181826344,33.81970355315695,13.241585456398298,0.674519791998302,0.009444975061020907,0.18815663801337154,0.12787859492730552,0.3380027592061976,0.05582086384378648,0.3097739573384273,0.0,0.014591955852700839,0.014645017510347023,0.17929534118645868,0.3291414623792847,0.041335031306378014,0.09901305316778096,0.005942905656372705
v1,1,0.7,10.469964770312052,18846,1.0,t1,spark,burstgpt,total,0.1,126.84204005568688,5.427273206834798,shortest_queue,0.42982595776292054,1.4368956299986166,0.4160256302247706,0.3705616526791478,0.6315398493048923,8.850265017210404,17.70047047528522,9.5903071544088,2.4933562167037167,19.666992685656915,28.384070723266642,17.5576872599097,0.6315398493048923,0.00026530828823092433,0.017722593653825745,0.35047224875305105,1.1147723654886978,0.0,0.0,0.0494534649262443,0.0196328133290884,0.011089886448052637,0.0,0.5516289928897379,0.0,0.0,0.0
v1,1,0.7,10.469964770312052,18846,1.0,t1,spark,burstgpt,total,0.1,126.84204005568688,5.427273206834798,capacity_greedy,0.5742067282181895,1.3765759659981995,0.5579967665274767,0.5099052540913006,0.8186352541653401,39.47408589591214,78.94790614526684,9.843587313352169,1.5784658873658595,19.484288916438167,29.95128364005793,13.273301336188865,0.8186352541653401,0.007216385439881142,0.1367398917542184,0.037408468640560334,0.010612331529236973,0.11737238671336092,0.0,0.02170221797728961,0.014751140825639393,0.012628674519791999,0.32457815982171284,0.3207577204711875,0.03618805051469808,0.08909052318794439,0.0061551522869574445
v1,1,0.7,10.469964770312052,18846,1.0,t1,spark,burstgpt,total,0.1,126.84204005568688,5.427273206834798,batch_lp@2s,0.6403480844741589,5.551422712000203,0.6162680371261108,0.553832902670112,0.9007216385439881,39.83958891487782,79.67890972349291,9.827951791715082,2.7118541625925445,16.38882160287001,28.72150010317716,14.543069158926556,0.9007216385439881,0.005200042449326117,0.0929109625384697,0.001167356468216067,0.0073225087551735115,0.0,0.0004775549188156638,0.010400084898652235,0.014273585906823729,0.012098057943330149,0.35232940677066754,0.37848880399023666,0.04112278467579327,0.09699671017722594,0.00021224663058473945
v1,1,0.7,10.469964770312052,18846,1.0,t1,spark,burstgpt,total,0.1,126.84204005568688,5.427273206834798,A:knn_capacity_greedy,0.5722169160564576,3.7751844730009907,0.5583684323540207,0.5012919896640827,0.8157699246524461,51.45848853967982,102.91663078203518,9.81030271010626,1.3757330328796797,24.15314952920657,41.70580837330492,13.03763663967159,0.8157699246524461,0.015016449113870317,0.12437652552265732,0.044837100711026215,0.026636952138384802,0.1395521596094662,0.0,0.021861402950228166,0.017404223707948637,0.009551098376313277,0.3807173936113764,0.2756022498142842,0.0375145919558527,0.08229863100923272,0.005836782341080335
v1,1,0.7,10.469964770312052,18846,1.0,t1,spark,burstgpt,total,0.5,634.2102002784343,3.1946902925992617,oracle_unconstrained,0.9263769500159185,,,,,,,,,,,,,,,,,,,,,,,,,,
v1,1,0.7,10.469964770312052,18846,1.0,t1,spark,burstgpt,total,0.5,634.2102002784343,3.1946902925992617,predictor_unconstrained,0.8112066220948743,,,,,,,,,,,,,,,,,,,,,,,,,,
v1,1,0.7,10.469964770312052,18846,1.0,t1,spark,burstgpt,total,0.5,634.2102002784343,3.1946902925992617,fluid_ceiling,0.8833579613777558,,,,,,,,,,,,,,,,,,,,,,,,,,
v1,1,0.7,10.469964770312052,18846,1.0,t1,spark,burstgpt,total,0.5,634.2102002784343,3.1946902925992617,random,0.39668895256287806,1.157148509999388,0.36462108825000256,0.29461756373937675,0.577788390109307,229.8327743148493,459.6640019368773,9.640292826939433,2.5240021583112817,84.7811754365477,145.29207922046504,16.861332987315535,0.577788390109307,0.08680887190915844,0.2819165870741802,0.05348615090735435,0.2220099755916375,0.1181683115780537,0.0,0.04918815663801337,0.020481799851427358,0.010612331529236973,0.16661360500902048,0.1500583678234108,0.05247797941207683,0.11429481056988221,0.10087021118539743
v1,1,0.7,10.469964770312052,18846,1.0,t1,spark,burstgpt,total,0.5,634.2102002784343,3.1946902925992617,always_best_api,0.32924758569457707,1.4922762759997568,0.2820173971699273,0.12043795620437957,0.3770030775761435,120.38383640279062,240.76686266518192,4.396449912689917,7.554012621031831,49.88377906943972,128.93917087998034,9.11692976158173,0.3770030775761435,0.04377586755810251,0.0,0.579221054865754,1.8518518518518519,0.0,0.0,0.0,0.0,0.0,0.0,0.0,0.0,0.420778945134246,0.0
v1,1,0.7,10.469964770312052,18846,1.0,t1,spark,burstgpt,total,0.5,634.2102002784343,3.1946902925992617,always_best_self,0.011142948105698823,1.3373500010020507,0.013245132124445766,0.006386861313868613,0.01862464183381089,0.0,0.0,9.075867052454766,29.156247158579845,30.040735349585887,30.09781393053111,516.7128491813378,0.01862464183381089,0.0032898227740634617,0.43754642895044044,0.5405391064416852,0.0,1.731614135625597,0.0,0.0,0.02191446460787435,0.0,0.0,0.0,0.0,0.0,0.0
v1,1,0.7,10.469964770312052,18846,1.0,t1,spark,burstgpt,total,0.5,634.2102002784343,3.1946902925992617,threshold,0.1781014538894195,1.3173486050000065,0.12446025731199102,0.028328611898016998,0.22662633980685556,109.21819191845134,218.43564883731918,9.154876293667256,13.4660533509023,58.36525513143604,118.69087245699315,18.098328940843658,0.22662633980685556,0.05953517987901942,0.32224344688528067,0.39159503342884433,0.7281651278785949,0.5402207364958082,0.0,0.0,0.01973893664438077,0.0,0.0,0.0,0.0,0.26642258304149424,0.0
v1,1,0.7,10.469964770312052,18846,1.0,t1,spark,burstgpt,total,0.5,634.2102002784343,3.1946902925992617,static_qc,0.508622519367505,1.5134531450021314,0.5031982191803529,0.330749354005168,0.6259683752520429,117.05346239317078,234.1061370581747,9.537757371982543,3.2683621957282867,37.757179024710624,103.68770207368546,13.950756710268532,0.6259683752520429,0.04303300435105593,0.03671866709115993,0.29427995330574125,0.962113976440624,0.0,0.0,0.0,0.012257242916268705,0.013424599384484771,0.016289928897378753,0.31566380133715377,0.04955958824153667,0.26180621882627614,0.0
v1,1,0.7,10.469964770312052,18846,1.0,t1,spark,burstgpt,total,0.5,634.2102002784343,3.1946902925992617,static_qc_fallback,0.5943170964660937,1.4850445500014757,0.5685333212257463,0.47127178825048416,0.7749124482648838,134.2504594034126,268.50001534898536,9.64399526931251,2.8090012735005416,34.27897154722912,92.81262815266231,14.07267812721551,0.7749124482648838,0.04711875198981216,0.09131911280908415,0.08664968693621988,0.5767271569563833,0.04478403905338003,0.0,0.0,0.011832749655099225,0.013477661042130957,0.11461318051575932,0.3531783932930065,0.050143266475644696,0.2616470338533376,0.017138915419717713
v1,1,0.7,10.469964770312052,18846,1.0,t1,spark,burstgpt,total,0.5,634.2102002784343,3.1946902925992617,shortest_queue,0.42982595776292054,1.383331483000802,0.4160256302247706,0.3705616526791478,0.6315398493048923,8.850265017210404,17.70047047528522,9.5903071544088,2.4933562167037167,19.666992685656915,28.384070723266642,17.5576872599097,0.6315398493048923,0.00026530828823092433,0.017722593653825745,0.35047224875305105,1.1147723654886978,0.0,0.0,0.0494534649262443,0.0196328133290884,0.011089886448052637,0.0,0.5516289928897379,0.0,0.0,0.0
v1,1,0.7,10.469964770312052,18846,1.0,t1,spark,burstgpt,total,0.5,634.2102002784343,3.1946902925992617,capacity_greedy,0.6997506102090629,1.4006228370017197,0.6840277084628944,0.6137830858618464,0.97246099968163,58.117143024464895,116.23389494122907,9.75641400597216,1.7066569918628716,13.933472727491997,29.23836068649454,13.213142618826176,0.97246099968163,0.008542926881035763,0.016077682266794013,0.0029183911705401677,0.020853231454950653,0.0,0.0,0.0,0.014167462591531359,0.012098057943330149,0.3508436803565743,0.40438289292157487,0.04982489652976759,0.13658070678127984,0.013106229438607663
v1,1,0.7,10.469964770312052,18846,1.0,t1,spark,burstgpt,total,0.5,634.2102002784343,3.1946902925992617,batch_lp@2s,0.6998302026955322,4.250509486999363,0.6795372234897089,0.6136216914138154,0.9738406027804308,51.93334256195158,103.86633563098003,9.809763546832357,2.7496599291374935,12.732692825055091,29.41145087931837,14.321043434566171,0.9738406027804308,0.008330680250451025,0.01591849729385546,0.0019102196752626551,0.013000106123315293,0.0,0.0,0.0,0.013636846015069511,0.012469489546853443,0.3678234108033535,0.40507269447097527,0.047012628674519795,0.13228271251193888,0.0038735010081714953
v1,1,0.7,10.469964770312052,18846,1.0,t1,spark,burstgpt,total,0.5,634.2102002784343,3.1946902925992617,A:knn_capacity_greedy,0.6806484134564363,3.7810818319994723,0.659644907803794,0.6128147191736604,0.9453995542820758,95.48898963402644,190.97733666111736,9.968386753089156,1.5652028466590764,23.550075031897325,67.60630256619544,13.007559613169654,0.9453995542820758,0.030563514804202482,0.01862464183381089,0.005412289079910856,0.037408468640560334,0.0,0.0,0.0009020481799851427,0.01623686723973257,0.009232728430436167,0.4045951395521596,0.3153454313912767,0.05040857476387562,0.16783402313488274,0.011408256393929747
v1,1,1.0,14.957092529017217,26923,1.0,t1,spark,burstgpt,total,0.1,181.20291436526696,5.427273206834798,oracle_unconstrained,0.926791219403484,,,,,,,,,,,,,,,,,,,,,,,,,,
v1,1,1.0,14.957092529017217,26923,1.0,t1,spark,burstgpt,total,0.1,181.20291436526696,5.427273206834798,predictor_unconstrained,0.8106266017902908,,,,,,,,,,,,,,,,,,,,,,,,,,
v1,1,1.0,14.957092529017217,26923,1.0,t1,spark,burstgpt,total,0.1,181.20291436526696,5.427273206834798,fluid_ceiling,0.8758506516394445,,,,,,,,,,,,,,,,,,,,,,,,,,
v1,1,1.0,14.957092529017217,26923,1.0,t1,spark,burstgpt,total,0.1,181.20291436526696,5.427273206834798,random,0.09467741336403818,2.1276531670009717,0.08779262722730187,0.05714285714285714,0.15421758347880993,90.64935365755082,181.29713528454238,9.627057807703265,7.789858795780759,81.44232952711742,141.58197206851517,32.315985138675046,0.15421758347880993,0.029788656539018684,0.47661850462429894,0.33937525535787244,0.01987148534710099,0.21914348326709504,1.1184489098540282,0.03729153511867177,0.014745756416446903,0.00887716822048063,0.027597221706347732,0.026854362441035545,0.013000037142963265,0.028525795787987966,0.02711436318389481
v1,1,1.0,14.957092529017217,26923,1.0,t1,spark,burstgpt,total,0.1,181.20291436526696,5.427273206834798,always_best_api,0.1074917356906734,2.349545123997814,0.08884686319987008,0.03428571428571429,0.12205177729079227,90.92010754498187,181.83863836402202,4.685511696867371,7.86460941980323,79.12908356610518,207.64276197994204,9.498928481163489,0.12205177729079227,0.0294543698696282,0.0,0.8484938528395796,0.9500427144077555,0.0,1.655833302380864,0.0,0.0,0.0,0.0,0.0,0.0,0.15150614716042046,0.0
v1,1,1.0,14.957092529017217,26923,1.0,t1,spark,burstgpt,total,0.1,181.20291436526696,5.427273206834798,always_best_self,0.007930022657207592,1.9986949419981102,0.008558067579448485,0.005029538559795625,0.012814322326635218,0.0,0.0,9.265480657212429,29.48058978127051,30.053483758833785,30.1489504516249,538.8849631073037,0.012814322326635218,0.0024142926122646064,0.3629610370315344,0.6218103480295658,0.0,1.9754113583181667,0.0,0.0,0.015228614938899826,0.0,0.0,0.0,0.0,0.0,0.0
v1,1,1.0,14.957092529017217,26923,1.0,t1,spark,burstgpt,total,0.1,181.20291436526696,5.427273206834798,threshold,0.031515804330869514,2.0203409909991024,0.025068105015613573,0.005714285714285714,0.044794413698324854,75.52782250987366,151.05433522502437,9.20690290599493,29.927967176454608,75.00253895593173,101.75399219226531,45.3741671610004,0.044794413698324854,0.041822976637076105,0.3522638636110389,0.5611187460535602,0.05504587155963303,1.726367789622256,0.011254317869479627,0.0,0.015042900122571779,0.0,0.0,0.0,0.0,0.07157449021282918,0.0
v1,1,1.0,14.957092529017217,26923,1.0,t1,spark,burstgpt,total,0.1,181.20291436526696,5.427273206834798,static_qc,0.4794785127957508,1.8977517329985858,0.48296602094434493,0.26731115107913667,0.6358132451807005,62.92592546173546,125.85075966938246,9.577421634147292,2.284140718331969,15.466148087264774,42.42727940156257,13.90167553425863,0.6358132451807005,0.010697173420495486,0.14485755673587639,0.2086320246629276,0.5706273446495561,0.10374029640084687,0.0,0.0,0.010140028971511348,0.013817182334806671,0.07707164877613935,0.3967611336032389,0.043011551461575606,0.10570887345392416,0.0
v1,1,1.0,14.957092529017217,26923,1.0,t1,spark,burstgpt,total,0.1,181.20291436526696,5.427273206834798,static_qc_fallback,0.5208929168369052,2.0595141220001096,0.4920958491758442,0.3237410071942446,0.7071277346506705,70.34946465478606,140.69770931732947,9.718987771588946,2.0110865931926583,16.781683824138316,42.0934452550792,13.043914968971421,0.7071277346506705,0.01222003491438547,0.1859748170709059,0.09467741336403818,0.3566095903131152,0.06158303309438027,0.19147197563421609,0.0,0.010177171934776956,0.012517178620510345,0.1894662556178732,0.3560153029008654,0.0394086840248115,0.10522601493147123,0.006537161534747242
v1,1,1.0,14.957092529017217,26923,1.0,t1,spark,burstgpt,total,0.1,181.20291436526696,5.427273206834798,shortest_queue,0.3623667496192846,2.176692278997507,0.3436723064845583,0.30095238095238097,0.5247557850165286,10.808513567117188,21.616839694247858,9.695075148071908,2.504714427299376,16.856811229539343,27.59251228066757,17.303642904367944,0.5247557850165286,0.00014857185306243732,0.010994317126620362,0.46410132600378856,1.4846413846896704,0.0,0.0,0.033242952122720354,0.014560041600118857,0.008282880808230881,0.0,0.46881848233852097,0.0,0.0,0.0
v1,1,1.0,14.957092529017217,26923,1.0,t1,spark,burstgpt,total,0.1,181.20291436526696,5.427273206834798,capacity_greedy,0.6248746424989786,2.0300649300006626,0.5934928456868751,0.5314285714285715,0.8828139508970025,59.69039386010991,119.37975257634447,9.755043687401162,1.5384829269148952,11.708271449573989,29.91066432093538,12.81018555965477,0.8828139508970025,0.007094305983731382,0.07826022360063886,0.0318315195186272,0.022322920922631207,0.10140028971511347,0.0,0.00839430969802771,0.010102886008245738,0.007874308212309177,0.3642238977825651,0.36221817776622217,0.03632581807376593,0.09426884076811648,0.006500018571481633
v1,1,1.0,14.957092529017217,26923,1.0,t1,spark,burstgpt,total,0.1,181.20291436526696,5.427273206834798,batch_lp@2s,0.6962819893771125,5.364760284999647,0.6620227210706614,0.6095238095238096,0.975374215354901,62.464873005910704,124.92866275325106,9.858466588151936,2.6497158116537562,12.623765936858725,27.860319516056194,14.010960433387027,0.975374215354901,0.006165731902091149,0.016417189763399325,0.002042862979608513,0.01597147420421201,0.0,0.002154291869405341,0.005274300783716525,0.00991717119191769,0.008282880808230881,0.41733833525238645,0.3931954091297404,0.03558295880845374,0.11157746164989042,0.0003714296326560933
v1,1,1.0,14.957092529017217,26923,1.0,t1,spark,burstgpt,total,0.1,181.20291436526696,5.427273206834798,A:knn_capacity_greedy,0.5719830628087509,4.340540549001162,0.5415872243891441,0.4895238095238095,0.8131708947739851,75.07597157092641,150.15064118307635,9.58546540423515,1.364026708646179,21.300001242729365,42.47514778438761,12.775358939258922,0.8131708947739851,0.01664004754299298,0.11391746833562381,0.056271589347398135,0.028117223192066262,0.1771347918136909,0.0,0.017457192734836386,0.011960034171526204,0.006388589681684805,0.3937525535787245,0.2781636518961483,0.03268580767373621,0.08357166734762099,0.0058314452327006645
v1,1,1.0,14.957092529017217,26923,1.0,t1,spark,burstgpt,total,0.5,906.0145718263348,3.1946902925992617,oracle_unconstrained,0.926791219403484,,,,,,,,,,,,,,,,,,,,,,,,,,
v1,1,1.0,14.957092529017217,26923,1.0,t1,spark,burstgpt,total,0.5,906.0145718263348,3.1946902925992617,predictor_unconstrained,0.8106266017902908,,,,,,,,,,,,,,,,,,,,,,,,,,
v1,1,1.0,14.957092529017217,26923,1.0,t1,spark,burstgpt,total,0.5,906.0145718263348,3.1946902925992617,fluid_ceiling,0.8758506516394445,,,,,,,,,,,,,,,,,,,,,,,,,,
v1,1,1.0,14.957092529017217,26923,1.0,t1,spark,burstgpt,total,0.5,906.0145718263348,3.1946902925992617,random,0.3821453775582216,1.6589099170014379,0.3455368823618438,0.2438095238095238,0.5460387029677227,327.2049926290929,654.4043109072192,9.649924988475227,2.643601118472361,84.52606489080743,144.65888708002313,16.398511830555435,0.5460387029677227,0.08706310589458827,0.3026780076514504,0.06422018348623854,0.2511607176020503,0.13278609367455335,0.0,0.03498867139620399,0.014560041600118857,0.008728596367418193,0.16803476581361662,0.14623184637670394,0.04438584110240315,0.11276603647438993,0.10340600973145637
v1,1,1.0,14.957092529017217,26923,1.0,t1,spark,burstgpt,total,0.5,906.0145718263348,3.1946902925992617,always_best_api,0.3016194331983806,2.2428674529983255,0.2509041513790546,0.09093086380328916,0.34398098280280803,123.80554550181841,247.6089439822508,4.09053835462875,6.8001271340062175,41.55562853989856,95.61342094239338,8.155366225951902,0.34398098280280803,0.02837722393492553,0.0,0.6276417932622664,2.0080228800653717,0.0,0.0,0.0,0.0,0.0,0.0,0.0,0.0,0.3723582067377335,0.0
v1,1,1.0,14.957092529017217,26923,1.0,t1,spark,burstgpt,total,0.5,906.0145718263348,3.1946902925992617,always_best_self,0.007930022657207592,2.0118168110020633,0.008558067579448485,0.005029538559795625,0.012814322326635218,0.0,0.0,9.265480657212429,29.48058978127051,30.053483758833785,30.1489504516249,538.8849631073037,0.012814322326635218,0.0024142926122646064,0.3629610370315344,0.6218103480295658,0.0,1.9754113583181667,0.0,0.0,0.015228614938899826,0.0,0.0,0.0,0.0,0.0,0.0
v1,1,1.0,14.957092529017217,26923,1.0,t1,spark,burstgpt,total,0.5,906.0145718263348,3.1946902925992617,threshold,0.16586190246257845,1.995678956998745,0.11095570653198916,0.01904761904761905,0.20918916911191174,122.75712903554086,245.5121292312122,9.419926640559385,11.443037683038938,55.89725506656718,113.84453957385846,14.96491744852893,0.20918916911191174,0.040931545518701484,0.28592653121866063,0.4639527541507261,0.8250566430189801,0.68302195149129,0.0,0.0,0.013371466775619359,0.0,0.0,0.0,0.0,0.23674924785499388,0.0
v1,1,1.0,14.957092529017217,26923,1.0,t1,spark,burstgpt,total,0.5,906.0145718263348,3.1946902925992617,static_qc,0.4932028377223935,2.1668936740024947,0.4903622541473472,0.2898376428141912,0.6063217323478067,130.78193994993126,261.5616118946545,9.661519531636284,3.1866958777291075,29.558789110092786,86.4446326450534,13.25424173991587,0.6063217323478067,0.030791516547190135,0.04052297292277978,0.3223637781822234,1.0527430078371653,0.0,0.0,0.0,0.00891431118374624,0.012851465289900828,0.016974334212383466,0.31437804108011735,0.042974408498309996,0.24102068863053894,0.0
v1,1,1.0,14.957092529017217,26923,1.0,t1,spark,burstgpt,total,0.5,906.0145718263348,3.1946902925992617,static_qc_fallback,0.5891059688741968,2.152867065000464,0.5548640857848527,0.4705485611510791,0.7690450544144412,153.0967951450748,306.19093530331537,9.44413102872019,2.7315459774176816,27.637994931417175,79.99308257083896,13.35654540109897,0.7690450544144412,0.034134383241094975,0.10359172454778443,0.09322883779667943,0.6277160791887977,0.04650299000854288,0.0,0.0,0.008431452661293318,0.012814322326635218,0.12335178100508859,0.3610296029417227,0.042825836645247556,0.23972068491624263,0.015005757159306169
v1,1,1.0,14.957092529017217,26923,1.0,t1,spark,burstgpt,total,0.5,906.0145718263348,3.1946902925992617,shortest_queue,0.3623667496192846,2.1866631510019943,0.3436723064845583,0.30095238095238097,0.5247557850165286,10.808513567117188,21.616839694247858,9.695075148071908,2.504714427299376,16.856811229539343,27.59251228066757,17.303642904367944,0.5247557850165286,0.00014857185306243732,0.010994317126620362,0.46410132600378856,1.4846413846896704,0.0,0.0,0.033242952122720354,0.014560041600118857,0.008282880808230881,0.0,0.46881848233852097,0.0,0.0,0.0
v1,1,1.0,14.957092529017217,26923,1.0,t1,spark,burstgpt,total,0.5,906.0145718263348,3.1946902925992617,capacity_greedy,0.6996062845893846,1.9590715410013217,0.6702366891035458,0.6057142857142858,0.9728856368161052,82.43728313440624,164.87313665102616,9.7788670243214,1.6597675984675107,13.802157290221603,29.742453696234108,13.057297827805996,0.9728856368161052,0.009285740816402332,0.01277717936336961,0.005051443004122869,0.03157151877576793,0.0,0.0,0.0,0.009768599338855254,0.008542881551090146,0.37599821713776327,0.39672399063997327,0.041748690710544885,0.13646324703784868,0.012925751216432047
v1,1,1.0,14.957092529017217,26923,1.0,t1,spark,burstgpt,total,0.5,906.0145718263348,3.1946902925992617,batch_lp@2s,0.7016491475689931,5.203078205999191,0.6699519225004883,0.6209523809523809,0.9761913605467444,76.2074887201452,152.413655858875,9.932865587374783,2.7028203728488194,12.8967365822633,29.740904586765073,14.023290111594747,0.9761913605467444,0.009285740816402332,0.01225717787765108,0.002265720759202169,0.01834862385321101,0.0,0.0,0.0,0.010214314898042566,0.00839430969802771,0.40712402035434386,0.37555250157857595,0.03766296475132786,0.14225754930728374,0.004271440775545073
v1,1,1.0,14.957092529017217,26923,1.0,t1,spark,burstgpt,total,0.5,906.0145718263348,3.1946902925992617,A:knn_capacity_greedy,0.6811090888831111,4.283850840998639,0.6520244454441522,0.5941070354780517,0.949039854399584,129.55796457811812,259.11368237706694,9.993377234248442,1.5477638994752851,22.403136951494076,64.201624075616,12.93297788004979,0.949039854399584,0.029714370612487464,0.014337183820525201,0.0069085911674033355,0.04264012182891951,0.0,0.0,0.0008171451918434052,0.011551461575604502,0.0060543030122943205,0.4239497827136649,0.3173494781413661,0.04108011737176392,0.16550904431155516,0.012442892693979126
v1,1,1.3,19.444220287722384,35000,1.0,t1,spark,burstgpt,total,0.1,235.56378867484705,5.427273206834798,oracle_unconstrained,0.9270714285714285,,,,,,,,,,,,,,,,,,,,,,,,,,
v1,1,1.3,19.444220287722384,35000,1.0,t1,spark,burstgpt,total,0.1,235.56378867484705,5.427273206834798,predictor_unconstrained,0.8115,,,,,,,,,,,,,,,,,,,,,,,,,,
v1,1,1.3,19.444220287722384,35000,1.0,t1,spark,burstgpt,total,0.1,235.56378867484705,5.427273206834798,fluid_ceiling,0.8730332329865549,,,,,,,,,,,,,,,,,,,,,,,,,,
v1,1,1.3,19.444220287722384,35000,1.0,t1,spark,burstgpt,total,0.1,235.56378867484705,5.427273206834798,random,0.09225714285714286,2.761244582001382,0.08868198992508114,0.07296137339055794,0.14525714285714286,118.1010661377295,236.19940932310797,9.654214426353445,5.063005751515021,85.80836753818468,151.18885280448757,25.82131795723661,0.14525714285714286,0.028085714285714287,0.45062857142857143,0.37602857142857143,0.01682857142857143,0.27837142857142855,1.1441142857142856,0.0274,0.010485714285714286,0.006371428571428571,0.029685714285714284,0.0288,0.013714285714285714,0.029142857142857144,0.027742857142857142
v1,1,1.3,19.444220287722384,35000,1.0,t1,spark,burstgpt,total,0.1,235.56378867484705,5.427273206834798,always_best_api,0.2090142857142857,3.0152771020002547,0.17215029266193013,0.05722460658082976,0.23517142857142856,112.83687292708782,225.6711442736949,4.95443247642414,6.376480184223503,46.3124057454411,104.1796214990579,7.63702111824756,0.23517142857142856,0.02202857142857143,0.0,0.7428,1.9150857142857143,0.0,0.4125714285714286,0.0,0.0,0.0,0.0,0.0,0.0,0.2572,0.0
v1,1,1.3,19.444220287722384,35000,1.0,t1,spark,burstgpt,total,0.1,235.56378867484705,5.427273206834798,always_best_self,0.006271428571428571,2.7257740189998003,0.007518074532486409,0.002885559921414538,0.010371428571428571,0.0,0.0,9.313608410595242,29.46008376388731,30.032746263901537,30.087492117860737,543.9828267582375,0.010371428571428571,0.0013428571428571428,0.28574285714285713,0.7025428571428571,0.0,2.1964,0.0,0.0,0.011714285714285714,0.0,0.0,0.0,0.0,0.0,0.0
v1,1,1.3,19.444220287722384,35000,1.0,t1,spark,burstgpt,total,0.1,235.56378867484705,5.427273206834798,threshold,0.028614285714285714,2.7419093099997554,0.02332661731112945,0.006407322654462242,0.040485714285714285,90.17182879848406,180.3415785844642,9.303628619264765,29.944542139241435,72.09145948503173,102.04551524521263,43.52381671865692,0.040485714285714285,0.03848571428571428,0.27825714285714287,0.6427714285714285,0.06974285714285715,1.9434857142857143,0.005742857142857142,0.0,0.011285714285714286,0.0,0.0,0.0,0.0,0.06768571428571428,0.0
v1,1,1.3,19.444220287722384,35000,1.0,t1,spark,burstgpt,total,0.1,235.56378867484705,5.427273206834798,static_qc,0.43724285714285716,2.66499621299954,0.43092695986051427,0.246900826446281,0.5802571428571428,78.04231497261753,156.08283059225727,9.619984303085491,2.3150702737020765,16.02019251839736,55.23731444674161,13.682336633460068,0.5802571428571428,0.010542857142857142,0.14574285714285715,0.26345714285714283,0.7361142857142857,0.11405714285714286,0.0,0.0,0.007228571428571429,0.012342857142857143,0.07757142857142857,0.3531142857142857,0.0364,0.10414285714285715,0.0
v1,1,1.3,19.444220287722384,35000,1.0,t1,spark,burstgpt,total,0.1,235.56378867484705,5.427273206834798,static_qc_fallback,0.46914285714285714,2.896070761998999,0.4298466238599104,0.29820936639118456,0.6415142857142857,92.51640701000906,185.03068095063767,9.66882678450695,1.8768458920848161,18.846255868456947,55.38896820952022,12.795461196338067,0.6415142857142857,0.014057142857142857,0.1972857142857143,0.14714285714285713,0.4402,0.0844,0.32174285714285716,0.0,0.0074,0.009742857142857143,0.21297142857142856,0.28385714285714286,0.031285714285714285,0.10242857142857142,0.007885714285714286
v1,1,1.3,19.444220287722384,35000,1.0,t1,spark,burstgpt,total,0.1,235.56378867484705,5.427273206834798,shortest_queue,0.30042857142857143,2.9002918179976405,0.29249639880048434,0.2605888429752066,0.43488571428571426,11.80337888025133,23.606485620382987,9.257543846270693,2.4825729622485824,15.25674886980563,27.354329254370157,16.811591396207632,0.43488571428571426,0.00011428571428571428,0.007828571428571428,0.5571714285714285,1.7522,0.0,0.0,0.025885714285714286,0.010742857142857143,0.006857142857142857,0.0,0.3915142857142857,0.0,0.0,0.0
v1,1,1.3,19.444220287722384,35000,1.0,t1,spark,burstgpt,total,0.1,235.56378867484705,5.427273206834798,capacity_greedy,0.6285142857142857,2.600768293999863,0.594179304027846,0.5035765379113019,0.8909428571428571,81.05335601838124,162.10484326086106,10.126226998879115,1.3894968853605008,11.228095029785395,29.52428496980222,12.429143736489664,0.8909428571428571,0.0067428571428571425,0.066,0.036314285714285716,0.022857142857142857,0.11434285714285715,0.0,0.0062,0.007371428571428571,0.0060857142857142854,0.4288,0.31282857142857146,0.030114285714285715,0.09742857142857143,0.008857142857142857
v1,1,1.3,19.444220287722384,35000,1.0,t1,spark,burstgpt,total,0.1,235.56378867484705,5.427273206834798,batch_lp@2s,0.6750142857142857,7.008190304000891,0.636338007604914,0.5565092989985694,0.9479714285714286,82.21366808574385,164.42544064329203,10.113739022797011,2.538782314790147,12.078330452714741,28.591786303247293,13.526630530301475,0.9479714285714286,0.007,0.0432,0.0018285714285714285,0.017,0.0,5.714285714285714e-05,0.004314285714285714,0.007257142857142857,0.006485714285714286,0.47437142857142856,0.3148285714285714,0.028257142857142856,0.11868571428571428,0.0007714285714285715
v1,1,1.3,19.444220287722384,35000,1.0,t1,spark,burstgpt,total,0.1,235.56378867484705,5.427273206834798,A:knn_capacity_greedy,0.5443714285714286,4.881940421000763,0.5148639435665653,0.4406294706723891,0.7782285714285714,94.03821084961601,188.07425354295964,9.87515300567235,1.292767406403982,19.6576983317414,42.926273107419675,12.439057529500985,0.7782285714285714,0.015914285714285714,0.11454285714285714,0.09131428571428571,0.036457142857142855,0.2891142857142857,0.0,0.013628571428571429,0.009171428571428572,0.0044571428571428574,0.4100285714285714,0.24154285714285714,0.025857142857142856,0.08385714285714285,0.0056
v1,1,1.3,19.444220287722384,35000,1.0,t1,spark,burstgpt,total,0.5,1177.8189433742352,3.1946902925992617,oracle_unconstrained,0.9270714285714285,,,,,,,,,,,,,,,,,,,,,,,,,,
v1,1,1.3,19.444220287722384,35000,1.0,t1,spark,burstgpt,total,0.5,1177.8189433742352,3.1946902925992617,predictor_unconstrained,0.8115,,,,,,,,,,,,,,,,,,,,,,,,,,
v1,1,1.3,19.444220287722384,35000,1.0,t1,spark,burstgpt,total,0.5,1177.8189433742352,3.1946902925992617,fluid_ceiling,0.8730332329865549,,,,,,,,,,,,,,,,,,,,,,,,,,
v1,1,1.3,19.444220287722384,35000,1.0,t1,spark,burstgpt,total,0.5,1177.8189433742352,3.1946902925992617,random,0.36378571428571427,2.1729139710005256,0.33692291828434445,0.2503576537911302,0.5144571428571428,373.262399721385,746.5161934600967,9.793247635942993,2.443097168341012,80.81807276877657,143.99176633970467,15.48743875723801,0.5144571428571428,0.07557142857142857,0.32074285714285716,0.08922857142857143,0.3214,0.161,0.0,0.023857142857142858,0.010714285714285714,0.0061142857142857145,0.17611428571428572,0.14102857142857142,0.037514285714285715,0.10648571428571428,0.0882
v1,1,1.3,19.444220287722384,35000,1.0,t1,spark,burstgpt,total,0.5,1177.8189433742352,3.1946902925992617,always_best_api,0.25392857142857145,2.8305207470002642,0.207820553989441,0.06723891273247497,0.2860857142857143,120.41423042363022,240.8256845623161,4.9521341392814815,6.325054920016839,37.4493461400949,89.6934055058004,7.591749997456759,0.2860857142857143,0.0206,0.0,0.6933142857142857,2.1948857142857143,0.0,0.0,0.0,0.0,0.0,0.0,0.0,0.0,0.3066857142857143,0.0
v1,1,1.3,19.444220287722384,35000,1.0,t1,spark,burstgpt,total,0.5,1177.8189433742352,3.1946902925992617,always_best_self,0.006271428571428571,2.5462567649992707,0.007518074532486409,0.002885559921414538,0.010371428571428571,0.0,0.0,9.313608410595242,29.46008376388731,30.032746263901537,30.087492117860737,543.9828267582375,0.010371428571428571,0.0013428571428571428,0.28574285714285713,0.7025428571428571,0.0,2.1964,0.0,0.0,0.011714285714285714,0.0,0.0,0.0,0.0,0.0,0.0
v1,1,1.3,19.444220287722384,35000,1.0,t1,spark,burstgpt,total,0.5,1177.8189433742352,3.1946902925992617,threshold,0.14745714285714287,3.3172514329999103,0.09667506216738071,0.010014306151645207,0.18682857142857143,121.03748327109497,242.07217588745314,9.577288731665703,9.846927025019,53.070630239058275,104.61668552247909,12.698279645560973,0.18682857142857143,0.027514285714285713,0.23702857142857142,0.5486285714285715,0.9173428571428571,0.8372857142857143,0.0,0.0,0.01042857142857143,0.0,0.0,0.0,0.0,0.20391428571428571,0.0
v1,1,1.3,19.444220287722384,35000,1.0,t1,spark,burstgpt,total,0.5,1177.8189433742352,3.1946902925992617,static_qc,0.46131428571428573,5.249942211001326,0.45614707899906026,0.2553775743707094,0.5670857142857143,131.79536652319075,263.58769435659764,9.54085091038298,3.1006427610108176,23.397530770298463,77.72945189038776,12.553283069544733,0.5670857142857143,0.020285714285714285,0.0448,0.36782857142857145,1.1944857142857144,0.0,0.0,0.0,0.006628571428571429,0.011628571428571429,0.018,0.303,0.03634285714285714,0.21177142857142858,0.0
v1,1,1.3,19.444220287722384,35000,1.0,t1,spark,burstgpt,total,0.5,1177.8189433742352,3.1946902925992617,static_qc_fallback,0.5593142857142858,2.9340792069997406,0.5157953102539226,0.4334763948497854,0.7358285714285714,166.6439704342083,333.2840987050398,9.272356569975232,2.585993275703686,23.800110538315554,71.19405617758994,12.702151746354957,0.7358285714285714,0.025285714285714286,0.11862857142857143,0.12025714285714285,0.7623428571428571,0.05531428571428571,0.0,0.0,0.0060857142857142854,0.010714285714285714,0.14565714285714285,0.334,0.03642857142857143,0.20968571428571428,0.018542857142857142
v1,1,1.3,19.444220287722384,35000,1.0,t1,spark,burstgpt,total,0.5,1177.8189433742352,3.1946902925992617,shortest_queue,0.30042857142857143,2.7503976070001954,0.29249639880048434,0.2605888429752066,0.43488571428571426,11.80337888025133,23.606485620382987,9.257543846270693,2.4825729622485824,15.25674886980563,27.354329254370157,16.811591396207632,0.43488571428571426,0.00011428571428571428,0.007828571428571428,0.5571714285714285,1.7522,0.0,0.0,0.025885714285714286,0.010742857142857143,0.006857142857142857,0.0,0.3915142857142857,0.0,0.0,0.0
v1,1,1.3,19.444220287722384,35000,1.0,t1,spark,burstgpt,total,0.5,1177.8189433742352,3.1946902925992617,capacity_greedy,0.6939142857142857,2.489988721001282,0.6557585275639947,0.5636623748211731,0.9734,110.56175465484739,221.1209601846139,9.860052828352007,1.5294901297700108,13.830786333150497,32.56262270540194,12.776603523222064,0.9734,0.011428571428571429,0.009885714285714286,0.005285714285714286,0.03565714285714286,0.0,0.0,0.0,0.007228571428571429,0.006142857142857143,0.43242857142857144,0.3504857142857143,0.03337142857142857,0.1415142857142857,0.013657142857142857
v1,1,1.3,19.444220287722384,35000,1.0,t1,spark,burstgpt,total,0.5,1177.8189433742352,3.1946902925992617,batch_lp@2s,0.6981571428571428,5.834646238999994,0.65757544958818,0.5693848354792561,0.9751428571428571,108.28255942025498,216.56262226482787,9.801069116406937,2.605130163545681,13.886289279100387,33.62970531125801,13.63197783667897,0.9751428571428571,0.012428571428571428,0.01,0.0024285714285714284,0.021971428571428572,0.0,0.0,0.0,0.007371428571428571,0.0068,0.4702571428571429,0.31085714285714283,0.028485714285714284,0.15697142857142857,0.006828571428571429
v1,1,1.3,19.444220287722384,35000,1.0,t1,spark,burstgpt,total,0.5,1177.8189433742352,3.1946902925992617,A:knn_capacity_greedy,0.6796857142857143,4.748043009996763,0.6433782058154646,0.5736766809728183,0.9540857142857143,145.56471983787014,291.12608351809433,10.315201060253202,1.4596790130387944,19.16422568937183,51.38781373013843,12.708738896550727,0.9540857142857143,0.02302857142857143,0.0114,0.011485714285714285,0.06534285714285715,0.0,0.0,0.0006857142857142857,0.00902857142857143,0.004942857142857143,0.45785714285714285,0.3073142857142857,0.03245714285714286,0.152,0.012828571428571429
v1,2,0.3,4.487127758705165,8077,1.0,t1,spark,burstgpt,total,0.1,54.36087430958008,5.438216687965905,oracle_unconstrained,0.926829268292683,,,,,,,,,,,,,,,,,,,,,,,,,,
v1,2,0.3,4.487127758705165,8077,1.0,t1,spark,burstgpt,total,0.1,54.36087430958008,5.438216687965905,predictor_unconstrained,0.8107589451529033,,,,,,,,,,,,,,,,,,,,,,,,,,
v1,2,0.3,4.487127758705165,8077,1.0,t1,spark,burstgpt,total,0.1,54.36087430958008,5.438216687965905,fluid_ceiling,0.887829639717717,,,,,,,,,,,,,,,,,,,,,,,,,,
v1,2,0.3,4.487127758705165,8077,1.0,t1,spark,burstgpt,total,0.1,54.36087430958008,5.438216687965905,random,0.1418224588337254,0.5494016740012739,0.13112523490479125,0.09366754617414248,0.27361644174817384,27.67940010890743,55.35763482267513,9.701793976126739,1.8770157159194696,52.20791879764554,131.5264575029133,49.1967236527953,0.27361644174817384,0.027609260864182247,0.5062523214064628,0.19252197598118112,0.0,0.0,0.9992571499319054,0.09991333415872229,0.04568527918781726,0.02079980190664851,0.02550451900458091,0.028352110932276835,0.027733069208864678,0.02575213569394577,0.027485452519499815
v1,2,0.3,4.487127758705165,8077,1.0,t1,spark,burstgpt,total,0.1,54.36087430958008,5.438216687965905,always_best_api,0.04519004580908753,0.6520236670003214,0.03937711507675276,0.020689655172413793,0.05385662993685775,27.447257288964465,54.89335895677682,4.116508485119508,19.183231810513917,131.14080050632413,289.0671320521756,23.737322816648202,0.05385662993685775,0.030704469481243037,0.0,0.9154389005818993,0.0,0.0,2.758202302835211,0.0,0.0,0.0,0.0,0.0,0.0,0.08456109941810078,0.0
v1,2,0.3,4.487127758705165,8077,1.0,t1,spark,burstgpt,total,0.1,54.36087430958008,5.438216687965905,always_best_self,0.02401881886839173,0.40994787399904453,0.022979387425753835,0.006896551724137931,0.043828154017580785,0.0,0.0,9.398678103666676,29.226612083213112,30.02581958829804,30.088191240805806,557.319406140607,0.043828154017580785,0.0032190169617432214,0.6837934876810697,0.2691593413396063,0.0,0.91395320044571,0.0,0.0,0.047047170979324,0.0,0.0,0.0,0.0,0.0,0.0
v1,2,0.3,4.487127758705165,8077,1.0,t1,spark,burstgpt,total,0.1,54.36087430958008,5.438216687965905,threshold,0.04358053732821592,0.4159690749984293,0.036504268371112265,0.01929260450160772,0.06958028971152656,22.73618504218757,45.47141281509041,9.258439597907543,29.599282531931408,65.41882197684902,92.65144679283532,65.53549109532719,0.06958028971152656,0.046428129255911846,0.6371177417357929,0.2468738392967686,0.0,0.7678593537204408,0.07317073170731707,0.0,0.04197102884734431,0.0,0.0,0.0,0.0,0.0740373901200941,0.0
v1,2,0.3,4.487127758705165,8077,1.0,t1,spark,burstgpt,total,0.1,54.36087430958008,5.438216687965905,static_qc,0.4642193883867773,0.509444382001675,0.47424626267063746,0.2948237059264816,0.613594156246131,22.508016968784432,45.01508627492165,9.64797204707771,2.2931954879244927,16.731123368006482,47.253924921947345,14.510152633730286,0.613594156246131,0.011266559366101275,0.14089389624860715,0.23424538813916057,0.040113903677107834,0.0,0.6672031694936239,0.0,0.0285997276216417,0.011390367710783706,0.04085675374520242,0.36065370805992325,0.0729231150179522,0.11043704345672899,0.0
v1,2,0.3,4.487127758705165,8077,1.0,t1,spark,burstgpt,total,0.1,54.36087430958008,5.438216687965905,static_qc_fallback,0.46929553051875694,0.5184273029990436,0.4814881524486252,0.2929482370592648,0.6196607651355701,22.521154989930437,45.04136176405912,9.702121522908167,2.2588489441907313,17.10196579459083,46.98998989454713,14.538245390380922,0.6196607651355701,0.011266559366101275,0.20007428500680946,0.16899839049151913,0.010523709298006686,0.0,0.5861087037266312,0.0,0.028475919276959267,0.013123684536337749,0.04085675374520242,0.3636251083323016,0.07341834839668193,0.11142751021418844,0.0
v1,2,0.3,4.487127758705165,8077,1.0,t1,spark,burstgpt,total,0.1,54.36087430958008,5.438216687965905,shortest_queue,0.5724278816392225,0.4331987229998049,0.5435409379862098,0.4827586206896552,0.8837439643431967,5.058668946207035,10.11712490556536,9.498928585473868,2.507074305387846,22.001562398730094,28.475470602356477,20.299124568647557,0.8837439643431967,0.0002476166893648632,0.02798068589822954,0.08802773306920886,0.3087780116379844,0.0,0.0,0.11699888572489786,0.048409062770830756,0.025875944038628203,0.0,0.6927076884982047,0.0,0.0,0.0
v1,2,0.3,4.487127758705165,8077,1.0,t1,spark,burstgpt,total,0.1,54.36087430958008,5.438216687965905,capacity_greedy,0.6074037390120094,0.54241538000133,0.5953976589845186,0.495873968492123,0.8339730097808592,19.173455052108693,38.34610283775779,9.330191655839279,2.0829405595491153,15.493176474367203,29.97723400960455,14.834693730667823,0.8339730097808592,0.007428500680945895,0.13643679584003962,0.022161693698155255,0.0029714002723783585,0.0921134084437291,0.0,0.02253311873220255,0.02884734431100656,0.012752259502290454,0.12331311130370187,0.4623003590441996,0.07849449052866163,0.11316082703974248,0.0
v1,2,0.3,4.487127758705165,8077,1.0,t1,spark,burstgpt,total,0.1,54.36087430958008,5.438216687965905,batch_lp@2s,0.6202798068589823,3.455266836001101,0.6061441800636073,0.5037509377344336,0.8541537699640955,19.16038231030143,38.319957904549334,9.506672143671985,3.149329916740953,17.290817288612857,28.722560632042555,16.200125088179448,0.8541537699640955,0.004952333787297264,0.13977962114646528,0.0011142751021418844,0.004580908753249969,0.0,0.004580908753249969,0.02476166893648632,0.028228302587594404,0.012504642812925591,0.1254178531633032,0.480500185712517,0.07564689860096571,0.11204655193760059,0.0
v1,2,0.3,4.487127758705165,8077,1.0,t1,spark,burstgpt,total,0.1,54.36087430958008,5.438216687965905,A:knn_capacity_greedy,0.508047542404358,2.6769389979999687,0.4815296242685829,0.3907563025210084,0.7146217655069952,21.80163173760411,43.602345553737194,9.673573046892491,1.7507109489381492,27.762383386815358,43.96463426821173,14.966486794121295,0.7146217655069952,0.01943791011514176,0.22904543766249846,0.036894886715364617,0.006438033923486443,0.12318930295901943,0.0,0.027361644174817384,0.03466633651108085,0.02030456852791878,0.18979819239816764,0.3180636374891668,0.06611365606041847,0.07478024018818868,0.0029714002723783585
v1,2,0.3,4.487127758705165,8077,1.0,t1,spark,burstgpt,total,0.5,271.8043715479004,3.1315309607962263,oracle_unconstrained,0.926829268292683,,,,,,,,,,,,,,,,,,,,,,,,,,
v1,2,0.3,4.487127758705165,8077,1.0,t1,spark,burstgpt,total,0.5,271.8043715479004,3.1315309607962263,predictor_unconstrained,0.8107589451529033,,,,,,,,,,,,,,,,,,,,,,,,,,
v1,2,0.3,4.487127758705165,8077,1.0,t1,spark,burstgpt,total,0.5,271.8043715479004,3.1315309607962263,fluid_ceiling,0.887829639717717,,,,,,,,,,,,,,,,,,,,,,,,,,
v1,2,0.3,4.487127758705165,8077,1.0,t1,spark,burstgpt,total,0.5,271.8043715479004,3.1315309607962263,random,0.3498823820725517,0.4452878830015834,0.3255718143351432,0.2413793103448276,0.5415376996409558,104.24095418010802,208.4775194680838,9.43118830519045,2.5478286072711285,89.33181282228668,167.38826107252783,22.332978477402662,0.5415376996409558,0.08592299120960753,0.31459700383805866,0.057942305311377985,0.022037885353472824,0.0,0.2910734183483967,0.08443729107341835,0.047418596013371304,0.023028352110932276,0.09941810077999257,0.10053237588213446,0.07787544880524948,0.09619908381824935,0.09855144236721555
v1,2,0.3,4.487127758705165,8077,1.0,t1,spark,burstgpt,total,0.5,271.8043715479004,3.1315309607962263,always_best_api,0.4300482852544261,0.5165882879991841,0.36384776712396333,0.15172413793103448,0.49733812058932775,134.12540265737334,268.2451581875779,4.8234793518398185,10.440166917889542,88.79586747808617,261.1745398953279,12.760834586147382,0.49733812058932775,0.13742726259749907,0.0,0.3652346168131732,1.0096570508852296,0.0,0.1782840163427015,0.0,0.0,0.0,0.0,0.0,0.0,0.6347653831868267,0.0
v1,2,0.3,4.487127758705165,8077,1.0,t1,spark,burstgpt,total,0.5,271.8043715479004,3.1315309607962263,always_best_self,0.02401881886839173,0.4062591190013336,0.022979387425753835,0.006896551724137931,0.043828154017580785,0.0,0.0,9.398678103666676,29.226612083213112,30.02581958829804,30.088191240805806,557.319406140607,0.043828154017580785,0.0032190169617432214,0.6837934876810697,0.2691593413396063,0.0,0.91395320044571,0.0,0.0,0.047047170979324,0.0,0.0,0.0,0.0,0.0,0.0
v1,2,0.3,4.487127758705165,8077,1.0,t1,spark,burstgpt,total,0.5,271.8043715479004,3.1315309607962263,threshold,0.2315216045561471,0.3946237909985939,0.15587484928339432,0.04180064308681672,0.3035780611613223,90.57654009235557,181.14926661002448,9.496942124240006,17.680984317206708,75.39588147145815,210.34238843965576,25.29505638139659,0.3035780611613223,0.11662746069085056,0.44211959886096325,0.13767487928686392,0.32611117989352484,0.14361767983162066,0.0,0.0,0.04172341215797945,0.0,0.0,0.0,0.0,0.3784821096941934,0.0
v1,2,0.3,4.487127758705165,8077,1.0,t1,spark,burstgpt,total,0.5,271.8043715479004,3.1315309607962263,static_qc,0.6229416862696546,0.46004920300038066,0.6249602216877691,0.4174793698424606,0.7725640708183732,89.6775135310836,179.35125133949975,9.74387683463593,3.3465049988658393,57.321695987080034,170.5433866011168,14.573009684288081,0.7725640708183732,0.08220874086913459,0.06673269778383063,0.07849449052866163,0.26693079113532253,0.0,0.0,0.0,0.028352110932276835,0.002228550204283769,0.01782840163427015,0.3612727497833354,0.0881515414138913,0.3569394577194503,0.0
v1,2,0.3,4.487127758705165,8077,1.0,t1,spark,burstgpt,total,0.5,271.8043715479004,3.1315309607962263,static_qc_fallback,0.6626841649127151,0.4437636119982926,0.6684568353918411,0.4512378094523631,0.8366967933638727,90.74299627590699,181.48217196876635,9.304461579184457,3.1953003369105204,54.44482122717573,167.51634377235882,15.054868909633456,0.8366967933638727,0.08282778259254674,0.08047542404358053,0.0,0.09359910857991828,0.0,0.0,0.0,0.027237835830134952,0.005076142131979695,0.028971152655688993,0.4094341958648013,0.08864677479262102,0.3589203912343692,0.001238083446824316
v1,2,0.3,4.487127758705165,8077,1.0,t1,spark,burstgpt,total,0.5,271.8043715479004,3.1315309607962263,shortest_queue,0.5724278816392225,0.4462080419980339,0.5435409379862098,0.4827586206896552,0.8837439643431967,5.058668946207035,10.11712490556536,9.498928585473868,2.507074305387846,22.001562398730094,28.475470602356477,20.299124568647557,0.8837439643431967,0.0002476166893648632,0.02798068589822954,0.08802773306920886,0.3087780116379844,0.0,0.0,0.11699888572489786,0.048409062770830756,0.025875944038628203,0.0,0.6927076884982047,0.0,0.0,0.0
v1,2,0.3,4.487127758705165,8077,1.0,t1,spark,burstgpt,total,0.5,271.8043715479004,3.1315309607962263,capacity_greedy,0.7129503528537824,0.5667200580028293,0.7017580778442425,0.5896474118529632,0.9530766373653584,31.43702628462961,62.872728965514355,9.436247988804045,2.154083543308886,15.252304717808899,49.98384523762612,14.74495499844079,0.9530766373653584,0.01485700136189179,0.031323511204655194,0.0007428500680945896,0.006561842268168874,0.0,0.0,0.0,0.027485452519499815,0.013123684536337749,0.14906524699764764,0.5119475052618546,0.08901819982666832,0.17729354958524204,0.0
v1,2,0.3,4.487127758705165,8077,1.0,t1,spark,burstgpt,total,0.5,271.8043715479004,3.1315309607962263,batch_lp@2s,0.7125789278197351,2.8769728899969778,0.6990602003246035,0.5903975993998499,0.9567908877058314,27.66327391538107,55.32538311458898,9.570417955466928,3.165355367087159,14.089083484096452,31.716303162220672,15.371536279203921,0.9567908877058314,0.011018942676736412,0.03107589451529033,0.0011142751021418844,0.00854277578308778,0.0,0.0,0.0,0.02711402748545252,0.012999876191655317,0.14918905534233007,0.5219759811811316,0.08790392472452643,0.16862696545747183,0.0
v1,2,0.3,4.487127758705165,8077,1.0,t1,spark,burstgpt,total,0.5,271.8043715479004,3.1315309607962263,A:knn_capacity_greedy,0.6690602946638603,2.8447653250004805,0.6373185681062968,0.5672268907563025,0.9123436919648384,52.7022287722757,105.40223860479756,9.697273559001168,1.9777422066621284,29.689398214946877,83.19647837555979,14.389213251510597,0.9123436919648384,0.04692336263464157,0.03961867029837811,0.0011142751021418844,0.007676117370310759,0.0,0.0,0.0004952333787297264,0.03454252816639841,0.02079980190664851,0.2436548223350254,0.36139655812801785,0.08431348272873591,0.20812182741116753,0.005942800544756717
v1,2,0.7,10.469964770312052,18846,1.0,t1,spark,burstgpt,total,0.1,126.84204005568688,5.438216687965905,oracle_unconstrained,0.9303035126817362,,,,,,,,,,,,,,,,,,,,,,,,,,
v1,2,0.7,10.469964770312052,18846,1.0,t1,spark,burstgpt,total,0.1,126.84204005568688,5.438216687965905,predictor_unconstrained,0.8147882839859917,,,,,,,,,,,,,,,,,,,,,,,,,,
v1,2,0.7,10.469964770312052,18846,1.0,t1,spark,burstgpt,total,0.1,126.84204005568688,5.438216687965905,fluid_ceiling,0.8864447962980925,,,,,,,,,,,,,,,,,,,,,,,,,,
v1,2,0.7,10.469964770312052,18846,1.0,t1,spark,burstgpt,total,0.1,126.84204005568688,5.438216687965905,random,0.09842937493367293,1.4288013170007616,0.08737534039524374,0.05846153846153846,0.1641197070996498,58.69773350746618,117.3950720000642,9.384793189610898,3.769592323101051,79.35023770487095,144.67870532710523,33.79941594463253,0.1641197070996498,0.024620609147829778,0.48965297675899394,0.3216067069935265,0.0035020694046482012,0.18364639711344583,1.1270296084049665,0.04149421627931656,0.01878382680674944,0.00992252997983657,0.025469595670168738,0.02366549931019845,0.020481799851427358,0.023187944391382786,0.02573490395839966
v1,2,0.7,10.469964770312052,18846,1.0,t1,spark,burstgpt,total,0.1,126.84204005568688,5.438216687965905,always_best_api,0.0760904170646291,1.6039398699977028,0.06423209687615745,0.018461538461538463,0.0887190915844211,60.165106015396304,120.32980714102942,4.846234135217533,12.204892948530755,87.93189233131449,216.28423401414724,15.032185633329277,0.0887190915844211,0.028971665074816938,0.0,0.882309243340762,0.12840921150376738,0.0,2.54297994269341,0.0,0.0,0.0,0.0,0.0,0.0,0.11769075665923803,0.0
v1,2,0.7,10.469964770312052,18846,1.0,t1,spark,burstgpt,total,0.1,126.84204005568688,5.438216687965905,always_best_self,0.00971028334925183,1.2189098470007593,0.011682652377805419,0.005208333333333333,0.017510347023241005,0.0,0.0,8.95615303604944,28.638188145689305,30.04356704052646,30.084492289121872,542.8133316403469,0.017510347023241005,0.0030775761434787222,0.45388941950546535,0.5255226573278149,0.0,1.6878913297251406,0.0,0.0,0.02058792316671973,0.0,0.0,0.0,0.0,0.0,0.0
v1,2,0.7,10.469964770312052,18846,1.0,t1,spark,burstgpt,total,0.1,126.84204005568688,5.438216687965905,threshold,0.030590045633025576,1.1883565550015192,0.02477693171428239,0.006153846153846154,0.046641197070996496,46.10703758476302,92.21376488556302,9.075843438080955,29.530713809819645,70.55041110979114,101.70984285389733,46.67417457924506,0.046641197070996496,0.03730234532526796,0.4357953942481163,0.48026106335561924,0.0329512893982808,1.4332484346810994,0.06945770985885599,0.0,0.018306271887933778,0.0,0.0,0.0,0.0,0.06563727050833068,0.0
v1,2,0.7,10.469964770312052,18846,1.0,t1,spark,burstgpt,total,0.1,126.84204005568688,5.438216687965905,static_qc,0.4150748169372811,1.2538912919990253,0.41682076353622177,0.24916573971078976,0.5395839966040539,45.67849993512755,91.35669247019804,9.27992938624464,2.4597381250880517,16.82078123924143,47.6155338483389,13.462887646572199,0.5395839966040539,0.011036824790406453,0.15610739679507588,0.29327178181046376,0.3506844953836358,0.03040432983126393,0.5276451236336623,0.0,0.012151119600976335,0.005200042449326117,0.04504934734161095,0.32808022922636104,0.040910538045208535,0.1192295447309774,0.0
v1,2,0.7,10.469964770312052,18846,1.0,t1,spark,burstgpt,total,0.1,126.84204005568688,5.438216687965905,static_qc_fallback,0.41462379284728856,1.4025617519982916,0.40441968477751056,0.22850786588272684,0.5466411970709965,45.81352569442788,91.62674308012338,9.19733753200043,2.244686497108205,17.119545468088983,49.693924194439205,13.002954074210265,0.5466411970709965,0.012044996285683965,0.24747957126180622,0.19383423538151331,0.20625066327072059,0.033481905974742654,0.6321235275390004,0.0,0.012204181258622519,0.005359227422264671,0.10049877958187414,0.2919983020269553,0.0357635572535286,0.1128621458134352,0.0
v1,2,0.7,10.469964770312052,18846,1.0,t1,spark,burstgpt,total,0.1,126.84204005568688,5.438216687965905,shortest_queue,0.4479730446779157,1.2337073290000262,0.4298050043200121,0.3767678372795169,0.652976758993951,9.710280268944189,19.420495191156043,9.643954128899344,2.428013389945619,13.082179527467517,27.440750818012752,17.320239797116187,0.652976758993951,0.0003183699458771092,0.01167356468216067,0.33503130637801126,1.0526371643850154,0.0,0.0,0.04812692348508967,0.018306271887933778,0.010347023241006049,0.0,0.5765149103257986,0.0,0.0,0.0
v1,2,0.7,10.469964770312052,18846,1.0,t1,spark,burstgpt,total,0.1,126.84204005568688,5.438216687965905,capacity_greedy,0.5918231985567229,1.3216580379994411,0.5658338483980797,0.512474177657715,0.821182213732357,44.01149341571363,88.02269064973115,9.8130262739064,1.8445726328684486,14.09057532316248,29.976268854242523,13.489509671452595,0.821182213732357,0.0078000636739891755,0.09773957338427253,0.0732781492093813,0.013318476069192401,0.23336517032792103,0.0,0.014220524249177545,0.012204181258622519,0.0057306590257879654,0.25650005306165763,0.3802398386925608,0.0403268598111005,0.11954791467685451,0.00021224663058473945
v1,2,0.7,10.469964770312052,18846,1.0,t1,spark,burstgpt,total,0.1,126.84204005568688,5.438216687965905,batch_lp@2s,0.6066804626976546,6.006640111998422,0.5654484128482967,0.48923076923076925,0.8402313488273374,44.67405517121733,89.3478097019336,9.174007565463194,3.008904633399993,18.004693362164147,29.745576771422154,14.875115681559919,0.8402313488273374,0.007216385439881142,0.15138490926456544,0.001167356468216067,0.010134776610421309,0.0,0.0038204393505253103,0.014273585906823729,0.012257242916268705,0.005465350737557041,0.26318582192507695,0.39111747851002865,0.03793908521702218,0.12299692242385653,0.00021224663058473945
v1,2,0.7,10.469964770312052,18846,1.0,t1,spark,burstgpt,total,0.1,126.84204005568688,5.438216687965905,A:knn_capacity_greedy,0.4643425660617638,3.4834834869980114,0.4374786029729079,0.38088445078459343,0.6620503024514486,45.706350582688174,91.41239357789433,9.620974615505451,1.5409219992363887,28.3503404672316,43.91708397459878,13.72903349179428,0.6620503024514486,0.018730765149103257,0.23357741695850578,0.08564151544094238,0.019473628356149845,0.2717287488061127,0.0,0.03374721426297358,0.015600127347978351,0.008489865223389579,0.2668470763026637,0.2489122360182532,0.030775761434787222,0.07317202589408893,0.0032367611164172768
v1,2,0.7,10.469964770312052,18846,1.0,t1,spark,burstgpt,total,0.5,634.2102002784343,3.1315309607962263,oracle_unconstrained,0.9303035126817362,,,,,,,,,,,,,,,,,,,,,,,,,,
v1,2,0.7,10.469964770312052,18846,1.0,t1,spark,burstgpt,total,0.5,634.2102002784343,3.1315309607962263,predictor_unconstrained,0.8147882839859917,,,,,,,,,,,,,,,,,,,,,,,,,,
v1,2,0.7,10.469964770312052,18846,1.0,t1,spark,burstgpt,total,0.5,634.2102002784343,3.1315309607962263,fluid_ceiling,0.8864447962980925,,,,,,,,,,,,,,,,,,,,,,,,,,
v1,2,0.7,10.469964770312052,18846,1.0,t1,spark,burstgpt,total,0.5,634.2102002784343,3.1315309607962263,random,0.3480844741589727,1.0297389730003488,0.314327957188896,0.20923076923076922,0.5037673776928792,225.34888273834804,450.69624895887017,9.618213953341673,2.8314222943466554,86.43820598251573,151.75124614568495,18.307758103941012,0.5037673776928792,0.08468640560331105,0.35514167462591534,0.05640454207789451,0.13286639074604692,0.049771834872121404,0.1581237397856309,0.04425342247691818,0.018465456860872333,0.009763345006898015,0.1310622943860766,0.1321235275390003,0.048020800169797304,0.10479677385121511,0.0999681630054123
v1,2,0.7,10.469964770312052,18846,1.0,t1,spark,burstgpt,total,0.5,634.2102002784343,3.1315309607962263,always_best_api,0.30353921256500055,1.4302131840013317,0.25286261268638843,0.09230769230769231,0.3467048710601719,108.71414667001227,217.42756173248628,4.18491970473022,7.459114284758925,46.648671759454274,97.88000019848222,8.9886881108676,0.3467048710601719,0.0438289292157487,0.0,0.6094661997240793,1.9424811631115355,0.0,0.0,0.0,0.0,0.0,0.0,0.0,0.0,0.3905338002759206,0.0
v1,2,0.7,10.469964770312052,18846,1.0,t1,spark,burstgpt,total,0.5,634.2102002784343,3.1315309607962263,always_best_self,0.00971028334925183,1.1875010119983926,0.011682652377805419,0.005208333333333333,0.017510347023241005,0.0,0.0,8.95615303604944,28.638188145689305,30.04356704052646,30.084492289121872,542.8133316403469,0.017510347023241005,0.0030775761434787222,0.45388941950546535,0.5255226573278149,0.0,1.6878913297251406,0.0,0.0,0.02058792316671973,0.0,0.0,0.0,0.0,0.0,0.0
v1,2,0.7,10.469964770312052,18846,1.0,t1,spark,burstgpt,total,0.5,634.2102002784343,3.1315309607962263,threshold,0.1595298737132548,1.2085372149995237,0.10119190154950075,0.017118402282453638,0.20556086172132018,104.7772253176663,209.55374552187473,9.37545365953339,12.674188634836469,62.65326747144323,154.21803730118052,17.239296551208668,0.20556086172132018,0.057943330149633876,0.31852913085004775,0.4179666772789982,0.7420672821818953,0.5955640454207789,0.0,0.0,0.01883688846439563,0.0,0.0,0.0,0.0,0.24466730340655843,0.0
v1,2,0.7,10.469964770312052,18846,1.0,t1,spark,burstgpt,total,0.5,634.2102002784343,3.1315309607962263,static_qc,0.5086755810251512,1.2763812830016832,0.5276639087540013,0.2831717781662164,0.627454101666136,116.93304005407663,233.86529319038596,9.199090811610784,3.087436973176409,41.39791525734245,112.5215546518378,13.392036783549315,0.627454101666136,0.045420778945134244,0.08017616470338533,0.24694895468534436,0.8041494216279317,0.0,0.0,0.0,0.012310304573914889,0.0025469595670168737,0.017404223707948637,0.3417170752414305,0.04929427995330574,0.24960203756765362,0.0
v1,2,0.7,10.469964770312052,18846,1.0,t1,spark,burstgpt,total,0.5,634.2102002784343,3.1315309607962263,static_qc_fallback,0.6020640984824366,1.2882991959995707,0.5903590485334486,0.39472429683775623,0.7730022285896211,133.85230614165448,267.70371150489893,9.601681881246687,2.7990781823003488,35.681197645004616,96.83486199244798,13.709333926703035,0.7730022285896211,0.04913509498036719,0.13100923272843043,0.04685344370158124,0.47277936962750716,0.016926668789132973,0.0,0.0,0.012204181258622519,0.005942905656372705,0.08458028228801867,0.40528494110156,0.049665711556829036,0.24880611270296085,0.015653189005624537
v1,2,0.7,10.469964770312052,18846,1.0,t1,spark,burstgpt,total,0.5,634.2102002784343,3.1315309607962263,shortest_queue,0.4479730446779157,1.2212130170009914,0.4298050043200121,0.3767678372795169,0.652976758993951,9.710280268944189,19.420495191156043,9.643954128899344,2.428013389945619,13.082179527467517,27.440750818012752,17.320239797116187,0.652976758993951,0.0003183699458771092,0.01167356468216067,0.33503130637801126,1.0526371643850154,0.0,0.0,0.04812692348508967,0.018306271887933778,0.010347023241006049,0.0,0.5765149103257986,0.0,0.0,0.0
v1,2,0.7,10.469964770312052,18846,1.0,t1,spark,burstgpt,total,0.5,634.2102002784343,3.1315309607962263,capacity_greedy,0.7154833917011567,1.2704139510024106,0.6885877799484951,0.626092483712061,0.9693303618805051,74.36034665421903,148.72019288975451,9.344969396341416,1.9637477203998515,15.640252395840065,43.39714428099587,13.78958316911394,0.9693303618805051,0.015759312320916905,0.012310304573914889,0.0026000212246630587,0.020428738193781174,0.0,0.0,0.0,0.012310304573914889,0.005412289079910856,0.2854186564788284,0.44338321129152075,0.04600445717924228,0.1854504934734161,0.0071102621245887725
v1,2,0.7,10.469964770312052,18846,1.0,t1,spark,burstgpt,total,0.5,634.2102002784343,3.1315309607962263,batch_lp@2s,0.7143425660617637,3.7675693460005277,0.6778832864444867,0.6,0.9717711981322297,66.13641133233796,132.27237759015188,9.678123598881708,3.0077010738075387,14.879698501837991,35.78945459947987,14.530996013761523,0.9717711981322297,0.013318476069192401,0.012840921150376737,0.0020694046482012097,0.01581237397856309,0.0,0.0,0.0,0.012044996285683965,0.005518412395203226,0.30070041388092966,0.43616682585163963,0.043988114188687255,0.18380558208638437,0.0028653295128939827
v1,2,0.7,10.469964770312052,18846,1.0,t1,spark,burstgpt,total,0.5,634.2102002784343,3.1315309607962263,A:knn_capacity_greedy,0.6860872333651703,3.4408023590003722,0.6625740156037464,0.5901360544217688,0.9450281226785525,101.50227838415412,203.00387369407835,10.091671883842542,1.7489464541575899,24.32623618892101,71.59051724737279,13.338075367351905,0.9450281226785525,0.03608192719940571,0.012947044465669107,0.005942905656372705,0.03592274222646716,0.0,0.0,0.0006367398917542184,0.015387880717393611,0.007906186989281545,0.35026000212246633,0.3655417595245675,0.047914676854504935,0.18486681523930806,0.008595988538681949
v1,2,1.0,14.957092529017217,26923,1.0,t1,spark,burstgpt,total,0.1,181.20291436526696,5.438216687965905,oracle_unconstrained,0.9298555138728968,,,,,,,,,,,,,,,,,,,,,,,,,,
v1,2,1.0,14.957092529017217,26923,1.0,t1,spark,burstgpt,total,0.1,181.20291436526696,5.438216687965905,predictor_unconstrained,0.8137651821862348,,,,,,,,,,,,,,,,,,,,,,,,,,
v1,2,1.0,14.957092529017217,26923,1.0,t1,spark,burstgpt,total,0.1,181.20291436526696,5.438216687965905,fluid_ceiling,0.8846111454296229,,,,,,,,,,,,,,,,,,,,,,,,,,
v1,2,1.0,14.957092529017217,26923,1.0,t1,spark,burstgpt,total,0.1,181.20291436526696,5.438216687965905,random,0.09003454295583702,2.0410894729975553,0.08230555072533126,0.06521739130434782,0.14708613453181293,91.08525488665691,182.1689301834061,9.928289998962203,5.429357735575763,86.6588111636555,150.02400713625346,31.476567112674626,0.14708613453181293,0.026965791330832375,0.4490584258812168,0.37688964825613785,0.01675147643278981,0.2743007837165249,1.1566318760910745,0.032202949151283286,0.0139286112246035,0.007391449689856257,0.028228652081863093,0.02704007725736359,0.012517178620510345,0.02555435872673922,0.027188649110426028
v1,2,1.0,14.957092529017217,26923,1.0,t1,spark,burstgpt,total,0.1,181.20291436526696,5.438216687965905,always_best_api,0.1503918582624522,2.166279573997599,0.1256298080366021,0.050234741784037557,0.17026334360955317,83.42826146498555,166.85507612675372,5.322560068937399,6.594186555054968,54.78974912655651,160.69953263879563,7.911767223570337,0.17026334360955317,0.023028637224677784,0.0,0.8067080191657691,1.456449875571073,0.0,1.0386658247594993,0.0,0.0,0.0,0.0,0.0,0.0,0.19329198083423096,0.0
v1,2,1.0,14.957092529017217,26923,1.0,t1,spark,burstgpt,total,0.1,181.20291436526696,5.438216687965905,always_best_self,0.007094305983731382,1.8747240800003055,0.007873001825410291,0.004068857589984351,0.012405749730713516,0.0,0.0,9.453085485783799,29.22232730225184,30.04953306608953,30.145857079096068,586.6591385874062,0.012405749730713516,0.001931434089811685,0.35527244363555327,0.6303903725439216,0.0,1.9965085614530327,0.0,0.0,0.014337183820525201,0.0,0.0,0.0,0.0,0.0,0.0
v1,2,1.0,14.957092529017217,26923,1.0,t1,spark,burstgpt,total,0.1,181.20291436526696,5.438216687965905,threshold,0.030048657281877948,1.9056318379989534,0.024467574937088496,0.007070707070707071,0.04650299000854288,70.29848258150741,140.59574605489738,9.188950249357232,29.662490239856425,70.5371987985256,101.93439886671698,42.646049285182016,0.04650299000854288,0.03874011068603053,0.34450098428852655,0.5702559150169001,0.05790587973108494,1.709653456152732,0.030717230620658915,0.0,0.013148608996025704,0.0,0.0,0.0,0.0,0.07209449169854772,0.0
v1,2,1.0,14.957092529017217,26923,1.0,t1,spark,burstgpt,total,0.1,181.20291436526696,5.438216687965905,static_qc,0.44688556253017864,1.8092220600010478,0.44632026739288877,0.26391061452513964,0.5798016565761617,69.7608277156487,139.52044564712816,9.518290884002061,2.5083633190664543,16.016125969864248,47.78270614957671,13.189026233298932,0.5798016565761617,0.012108606024588641,0.14552613007465737,0.26256360732459233,0.6069903056865876,0.07733164951899862,0.14177469078483082,0.0,0.009025740073543067,0.004048582995951417,0.053485867102477436,0.35304386583961667,0.037885822530921515,0.13442038405824017,0.0
v1,2,1.0,14.957092529017217,26923,1.0,t1,spark,burstgpt,total,0.1,181.20291436526696,5.438216687965905,static_qc_fallback,0.5041414404041155,1.9345428960004938,0.4864025664353948,0.2911731843575419,0.6682019091483119,74.06613864791689,148.13099284946256,9.601461376649052,2.1521770218472795,15.264828629061334,47.964216969496306,12.752379710932349,0.6682019091483119,0.014337183820525201,0.1918805482301378,0.12558035880102514,0.3395609701742005,0.0847602421721205,0.28169223340638117,0.0,0.009025740073543067,0.004494298555138729,0.15718902054005868,0.3440181257660736,0.036808676596218844,0.1310032314378041,0.0
v1,2,1.0,14.957092529017217,26923,1.0,t1,spark,burstgpt,total,0.1,181.20291436526696,5.438216687965905,shortest_queue,0.3694796270846488,1.9711383329995442,0.3594969469608444,0.3058100558659218,0.5397243992125692,11.18088956165775,22.36158522562775,9.937867979255989,2.4389062205661958,15.437918777770742,27.51696073127351,16.966239593126197,0.5397243992125692,0.00014857185306243732,0.01054860156743305,0.4495784273669353,1.4027040077257364,0.0,0.0,0.03651153289009397,0.013668610481744234,0.006722876351075289,0.0,0.48296995134271814,0.0,0.0,0.0
v1,2,1.0,14.957092529017217,26923,1.0,t1,spark,burstgpt,total,0.1,181.20291436526696,5.438216687965905,capacity_greedy,0.6704862013891468,1.8459817800030578,0.6363730249271762,0.532608695652174,0.9318426624076068,70.35752075373239,140.7138213755142,9.73722716538668,1.6091766271728405,11.772578220434838,29.638138287820706,12.868514268474577,0.9318426624076068,0.008282880808230881,0.04215726330646659,0.01771719347769565,0.019760056457304165,0.048582995951417005,0.0,0.006314303755153586,0.00887716822048063,0.004271440775545073,0.3729153511867177,0.37714964899899717,0.03472867065334472,0.13546038702967722,0.0004085725959217026
v1,2,1.0,14.957092529017217,26923,1.0,t1,spark,burstgpt,total,0.1,181.20291436526696,5.438216687965905,batch_lp@2s,0.6860676744790699,5.7414403459988534,0.6436470105150671,0.5260869565217391,0.9490027114363184,71.11451299412147,142.22779272862087,9.700426068165276,2.7273451701462506,14.972504717345855,29.755690680346508,14.112390524485136,0.9490027114363184,0.009025740073543067,0.04030011514318612,0.0016714333469524199,0.011774319355198157,0.0,0.00445715559187312,0.007354306726590648,0.009174311926605505,0.004420012628607511,0.3902982579950228,0.37514392898265425,0.03212866322475207,0.1392489692827694,0.0002600007428592653
v1,2,1.0,14.957092529017217,26923,1.0,t1,spark,burstgpt,total,0.1,181.20291436526696,5.438216687965905,A:knn_capacity_greedy,0.5560673030494373,4.273143277001509,0.5290216730293761,0.47391304347826085,0.7824908071165918,75.84637402165754,151.6914327243088,9.789177408612016,1.4293075391503862,19.94347515896358,43.94238924386932,12.87729427607519,0.7824908071165918,0.017011477175649072,0.09438026965791331,0.10611744604984585,0.027002934294097985,0.3164951899862571,0.0,0.014225754930728373,0.011142888979682799,0.006277160791887977,0.35438101251717863,0.2924636927534079,0.032202949151283286,0.08383166809048026,0.00497715707759165
v1,2,1.0,14.957092529017217,26923,1.0,t1,spark,burstgpt,total,0.5,906.0145718263348,3.1315309607962263,oracle_unconstrained,0.9298555138728968,,,,,,,,,,,,,,,,,,,,,,,,,,
v1,2,1.0,14.957092529017217,26923,1.0,t1,spark,burstgpt,total,0.5,906.0145718263348,3.1315309607962263,predictor_unconstrained,0.8137651821862348,,,,,,,,,,,,,,,,,,,,,,,,,,
v1,2,1.0,14.957092529017217,26923,1.0,t1,spark,burstgpt,total,0.5,906.0145718263348,3.1315309607962263,fluid_ceiling,0.8846111454296229,,,,,,,,,,,,,,,,,,,,,,,,,,
v1,2,1.0,14.957092529017217,26923,1.0,t1,spark,burstgpt,total,0.5,906.0145718263348,3.1315309607962263,random,0.36855105300300856,1.6079739970009541,0.3428932568195872,0.26521739130434785,0.5221186346246703,323.2108166442413,646.4160282040518,9.743484890967657,2.7458834344586016,86.3110983627583,150.40479054518235,16.79738751486002,0.5221186346246703,0.08175166214760614,0.3164951899862571,0.0796345132414664,0.24852356721019203,0.13438324109497457,0.061360175314786616,0.03606581733090666,0.014151469004197155,0.007391449689856257,0.15793187980537088,0.14671470489915686,0.03725439215540616,0.10496601418861197,0.09939456969877057
v1,2,1.0,14.957092529017217,26923,1.0,t1,spark,burstgpt,total,0.5,906.0145718263348,3.1315309607962263,always_best_api,0.2540950117000334,2.1236472759992466,0.21302178807817898,0.08450704225352113,0.28882368235337813,113.7721759484266,227.54237887299624,4.733970215076893,6.744910648472114,43.05304397733205,96.6043533458761,8.095314517715508,0.28882368235337813,0.029788656539018684,0.0,0.6813876611076032,2.1541804405155442,0.0,0.0,0.0,0.0,0.0,0.0,0.0,0.0,0.3186123388923968,0.0
v1,2,1.0,14.957092529017217,26923,1.0,t1,spark,burstgpt,total,0.5,906.0145718263348,3.1315309607962263,always_best_self,0.007094305983731382,1.8881883990034112,0.007873001825410291,0.004068857589984351,0.012405749730713516,0.0,0.0,9.453085485783799,29.22232730225184,30.04953306608953,30.145857079096068,586.6591385874062,0.012405749730713516,0.001931434089811685,0.35527244363555327,0.6303903725439216,0.0,1.9965085614530327,0.0,0.0,0.014337183820525201,0.0,0.0,0.0,0.0,0.0,0.0
v1,2,1.0,14.957092529017217,26923,1.0,t1,spark,burstgpt,total,0.5,906.0145718263348,3.1315309607962263,threshold,0.13603610296029417,1.9464085969993903,0.08450210146496046,0.015217391304347827,0.1756119303198009,109.33617377502378,218.67045145482493,9.595889347857288,11.118774037445064,57.41007911851236,104.15179397786267,14.840747031942328,0.1756119303198009,0.04223154923299781,0.2706607733164952,0.5114957471307061,0.8618281766519333,0.7528135794673699,0.0,0.0,0.013371466775619359,0.0,0.0,0.0,0.0,0.20447201277717936,0.0
v1,2,1.0,14.957092529017217,26923,1.0,t1,spark,burstgpt,total,0.5,906.0145718263348,3.1315309607962263,static_qc,0.4547041562975894,1.9839731240026595,0.47136125229684317,0.23921787709497205,0.5614901756862163,122.05632001784033,244.11052334915976,9.580734656012936,3.0196941559319157,33.820166674139436,83.62867383627388,12.668454591960462,0.5614901756862163,0.03294580841659547,0.07640307543735839,0.3291609404598299,1.0417858336738104,0.021542918694053413,0.0,0.0,0.008988597110277458,0.0025257215020614344,0.0167143334695242,0.3132637521821491,0.03978011365746759,0.21316346618133195,0.0
v1,2,1.0,14.957092529017217,26923,1.0,t1,spark,burstgpt,total,0.5,906.0145718263348,3.1315309607962263,static_qc_fallback,0.5636444675556216,2.0296537519971025,0.5400849550987322,0.38379888268156426,0.7306763733610667,154.5779028035995,309.15312493516785,9.841559340803611,2.676258941552419,29.643698362951422,81.78692609836105,13.054158161665953,0.7306763733610667,0.03736582104520299,0.13620324629498942,0.09575455929874085,0.677227649221855,0.04810013742896408,0.0,0.0,0.008060023028637224,0.004271440775545073,0.11484604241726405,0.36489247112134604,0.040597258849311,0.21401775433644096,0.021357203877725366
v1,2,1.0,14.957092529017217,26923,1.0,t1,spark,burstgpt,total,0.5,906.0145718263348,3.1315309607962263,shortest_queue,0.3694796270846488,1.9262817329981772,0.3594969469608444,0.3058100558659218,0.5397243992125692,11.18088956165775,22.36158522562775,9.937867979255989,2.4389062205661958,15.437918777770742,27.51696073127351,16.966239593126197,0.5397243992125692,0.00014857185306243732,0.01054860156743305,0.4495784273669353,1.4027040077257364,0.0,0.0,0.03651153289009397,0.013668610481744234,0.006722876351075289,0.0,0.48296995134271814,0.0,0.0,0.0
v1,2,1.0,14.957092529017217,26923,1.0,t1,spark,burstgpt,total,0.5,906.0145718263348,3.1315309607962263,capacity_greedy,0.7073877353935297,1.844484872999601,0.6709462962653231,0.5782608695652174,0.9692827693793411,104.74640262844696,209.49098875694926,9.861242688513906,1.754709921771834,15.55015861655112,43.24262309997865,13.226538274321022,0.9692827693793411,0.01560004457155592,0.010325743787839394,0.0047914422612636036,0.03205437729822085,0.0,0.0,0.0,0.008988597110277458,0.004382869665341901,0.3625896073988783,0.3859153883296809,0.036214389183969097,0.17349478141366118,0.01329718084908814
v1,2,1.0,14.957092529017217,26923,1.0,t1,spark,burstgpt,total,0.5,906.0145718263348,3.1315309607962263,batch_lp@2s,0.7091520261486461,4.7722531399995205,0.6682168263146143,0.5673913043478261,0.9739256397875422,95.02392457917085,190.0462012644818,9.873233499047027,2.7885596999828266,14.832098744285402,38.2986957253487,14.157226288548124,0.9739256397875422,0.014002897151134718,0.01002860008171452,0.002042862979608513,0.014374326783790812,0.0,0.0,0.0,0.00887716822048063,0.004531441518404338,0.3872896779705085,0.36968391338260964,0.03372581064517327,0.17579764513612897,0.008022880065371616
v1,2,1.0,14.957092529017217,26923,1.0,t1,spark,burstgpt,total,0.5,906.0145718263348,3.1315309607962263,A:knn_capacity_greedy,0.685491958548453,4.066827971000748,0.6574363481432697,0.6065217391304348,0.9519741484975671,130.92134556444398,261.84042070612395,9.862911425874453,1.5594677160147512,21.981139654864407,65.18790288384082,12.946906892499925,0.9519741484975671,0.030717230620658915,0.010808602310292315,0.006500018571481633,0.04167440478401367,0.0,0.0,0.0009657170449058426,0.01110574601641719,0.006202874865356758,0.41410689744827844,0.33733239237826396,0.03766296475132786,0.16387475392786838,0.011440032685807674
v1,2,1.3,19.444220287722384,35000,1.0,t1,spark,burstgpt,total,0.1,235.56378867484705,5.438216687965905,oracle_unconstrained,0.9291857142857143,,,,,,,,,,,,,,,,,,,,,,,,,,
v1,2,1.3,19.444220287722384,35000,1.0,t1,spark,burstgpt,total,0.1,235.56378867484705,5.438216687965905,predictor_unconstrained,0.8136428571428571,,,,,,,,,,,,,,,,,,,,,,,,,,
v1,2,1.3,19.444220287722384,35000,1.0,t1,spark,burstgpt,total,0.1,235.56378867484705,5.438216687965905,fluid_ceiling,0.879136224538436,,,,,,,,,,,,,,,,,,,,,,,,,,
v1,2,1.3,19.444220287722384,35000,1.0,t1,spark,burstgpt,total,0.1,235.56378867484705,5.438216687965905,random,0.0935,2.655243266999605,0.08759851963896308,0.0734094616639478,0.14377142857142858,117.88576573455066,235.7688134807422,9.630120176086734,4.137857577925729,85.920872726858,143.12285270773222,25.472400702516325,0.14377142857142858,0.025342857142857143,0.41765714285714284,0.41322857142857145,0.0234,0.3338,1.1826,0.0254,0.011257142857142858,0.0062,0.03,0.031057142857142856,0.011285714285714286,0.026257142857142857,0.027657142857142856
v1,2,1.3,19.444220287722384,35000,1.0,t1,spark,burstgpt,total,0.1,235.56378867484705,5.438216687965905,always_best_api,0.1442857142857143,2.842650219998177,0.12054841102488971,0.04950855478704041,0.1634,116.83858451788547,233.6744751913476,4.90631275693621,7.390884508684394,59.83091243643102,161.4882488485297,8.849919164149014,0.1634,0.027142857142857142,0.0,0.8094571428571429,1.4144285714285714,0.0,1.0922571428571428,0.0,0.0,0.0,0.0,0.0,0.0,0.19054285714285715,0.0
v1,2,1.3,19.444220287722384,35000,1.0,t1,spark,burstgpt,total,0.1,235.56378867484705,5.438216687965905,always_best_self,0.005314285714285714,2.787001364999014,0.004918550632553682,0.002790923431622376,0.009514285714285715,0.0,0.0,8.868929722224692,28.99712685554232,30.039341185921465,30.073258389336612,536.0954220837298,0.009514285714285715,0.001542857142857143,0.27968571428571426,0.7092571428571428,0.0,2.2189714285714284,0.0,0.0,0.011057142857142857,0.0,0.0,0.0,0.0,0.0,0.0
v1,2,1.3,19.444220287722384,35000,1.0,t1,spark,burstgpt,total,0.1,235.56378867484705,5.438216687965905,threshold,0.029514285714285715,2.773411602000124,0.02186818293208274,0.0016313213703099511,0.045714285714285714,95.22871011914685,190.45522463372734,9.360794966183102,29.375891047775667,71.52388253575828,102.07544291434448,40.12832150445922,0.045714285714285714,0.0386,0.2739714285714286,0.6417142857142857,0.08117142857142857,1.9308857142857143,0.0010285714285714286,0.0,0.009514285714285715,0.0,0.0,0.0,0.0,0.0748,0.0
v1,2,1.3,19.444220287722384,35000,1.0,t1,spark,burstgpt,total,0.1,235.56378867484705,5.438216687965905,static_qc,0.43711428571428573,2.6678901630002656,0.42948278315655747,0.2611278519156263,0.5704,88.47890756756169,176.95577515481452,9.574290165449128,2.5270429203494587,15.837690040435346,47.333367528388884,12.73932283136611,0.5704,0.011542857142857143,0.13868571428571427,0.27937142857142855,0.7820857142857143,0.10677142857142857,0.0,0.0,0.0067428571428571425,0.0033428571428571426,0.05782857142857143,0.3406,0.03465714285714286,0.13877142857142857,0.0
v1,2,1.3,19.444220287722384,35000,1.0,t1,spark,burstgpt,total,0.1,235.56378867484705,5.438216687965905,static_qc_fallback,0.5045857142857143,2.848000456997397,0.47150204233923027,0.29375807145931987,0.6790857142857143,98.45115110284314,196.90003230413396,9.483838074001534,2.0257096913182977,15.619134476035656,49.94147099433894,12.37837948143553,0.6790857142857143,0.015285714285714286,0.1858857142857143,0.11974285714285714,0.4476,0.11228571428571428,0.21302857142857143,0.0,0.0067428571428571425,0.0034285714285714284,0.20022857142857142,0.3162,0.03325714285714286,0.13451428571428573,0.0
v1,2,1.3,19.444220287722384,35000,1.0,t1,spark,burstgpt,total,0.1,235.56378867484705,5.438216687965905,shortest_queue,0.3101285714285714,2.845315860999108,0.29703726171143424,0.25880327163151096,0.4462285714285714,11.961982551905749,23.923689306906542,9.759626441946365,2.4353449112567205,12.704845480122007,27.26874538855234,16.288387620647654,0.4462285714285714,2.857142857142857e-05,0.008628571428571428,0.5451142857142857,1.6997142857142857,0.0,0.0,0.023857142857142858,0.010942857142857143,0.005714285714285714,0.0,0.4057428571428571,0.0,0.0,0.0
v1,2,1.3,19.444220287722384,35000,1.0,t1,spark,burstgpt,total,0.1,235.56378867484705,5.438216687965905,capacity_greedy,0.6905571428571429,2.510691298997699,0.6458860702106506,0.533442088091354,0.9717428571428571,92.08478243412719,184.16744175046193,9.61895523431834,1.4706538637288133,10.575387613853218,28.70244454419028,12.491476755134855,0.9717428571428571,0.007685714285714285,0.01694285714285714,0.0036285714285714285,0.02762857142857143,0.0,0.0,0.0038857142857142857,0.006714285714285714,0.003285714285714286,0.44094285714285714,0.35597142857142855,0.03182857142857143,0.13588571428571428,0.0009142857142857143
v1,2,1.3,19.444220287722384,35000,1.0,t1,spark,burstgpt,total,0.1,235.56378867484705,5.438216687965905,batch_lp@2s,0.6939714285714286,6.407783499998914,0.6412828584901796,0.5220228384991843,0.9762857142857143,95.1190398806466,190.235886685297,9.666047062179048,2.6257210128077872,14.018394963177293,29.918448090573744,13.745550671702688,0.9762857142857143,0.009685714285714285,0.012457142857142858,0.0015714285714285715,0.011771428571428572,0.0,0.005371428571428571,0.007028571428571428,0.006514285714285715,0.003285714285714286,0.4656,0.3368,0.027342857142857144,0.13888571428571428,0.0005142857142857143
v1,2,1.3,19.444220287722384,35000,1.0,t1,spark,burstgpt,total,0.1,235.56378867484705,5.438216687965905,A:knn_capacity_greedy,0.5804571428571429,4.953468063999026,0.5472203391301094,0.46492659053833607,0.8250857142857143,101.1151315011175,202.22793167963098,9.651410400540664,1.3467640246481096,20.212139501228997,43.167336425880606,12.642020902841523,0.8250857142857143,0.01597142857142857,0.10248571428571429,0.05645714285714286,0.026857142857142857,0.17882857142857142,0.0,0.01805714285714286,0.0086,0.005314285714285714,0.4148,0.2752,0.026514285714285716,0.08674285714285715,0.005828571428571429
v1,2,1.3,19.444220287722384,35000,1.0,t1,spark,burstgpt,total,0.5,1177.8189433742352,3.1315309607962263,oracle_unconstrained,0.9291857142857143,,,,,,,,,,,,,,,,,,,,,,,,,,
v1,2,1.3,19.444220287722384,35000,1.0,t1,spark,burstgpt,total,0.5,1177.8189433742352,3.1315309607962263,predictor_unconstrained,0.8136428571428571,,,,,,,,,,,,,,,,,,,,,,,,,,
v1,2,1.3,19.444220287722384,35000,1.0,t1,spark,burstgpt,total,0.5,1177.8189433742352,3.1315309607962263,fluid_ceiling,0.879136224538436,,,,,,,,,,,,,,,,,,,,,,,,,,
v1,2,1.3,19.444220287722384,35000,1.0,t1,spark,burstgpt,total,0.5,1177.8189433742352,3.1315309607962263,random,0.37232857142857145,2.3589955839997856,0.3405684208568056,0.2544861337683524,0.5279714285714285,376.781113368741,753.5535396269247,9.363508137790703,2.437891100989418,77.77614185254437,143.97530389841646,15.671682826328293,0.5279714285714285,0.07428571428571429,0.3018,0.09594285714285715,0.31874285714285716,0.18397142857142856,0.0,0.024857142857142855,0.011657142857142857,0.0054,0.17617142857142856,0.15657142857142858,0.03434285714285714,0.1034,0.08985714285714286
v1,2,1.3,19.444220287722384,35000,1.0,t1,spark,burstgpt,total,0.5,1177.8189433742352,3.1315309607962263,always_best_api,0.22694285714285714,5.646014732999902,0.18554900798255222,0.06686081786190996,0.25642857142857145,116.01275100035127,232.02282719679584,4.824081007882547,6.335497207281087,37.742410057209966,88.7320263883929,7.6067220298469,0.25642857142857145,0.02082857142857143,0.0,0.7227428571428571,2.270742857142857,0.0,0.0,0.0,0.0,0.0,0.0,0.0,0.0,0.27725714285714287,0.0
v1,2,1.3,19.444220287722384,35000,1.0,t1,spark,burstgpt,total,0.5,1177.8189433742352,3.1315309607962263,always_best_self,0.005314285714285714,5.003539515000739,0.004918550632553682,0.002790923431622376,0.009514285714285715,0.0,0.0,8.868929722224692,28.99712685554232,30.039341185921465,30.073258389336612,536.0954220837298,0.009514285714285715,0.001542857142857143,0.27968571428571426,0.7092571428571428,0.0,2.2189714285714284,0.0,0.0,0.011057142857142857,0.0,0.0,0.0,0.0,0.0,0.0
v1,2,1.3,19.444220287722384,35000,1.0,t1,spark,burstgpt,total,0.5,1177.8189433742352,3.1315309607962263,threshold,0.12367142857142857,3.4011977609989117,0.07632470747159842,0.013050570962479609,0.1578,113.72436230897438,227.44610257540631,9.38564428848239,10.041079257256285,53.8015910019058,100.344672470534,13.173279929916575,0.1578,0.03174285714285714,0.22145714285714285,0.589,0.9360857142857143,0.9169142857142857,0.0,0.0,0.010371428571428571,0.0,0.0,0.0,0.0,0.17917142857142856,0.0
v1,2,1.3,19.444220287722384,35000,1.0,t1,spark,burstgpt,total,0.5,1177.8189433742352,3.1315309607962263,static_qc,0.4175857142857143,2.8832280220012763,0.4313191881955111,0.21825226000860956,0.5151428571428571,128.96388312077033,257.9247928347779,9.53540409761602,3.0027913344160737,28.69673503836111,79.61580043685157,12.068523674132408,0.5151428571428571,0.02497142857142857,0.07702857142857143,0.38285714285714284,1.206942857142857,0.022485714285714286,0.0,0.0,0.0067428571428571425,0.002657142857142857,0.017057142857142858,0.2872857142857143,0.0344,0.19197142857142857,0.0
v1,2,1.3,19.444220287722384,35000,1.0,t1,spark,burstgpt,total,0.5,1177.8189433742352,3.1315309607962263,static_qc_fallback,0.5311571428571429,3.001589920000697,0.49268411322969136,0.3722772277227723,0.6963428571428572,176.24661787488003,352.48917218659165,9.69450611870321,2.5617680757471817,27.946101552481927,75.05900377524702,12.496085528637195,0.6963428571428572,0.031,0.14257142857142857,0.13008571428571428,0.8213714285714285,0.06291428571428571,0.0,0.0,0.006628571428571429,0.0033714285714285712,0.14022857142857142,0.3262857142857143,0.03542857142857143,0.19074285714285713,0.024657142857142857
v1,2,1.3,19.444220287722384,35000,1.0,t1,spark,burstgpt,total,0.5,1177.8189433742352,3.1315309607962263,shortest_queue,0.3101285714285714,2.8378636199995526,0.29703726171143424,0.25880327163151096,0.4462285714285714,11.961982551905749,23.923689306906542,9.759626441946365,2.4353449112567205,12.704845480122007,27.26874538855234,16.288387620647654,0.4462285714285714,2.857142857142857e-05,0.008628571428571428,0.5451142857142857,1.6997142857142857,0.0,0.0,0.023857142857142858,0.010942857142857143,0.005714285714285714,0.0,0.4057428571428571,0.0,0.0,0.0
v1,2,1.3,19.444220287722384,35000,1.0,t1,spark,burstgpt,total,0.5,1177.8189433742352,3.1315309607962263,capacity_greedy,0.6993571428571429,2.54429292200075,0.6557296810956038,0.5464926590538336,0.9712571428571428,136.13403719205417,272.264935661413,9.646034151099245,1.6001095526419817,15.724546931853235,41.228343652119996,12.9160804991634,0.9712571428571428,0.015228571428571428,0.009114285714285714,0.0044,0.032485714285714284,0.0,0.0,0.0,0.006514285714285715,0.0033714285714285712,0.41945714285714286,0.34008571428571427,0.03097142857142857,0.16931428571428572,0.016771428571428573
v1,2,1.3,19.444220287722384,35000,1.0,t1,spark,burstgpt,total,0.5,1177.8189433742352,3.1315309607962263,batch_lp@2s,0.7012714285714285,6.220158006999554,0.6519360701507569,0.5350734094616639,0.9751142857142857,123.48836136542195,246.97387556836773,9.325145071344156,2.6846215164765397,15.359187833923645,35.55645260010416,13.814954247650945,0.9751142857142857,0.013657142857142857,0.009457142857142857,0.0017714285714285714,0.013057142857142857,0.0,0.0,0.0,0.006542857142857143,0.0033428571428571426,0.4468285714285714,0.3168,0.0284,0.1766,0.010257142857142857
v1,2,1.3,19.444220287722384,35000,1.0,t1,spark,burstgpt,total,0.5,1177.8189433742352,3.1315309607962263,A:knn_capacity_greedy,0.6818571428571428,4.849473944999772,0.6437050416003366,0.5693311582381729,0.9559142857142857,153.7838163016204,307.5640869451206,10.002729500010519,1.4051269974573444,19.697924339351577,60.82959426903136,12.533005916893558,0.9559142857142857,0.02557142857142857,0.0106,0.007914285714285714,0.05065714285714286,0.0,0.0,0.0006571428571428571,0.008314285714285715,0.004714285714285714,0.4765714285714286,0.2990857142857143,0.031171428571428572,0.1464,0.014571428571428572
v1,3,0.3,4.487127758705165,8077,1.0,t1,spark,burstgpt,total,0.1,54.36087430958008,5.658287149053649,oracle_unconstrained,0.9257768973628823,,,,,,,,,,,,,,,,,,,,,,,,,,
v1,3,0.3,4.487127758705165,8077,1.0,t1,spark,burstgpt,total,0.1,54.36087430958008,5.658287149053649,predictor_unconstrained,0.8097065742231027,,,,,,,,,,,,,,,,,,,,,,,,,,
v1,3,0.3,4.487127758705165,8077,1.0,t1,spark,burstgpt,total,0.1,54.36087430958008,5.658287149053649,fluid_ceiling,0.8844602707020376,,,,,,,,,,,,,,,,,,,,,,,,,,
v1,3,0.3,4.487127758705165,8077,1.0,t1,spark,burstgpt,total,0.1,54.36087430958008,5.658287149053649,random,0.12950352853782346,0.6161217970002326,0.1260170079970512,0.0866840731070496,0.24786430605422805,27.37079707918747,54.74044175645289,9.485326076255216,0.9175993663725421,64.36477319721743,123.3432478404954,41.577549605576905,0.24786430605422805,0.028104494242911972,0.48334777764021297,0.24068342206264703,0.0001238083446824316,0.07651355701374273,1.042466262226074,0.0783706821839792,0.044571004085675374,0.024266435557756594,0.02637117741735793,0.02798068589822954,0.021171226940695804,0.026123560727993066,0.02711402748545252
v1,3,0.3,4.487127758705165,8077,1.0,t1,spark,burstgpt,total,0.1,54.36087430958008,5.658287149053649,always_best_api,0.090937229169246,0.6730219660021248,0.07653655968351215,0.026143790849673203,0.1046180512566547,27.249542450008448,54.49793760331949,4.604055692086447,8.614937313583368,83.78541467161446,252.53311389234514,10.387013149544828,0.1046180512566547,0.02872353596632413,0.0,0.8666584127770212,0.37947257645165283,0.0,2.236350129998762,0.0,0.0,0.0,0.0,0.0,0.0,0.13334158722297884,0.0
v1,3,0.3,4.487127758705165,8077,1.0,t1,spark,burstgpt,total,0.1,54.36087430958008,5.658287149053649,always_best_self,0.023956914696050515,0.5250273540004855,0.024065440493380868,0.009138381201044387,0.04345672898353349,0.0,0.0,9.523945808750634,21.715048523073847,30.023177708363345,30.07144080838472,623.0446063981565,0.04345672898353349,0.0032190169617432214,0.4125294044818621,0.5407948495728612,0.0,1.6720316949362386,0.0,0.0,0.04667574594527671,0.0,0.0,0.0,0.0,0.0,0.0
v1,3,0.3,4.487127758705165,8077,1.0,t1,spark,burstgpt,total,0.1,54.36087430958008,5.658287149053649,threshold,0.0415376996409558,0.5557909700000891,0.03789839635894169,0.0196078431372549,0.06883743964343196,18.99114001635462,37.98148044232123,9.224646755539354,28.348743896044823,61.724280965316844,101.77954292842028,68.61299362314435,0.06883743964343196,0.03788535347282407,0.38380586851553794,0.509471338368206,0.0,1.4367958400396186,0.13705583756345177,0.0,0.04618051256654698,0.0,0.0,0.0,0.0,0.06054228054970905,0.0
v1,3,0.3,4.487127758705165,8077,1.0,t1,spark,burstgpt,total,0.1,54.36087430958008,5.658287149053649,static_qc,0.3549585242045314,0.5750385300016205,0.35456350885648674,0.24132841328413285,0.47232883496347655,18.546445887081063,37.092110906881366,10.981127201902384,2.3044369782036824,19.552611870359264,68.79843607536748,17.72352690260078,0.47232883496347655,0.011018942676736412,0.14510337996780984,0.3715488423919772,0.047418596013371304,0.0,1.0741611984647765,0.0,0.03528537823449301,0.009038009161817507,0.027237835830134952,0.27448310016095084,0.04618051256654698,0.09112294168626965,0.0
v1,3,0.3,4.487127758705165,8077,1.0,t1,spark,burstgpt,total,0.1,54.36087430958008,5.658287149053649,static_qc_fallback,0.3485823944533862,0.6064004079998995,0.35329624880882166,0.23284132841328414,0.4639098675250712,18.96874639215457,37.93669413676746,11.000806487216439,2.330895553987091,21.222860283048437,71.9629526754288,17.715284608119646,0.4639098675250712,0.012009409434195865,0.22211217036028227,0.30196855268045064,0.012876067846972886,0.04494242911972267,1.0123808344682432,0.0,0.03491395320044571,0.00928562585118237,0.026866410796087658,0.26903553299492383,0.0450662374644051,0.09075151665222236,0.0
v1,3,0.3,4.487127758705165,8077,1.0,t1,spark,burstgpt,total,0.1,54.36087430958008,5.658287149053649,shortest_queue,0.4283768726012133,0.5174183689996426,0.4113014260127814,0.37011070110701105,0.6761173703107589,3.554556209295697,7.108962759909706,9.532580982096299,2.3586240546619592,21.65118795378962,28.267973899282758,21.72447394274002,0.6761173703107589,0.0003714250340472948,0.021047418596013372,0.3024637860591804,0.9363625108332302,0.0,0.0,0.10300854277578309,0.04580908753249969,0.026247369072675497,0.0,0.501423795963848,0.0,0.0,0.0
v1,3,0.3,4.487127758705165,8077,1.0,t1,spark,burstgpt,total,0.1,54.36087430958008,5.658287149053649,capacity_greedy,0.47480500185712515,0.5842409180004324,0.45965441294124604,0.40522875816993464,0.6727745450043333,15.52764097198451,31.054628178452102,10.661192827214617,1.978106201047467,15.843206352488838,30.030240971025666,16.50702267375607,0.6727745450043333,0.008171350749040485,0.16528414015104617,0.15376996409558005,0.007552309025628328,0.47121455986133465,0.0,0.025256902315216045,0.03454252816639841,0.012133217778878297,0.1096941933886344,0.35272997400024764,0.050885229664479385,0.0955800420948372,0.0001238083446824316
v1,3,0.3,4.487127758705165,8077,1.0,t1,spark,burstgpt,total,0.1,54.36087430958008,5.658287149053649,batch_lp@2s,0.5180141141512938,4.0426197510023485,0.4894508814866046,0.40522875816993464,0.7300978085922991,15.409787719265296,30.81892663502901,10.55137769157277,3.094497729599766,18.981138834530213,29.227136953849644,17.20481158628536,0.7300978085922991,0.004828525442614832,0.2648260492757212,0.0002476166893648632,0.0032190169617432214,0.0,0.005571375510709422,0.02488547728116875,0.035904419957905165,0.012257026123560728,0.13656060418472205,0.3815773183112542,0.04791382939210103,0.09582765878420206,0.0
v1,3,0.3,4.487127758705165,8077,1.0,t1,spark,burstgpt,total,0.1,54.36087430958008,5.658287149053649,A:knn_capacity_greedy,0.4058437538690108,2.8313599430002796,0.39175997279636415,0.35269709543568467,0.5888324873096447,17.6705846222103,35.34042525382275,9.84992958018016,1.6249991846077592,24.777401256398036,45.164958838471875,15.751134625134341,0.5888324873096447,0.016714126532128264,0.1829887334406339,0.21146465271759315,0.0033428253064256533,0.675003095208617,0.0,0.029218769345053856,0.03379967809830382,0.021171226940695804,0.16478890677231645,0.2488547728116875,0.047542404358053736,0.05905658041351987,0.0011142751021418844
v1,3,0.3,4.487127758705165,8077,1.0,t1,spark,burstgpt,total,0.5,271.8043715479004,3.4872337036977115,oracle_unconstrained,0.9257768973628823,,,,,,,,,,,,,,,,,,,,,,,,,,
v1,3,0.3,4.487127758705165,8077,1.0,t1,spark,burstgpt,total,0.5,271.8043715479004,3.4872337036977115,predictor_unconstrained,0.8097065742231027,,,,,,,,,,,,,,,,,,,,,,,,,,
v1,3,0.3,4.487127758705165,8077,1.0,t1,spark,burstgpt,total,0.5,271.8043715479004,3.4872337036977115,fluid_ceiling,0.8844602707020376,,,,,,,,,,,,,,,,,,,,,,,,,,
v1,3,0.3,4.487127758705165,8077,1.0,t1,spark,burstgpt,total,0.5,271.8043715479004,3.4872337036977115,random,0.2726259749907144,0.48161504800009425,0.2547960936484226,0.19607843137254902,0.43989104865667944,78.6250239746405,157.24673757331763,9.3095260738242,1.7327345912357615,82.35438091185064,151.83435789221588,23.840872832948094,0.43989104865667944,0.07118979819239817,0.3592918162684165,0.12962733688250588,0.025875944038628203,0.0591803887582023,0.5139284387767735,0.06438033923486443,0.044571004085675374,0.02476166893648632,0.08629441624365482,0.0850563327968305,0.05038999628574966,0.07849449052866163,0.07713259873715489
v1,3,0.3,4.487127758705165,8077,1.0,t1,spark,burstgpt,total,0.5,271.8043715479004,3.4872337036977115,always_best_api,0.3448681441129132,0.5775400860002264,0.29053755051367874,0.12036553524804178,0.3986628698774297,88.83464027103037,177.6655403071711,4.772171930879666,8.019031507207728,77.27968845177325,213.68969235329195,9.704740328737898,0.3986628698774297,0.09322768354587099,0.0,0.5081094465766993,1.606165655565185,0.0,0.0,0.0,0.0,0.0,0.0,0.0,0.0,0.49189055342330074,0.0
v1,3,0.3,4.487127758705165,8077,1.0,t1,spark,burstgpt,total,0.5,271.8043715479004,3.4872337036977115,always_best_self,0.023956914696050515,0.5368415980010468,0.024065440493380868,0.009138381201044387,0.04345672898353349,0.0,0.0,9.523945808750634,21.715048523073847,30.023177708363345,30.07144080838472,623.0446063981565,0.04345672898353349,0.0032190169617432214,0.4125294044818621,0.5407948495728612,0.0,1.6720316949362386,0.0,0.0,0.04667574594527671,0.0,0.0,0.0,0.0,0.0,0.0
v1,3,0.3,4.487127758705165,8077,1.0,t1,spark,burstgpt,total,0.5,271.8043715479004,3.4872337036977115,threshold,0.19982666831744458,0.5209251689993835,0.1395345849257822,0.026143790849673203,0.258759440386282,65.98019330983516,131.95760863328695,9.379336582658802,13.807685759774529,78.0039435997764,214.46149037103484,24.47306976875052,0.258759440386282,0.07762783211588462,0.2793116256035657,0.3843011018942677,0.64256530890182,0.5744707193264826,0.0,0.0,0.05323758821344558,0.0,0.0,0.0,0.0,0.28314968428872106,0.0
v1,3,0.3,4.487127758705165,8077,1.0,t1,spark,burstgpt,total,0.5,271.8043715479004,3.4872337036977115,static_qc,0.5747802401881886,0.5110600459993293,0.5768503859300866,0.3029045643153527,0.7167265073665965,58.04012997571954,116.07781626822639,10.982521925982203,3.0965740818265033,38.57722311754262,139.7437014064807,14.54071741305097,0.7167265073665965,0.04803763773678346,0.07762783211588462,0.15760802278073544,0.5243283397300978,0.0,0.0,0.0,0.026866410796087658,0.008666584127770213,0.009038009161817507,0.3745202426643556,0.056951838553918534,0.28872105979943047,0.0
v1,3,0.3,4.487127758705165,8077,1.0,t1,spark,burstgpt,total,0.5,271.8043715479004,3.4872337036977115,static_qc_fallback,0.6331558747059551,0.5041128109987767,0.6144915948866762,0.43468634686346863,0.8197350501423796,62.943816240333035,125.88498233589293,10.982723378677518,2.9635993348304055,35.66255561952636,129.8117523622435,14.375910853110668,0.8197350501423796,0.050761421319796954,0.11254178531633031,0.016961743221493127,0.2930543518633156,0.0,0.0,0.0,0.026866410796087658,0.008666584127770213,0.04853287111551319,0.43431967314597003,0.05658041351987124,0.28711155131855887,0.008418967438405348
v1,3,0.3,4.487127758705165,8077,1.0,t1,spark,burstgpt,total,0.5,271.8043715479004,3.4872337036977115,shortest_queue,0.4283768726012133,0.5607363350027299,0.4113014260127814,0.37011070110701105,0.6761173703107589,3.554556209295697,7.108962759909706,9.532580982096299,2.3586240546619592,21.65118795378962,28.267973899282758,21.72447394274002,0.6761173703107589,0.0003714250340472948,0.021047418596013372,0.3024637860591804,0.9363625108332302,0.0,0.0,0.10300854277578309,0.04580908753249969,0.026247369072675497,0.0,0.501423795963848,0.0,0.0,0.0
v1,3,0.3,4.487127758705165,8077,1.0,t1,spark,burstgpt,total,0.5,271.8043715479004,3.4872337036977115,capacity_greedy,0.7027361644174818,0.5738101320021087,0.6756394870860533,0.6103321033210332,0.9733812058932773,27.898182309154436,55.7951900117082,10.676082632050568,2.023788322412429,15.030915370893261,33.68461813187668,15.020171505854705,0.9733812058932773,0.011761792744831,0.010276092608641823,0.004580908753249969,0.032190169617432214,0.0,0.0,0.0,0.03441871982171598,0.012133217778878297,0.2174074532623499,0.48074780240188186,0.0619041723412158,0.175560232759688,0.0029714002723783585
v1,3,0.3,4.487127758705165,8077,1.0,t1,spark,burstgpt,total,0.5,271.8043715479004,3.4872337036977115,batch_lp@2s,0.7058932772068838,2.3148517059998994,0.677033477975066,0.6121771217712177,0.9768478395443853,28.077217775729878,56.153253406868316,10.679585402570591,3.0417988331984986,15.468374147374021,34.85584122049163,15.981422624299967,0.9768478395443853,0.011885601089513434,0.010647517642689118,0.000619041723412158,0.012257026123560728,0.0,0.0,0.0,0.03528537823449301,0.012257026123560728,0.25058808963724155,0.44447195740992945,0.05571375510709422,0.18893153398539062,0.0014857001361891792
v1,3,0.3,4.487127758705165,8077,1.0,t1,spark,burstgpt,total,0.5,271.8043715479004,3.4872337036977115,A:knn_capacity_greedy,0.6793363872725021,2.811392601000989,0.6543782580804155,0.5622406639004149,0.9434195864801288,41.594200618867035,83.1866499830446,9.845435390089069,1.7715199206876378,24.830486081901658,65.99273629199776,14.46614488320688,0.9434195864801288,0.033923486442986255,0.01621889315339854,0.006438033923486443,0.036028228302587596,0.0,0.0,0.0004952333787297264,0.03367586975362139,0.021047418596013372,0.29874953571870744,0.3891296273368825,0.059799430481614464,0.1681317320787421,0.006314225578804011
v1,3,0.7,10.469964770312052,18846,1.0,t1,spark,burstgpt,total,0.1,126.84204005568688,5.658287149053649,oracle_unconstrained,0.9287912554388199,,,,,,,,,,,,,,,,,,,,,,,,,,
v1,3,0.7,10.469964770312052,18846,1.0,t1,spark,burstgpt,total,0.1,126.84204005568688,5.658287149053649,predictor_unconstrained,0.8149739997877534,,,,,,,,,,,,,,,,,,,,,,,,,,
v1,3,0.7,10.469964770312052,18846,1.0,t1,spark,burstgpt,total,0.1,126.84204005568688,5.658287149053649,fluid_ceiling,0.8870727815341041,,,,,,,,,,,,,,,,,,,,,,,,,,
v1,3,0.7,10.469964770312052,18846,1.0,t1,spark,burstgpt,total,0.1,126.84204005568688,5.658287149053649,random,0.1118539743181577,1.3663772729996708,0.10748875909327331,0.0848403661531592,0.1918709540486045,63.75081986965961,127.50121071897719,9.292809571359053,4.917454258304935,68.86372300769473,133.77946144864586,34.43657926397251,0.1918709540486045,0.029608404966571154,0.4804202483285578,0.2981003926562666,0.0069510771516502175,0.1686299479995755,1.0685026000212248,0.05046163642152181,0.02095935477024302,0.010983763132760267,0.031306378011249074,0.028334925183062718,0.021436909689058686,0.03019208320067919,0.02780430860660087
v1,3,0.7,10.469964770312052,18846,1.0,t1,spark,burstgpt,total,0.1,126.84204005568688,5.658287149053649,always_best_api,0.12161731932505572,1.5514806239989412,0.10692870699015548,0.0473319937486046,0.13907460469065053,63.5847467231215,127.16906554351417,4.1430438025341525,8.367127431087383,66.96683192214384,210.5143560042627,10.156203742715768,0.13907460469065053,0.02605327390427677,0.0,0.8348721214050727,0.5618698928154515,0.0,1.989122360182532,0.0,0.0,0.0,0.0,0.0,0.0,0.1651278785949273,0.0
v1,3,0.7,10.469964770312052,18846,1.0,t1,spark,burstgpt,total,0.1,126.84204005568688,5.658287149053649,always_best_self,0.010824578159821713,1.2448273839981994,0.010205381603193056,0.005135074793480687,0.016926668789132973,0.0,0.0,9.086921943527447,28.76281522890872,30.07242913840047,30.1274656955238,562.2440806387339,0.016926668789132973,0.0033428844317096467,0.4165870741801974,0.56314337259896,0.0,1.7434468852806961,0.0,0.0,0.020269553220842618,0.0,0.0,0.0,0.0,0.0,0.0
v1,3,0.7,10.469964770312052,18846,1.0,t1,spark,burstgpt,total,0.1,126.84204005568688,5.658287149053649,threshold,0.03143903215536453,1.2764557139998942,0.025213307257762968,0.010810810810810811,0.04674732038628887,48.44214252522215,96.88395905205563,9.06274256439874,29.84290036213389,72.44699761678567,101.80508869169641,48.64290875496536,0.04674732038628887,0.04064522975697761,0.3990236654993102,0.5135837843574234,0.027645123633662314,1.4680038204393506,0.09025787965616046,0.0,0.019579751671442217,0.0,0.0,0.0,0.0,0.06781279847182425,0.0
v1,3,0.7,10.469964770312052,18846,1.0,t1,spark,burstgpt,total,0.1,126.84204005568688,5.658287149053649,static_qc,0.40021755279634935,1.3380542999984755,0.39422467909776177,0.22709163346613545,0.5242491775443064,48.34754319957938,96.6947610373899,9.936716274361714,2.543231772060608,22.354544201344247,71.93477617827678,14.680638637521724,0.5242491775443064,0.014538894195054653,0.16205030245144858,0.29916162580919026,0.31056988220312004,0.02180834129258198,0.5989599915101348,0.0,0.016396052212671125,0.0038735010081714953,0.03693091372174467,0.32548020800169797,0.040379921468746686,0.1157274753263292,0.0
v1,3,0.7,10.469964770312052,18846,1.0,t1,spark,burstgpt,total,0.1,126.84204005568688,5.658287149053649,static_qc_fallback,0.3965562984187626,1.420834828997613,0.39309024629371775,0.21800796812749004,0.5292369733630479,48.3307062841759,96.66108731988939,9.878281830160471,2.3546433518829417,23.316740267057753,68.36125136827324,14.121826719489718,0.5292369733630479,0.015759312320916905,0.23660193144433833,0.21840178287169693,0.16613605009020482,0.04589833386394991,0.7135731720258941,0.0,0.016077682266794013,0.004191870954048604,0.08102515122572429,0.294492199936326,0.035710495595882415,0.11318051575931232,0.0003183699458771092
v1,3,0.7,10.469964770312052,18846,1.0,t1,spark,burstgpt,total,0.1,126.84204005568688,5.658287149053649,shortest_queue,0.4461158866602993,1.2804868450002687,0.4321732084847946,0.3748207171314741,0.6529236973363047,9.138338668068172,18.276615838367547,9.221617613169087,2.4518500564066983,16.937957098581528,27.96930651121145,16.481742652214393,0.6529236973363047,0.00026530828823092433,0.016979730446779157,0.3298312639286851,1.0423432028016555,0.0,0.0,0.04786161519685875,0.02159609466199724,0.010930701475114083,0.0,0.5728005942905656,0.0,0.0,0.0
v1,3,0.7,10.469964770312052,18846,1.0,t1,spark,burstgpt,total,0.1,126.84204005568688,5.658287149053649,capacity_greedy,0.5941048498355088,1.3098857869990752,0.5719631103346031,0.5064541832669323,0.8393823623049984,47.117475887591354,94.23463469132932,10.206421615112546,1.9343107484584223,16.943952491539488,30.046614384540945,14.332760451988179,0.8393823623049984,0.010240899925713679,0.1048498355088613,0.04552690226042662,0.022179772896105274,0.13366231561073968,0.0,0.015759312320916905,0.017085853762071525,0.006367398917542184,0.23883052106547809,0.39907672715695636,0.04043298312639287,0.13095617107078425,0.001114294810569882
v1,3,0.7,10.469964770312052,18846,1.0,t1,spark,burstgpt,total,0.1,126.84204005568688,5.658287149053649,batch_lp@2s,0.601029396158336,5.777902001002076,0.5785584922973114,0.5075697211155379,0.8451130213307864,47.4212305243982,94.84214192078235,10.165230903037074,3.0094130994264106,19.20168394962313,30.008934248580164,15.486747667045051,0.8451130213307864,0.008595988538681949,0.14533588029290034,0.0009551098376313276,0.009444975061020907,0.0,0.0012204181258622519,0.017828716969118114,0.015865435636209277,0.006314337259895999,0.2558633131699034,0.38225618168311576,0.03650642046057519,0.13891541971771199,0.0001591849729385546
v1,3,0.7,10.469964770312052,18846,1.0,t1,spark,burstgpt,total,0.1,126.84204005568688,5.658287149053649,A:knn_capacity_greedy,0.4689323994481588,3.47746702600125,0.451953269619396,0.41072999120492526,0.6695850578372068,48.60199579190157,97.20366450965884,9.707191971884283,1.6270335099494293,28.044166384352266,54.92819947347243,14.451671426329725,0.6695850578372068,0.018730765149103257,0.2114507057200467,0.10023347129364321,0.02159609466199724,0.3031943117903003,0.0,0.027645123633662314,0.017298100392656265,0.00971028334925183,0.24631221479359014,0.2782553326965934,0.03194311790300329,0.07481693728112067,0.002334712936432134
v1,3,0.7,10.469964770312052,18846,1.0,t1,spark,burstgpt,total,0.5,634.2102002784343,3.4872337036977115,oracle_unconstrained,0.9287912554388199,,,,,,,,,,,,,,,,,,,,,,,,,,
v1,3,0.7,10.469964770312052,18846,1.0,t1,spark,burstgpt,total,0.5,634.2102002784343,3.4872337036977115,predictor_unconstrained,0.8149739997877534,,,,,,,,,,,,,,,,,,,,,,,,,,
v1,3,0.7,10.469964770312052,18846,1.0,t1,spark,burstgpt,total,0.5,634.2102002784343,3.4872337036977115,fluid_ceiling,0.8870727815341041,,,,,,,,,,,,,,,,,,,,,,,,,,
v1,3,0.7,10.469964770312052,18846,1.0,t1,spark,burstgpt,total,0.5,634.2102002784343,3.4872337036977115,random,0.3270720577310835,1.0383566970012907,0.3084770480557644,0.23243243243243245,0.48264883794969754,223.74137765818705,447.4812496164856,9.357358945255319,3.3519618051622047,86.61781948157207,151.26410950287632,19.391128933088986,0.48264883794969754,0.08426191234214157,0.37716226254908203,0.05592698715907885,0.11482542714634406,0.03257985779475751,0.19754855141674627,0.04987795818741377,0.019102196752626553,0.00960416003395946,0.12145813435211716,0.1216703809827019,0.04165340125225512,0.10490289716650748,0.09864162156425767
v1,3,0.7,10.469964770312052,18846,1.0,t1,spark,burstgpt,total,0.5,634.2102002784343,3.4872337036977115,always_best_api,0.3202536347235488,1.458479688000807,0.2687066558650039,0.11351351351351352,0.36405603311047435,111.44087079039309,222.88099162336448,4.70279672687619,7.15606346642565,47.63265664095082,105.74501902144628,8.63879764774967,0.36405603311047435,0.04420036081927199,0.0,0.5917436060702537,1.8861827443489334,0.0,0.0,0.0,0.0,0.0,0.0,0.0,0.0,0.4082563939297464,0.0
v1,3,0.7,10.469964770312052,18846,1.0,t1,spark,burstgpt,total,0.5,634.2102002784343,3.4872337036977115,always_best_self,0.010824578159821713,1.2498561469983542,0.010205381603193056,0.005135074793480687,0.016926668789132973,0.0,0.0,9.086921943527447,28.76281522890872,30.07242913840047,30.1274656955238,562.2440806387339,0.016926668789132973,0.0033428844317096467,0.4165870741801974,0.56314337259896,0.0,1.7434468852806961,0.0,0.0,0.020269553220842618,0.0,0.0,0.0,0.0,0.0,0.0
v1,3,0.7,10.469964770312052,18846,1.0,t1,spark,burstgpt,total,0.5,634.2102002784343,3.4872337036977115,threshold,0.15950334288443171,1.290206085999671,0.10594941606392527,0.02702702702702703,0.20492412182956596,109.15133826271631,218.30194197575042,9.110313292774782,13.551884510414993,64.52313249895629,170.57885587487522,18.33769753887526,0.20492412182956596,0.05746577523081821,0.2826594502812268,0.454950652658389,0.7710389472567123,0.6635890905231879,0.0,0.0,0.02191446460787435,0.0,0.0,0.0,0.0,0.24047543245250982,0.0
v1,3,0.7,10.469964770312052,18846,1.0,t1,spark,burstgpt,total,0.5,634.2102002784343,3.4872337036977115,static_qc,0.5359227422264672,1.3032319970006938,0.5430207126432354,0.2515391380826737,0.6573808765785843,106.14418955418842,212.28766479573582,9.54264022921455,3.1298321332137675,34.06129931646556,96.85867479956147,13.52518807959018,0.6573808765785843,0.038628886766422586,0.09540486044784038,0.2085853762071527,0.6926138172556511,0.0,0.0,0.0,0.012840921150376737,0.0037143160352329408,0.008914358484559057,0.3629417382999045,0.050143266475644696,0.257455162899289,0.0
v1,3,0.7,10.469964770312052,18846,1.0,t1,spark,burstgpt,total,0.5,634.2102002784343,3.4872337036977115,static_qc_fallback,0.6110315186246418,1.3111252920025436,0.6052263551323613,0.39362549800796814,0.7888146025681843,119.72239805031495,239.44399041147543,9.912316859472385,2.926195906179146,30.347822684263747,83.591490545335,13.329821069548416,0.7888146025681843,0.042714634405178815,0.1353602886554176,0.033110474371219355,0.3984399872652022,0.010824578159821713,0.0,0.0,0.012575612862145813,0.003979624323463865,0.0648944073012841,0.43038310516820544,0.049771834872121404,0.2581449644486894,0.01177968799745304
v1,3,0.7,10.469964770312052,18846,1.0,t1,spark,burstgpt,total,0.5,634.2102002784343,3.4872337036977115,shortest_queue,0.4461158866602993,1.330453286998818,0.4321732084847946,0.3748207171314741,0.6529236973363047,9.138338668068172,18.276615838367547,9.221617613169087,2.4518500564066983,16.937957098581528,27.96930651121145,16.481742652214393,0.6529236973363047,0.00026530828823092433,0.016979730446779157,0.3298312639286851,1.0423432028016555,0.0,0.0,0.04786161519685875,0.02159609466199724,0.010930701475114083,0.0,0.5728005942905656,0.0,0.0,0.0
v1,3,0.7,10.469964770312052,18846,1.0,t1,spark,burstgpt,total,0.5,634.2102002784343,3.4872337036977115,capacity_greedy,0.6962750716332379,1.3195237290019577,0.672725701170282,0.5937848605577689,0.9612119282606388,67.93858269069642,135.8767081788966,10.231807545827305,2.0802094317780018,16.45764695064171,37.00425208925839,14.46600668226256,0.9612119282606388,0.013477661042130957,0.021755279634935794,0.0035551310622943862,0.027220630372492838,0.0,0.0,0.0,0.016396052212671125,0.0064204605751883685,0.24588772153242067,0.4682691287275815,0.04865754006155152,0.18343415048286107,0.0056245357104955955
v1,3,0.7,10.469964770312052,18846,1.0,t1,spark,burstgpt,total,0.5,634.2102002784343,3.4872337036977115,batch_lp@2s,0.7000955109837631,4.042796105997695,0.6756620034922066,0.5980876494023905,0.9639180728005943,65.16565309679754,130.33086765192868,10.098357194180007,3.0989346972860403,16.177419029544726,35.388451655121976,15.255174255008797,0.9639180728005943,0.013636846015069511,0.021224663058473946,0.0012204181258622519,0.012204181258622519,0.0,0.0,0.0,0.01666136050090205,0.0062082139446036294,0.273532845166083,0.444603629417383,0.04340443595457922,0.19149952244508117,0.0016449113870317309
v1,3,0.7,10.469964770312052,18846,1.0,t1,spark,burstgpt,total,0.5,634.2102002784343,3.4872337036977115,A:knn_capacity_greedy,0.6843361986628462,3.8168141940004716,0.6570166786110319,0.5892700087950747,0.9420036081927199,92.99259297913522,185.9845601511965,9.771015504690695,1.7870283496549746,22.710334017907602,65.07616259836132,13.904650296515456,0.9420036081927199,0.030457391488910114,0.021967526265520534,0.005571474052849411,0.03475538575825109,0.0,0.0,0.0003183699458771092,0.015865435636209277,0.009232728430436167,0.3345537514591956,0.3910113551947363,0.04764936856627401,0.16523400191021967,0.008595988538681949
v1,3,1.0,14.957092529017217,26923,1.0,t1,spark,burstgpt,total,0.1,181.20291436526696,5.658287149053649,oracle_unconstrained,0.9282769379341084,,,,,,,,,,,,,,,,,,,,,,,,,,
v1,3,1.0,14.957092529017217,26923,1.0,t1,spark,burstgpt,total,0.1,181.20291436526696,5.658287149053649,predictor_unconstrained,0.816216617761765,,,,,,,,,,,,,,,,,,,,,,,,,,
v1,3,1.0,14.957092529017217,26923,1.0,t1,spark,burstgpt,total,0.1,181.20291436526696,5.658287149053649,fluid_ceiling,0.8794824293170841,,,,,,,,,,,,,,,,,,,,,,,,,,
v1,3,1.0,14.957092529017217,26923,1.0,t1,spark,burstgpt,total,0.1,181.20291436526696,5.658287149053649,random,0.09811313746610704,2.259865838001133,0.08906426952433961,0.0599250936329588,0.15978902796865133,90.77717365687568,181.5527730665525,9.794348193526629,4.379588640077827,83.15916501970385,145.6174628838564,28.210055106625646,0.15978902796865133,0.02648293280837945,0.435538387252535,0.3781896519704342,0.020428629796085132,0.2841436689819114,1.1390261115031757,0.03346580990231401,0.015154329012368607,0.007391449689856257,0.03116294617984623,0.02982579950228429,0.012591464547041563,0.029008654310440887,0.027671507632878952
v1,3,1.0,14.957092529017217,26923,1.0,t1,spark,burstgpt,total,0.1,181.20291436526696,5.658287149053649,always_best_api,0.12212606321732347,2.531827938000788,0.09902502355119729,0.033707865168539325,0.139286112246035,90.75694517983356,181.51231646326818,4.486714320233121,7.1894347756783645,71.96658300802927,206.572744634511,8.640246615950119,0.139286112246035,0.027597221706347732,0.0,0.8331166660476172,0.995245700702002,0.0,1.5635330386658248,0.0,0.0,0.0,0.0,0.0,0.0,0.16688333395238272,0.0
v1,3,1.0,14.957092529017217,26923,1.0,t1,spark,burstgpt,total,0.1,181.20291436526696,5.658287149053649,always_best_self,0.007670021914348327,2.1547990209983254,0.0077472996689542,0.0032001248829222604,0.012517178620510345,0.0,0.0,9.424061691517862,29.108547811196587,30.051636714629645,30.108920916679224,537.7009690839118,0.012517178620510345,0.002117148906139732,0.31864948185566244,0.6667161906176875,0.0,2.0672659064740184,0.0,0.0,0.014634327526650077,0.0,0.0,0.0,0.0,0.0,0.0
v1,3,1.0,14.957092529017217,26923,1.0,t1,spark,burstgpt,total,0.1,181.20291436526696,5.658287149053649,threshold,0.02990008542881551,2.163050817001931,0.02393054543646443,0.006790123456790123,0.04431155517587193,71.98041130555794,143.9595743351859,9.01275136986032,29.919844000246997,72.97570872600978,103.39588573202349,44.90900568746156,0.04431155517587193,0.040782973665639044,0.30553801582290235,0.6093674553355867,0.04769156483304238,1.782862236749248,0.0637373249637856,0.0,0.014114326040931546,0.0,0.0,0.0,0.0,0.07098020280057943,0.0
v1,3,1.0,14.957092529017217,26923,1.0,t1,spark,burstgpt,total,0.1,181.20291436526696,5.658287149053649,static_qc,0.3842439549827285,2.2688366740003403,0.3750411647747911,0.2124022346368715,0.5008728596367418,67.78061131325194,135.56004718301742,9.942085863230698,2.5465723437661154,19.893217133059277,75.4700216726515,14.110211646338712,0.5008728596367418,0.013742896408275453,0.15551758719310627,0.3298666567618765,0.41614976042788693,0.06184303383723953,0.5514987185677673,0.0,0.010362886751105003,0.0027114363183894812,0.037922965494187125,0.31177803365152473,0.035285815102328866,0.11655461872748207,0.0
v1,3,1.0,14.957092529017217,26923,1.0,t1,spark,burstgpt,total,0.1,181.20291436526696,5.658287149053649,static_qc_fallback,0.4214240612116035,2.19244328700006,0.40574752755871546,0.23162011173184358,0.5646101846005275,74.45039437819105,148.89949764629262,10.399007527836913,2.298949168604281,21.265605355814593,70.57778081117712,13.685208117435195,0.5646101846005275,0.016862905322586635,0.224566355903874,0.19396055417301192,0.24038925825502358,0.07231734947814136,0.588418824053783,0.0,0.01054860156743305,0.003380009657170449,0.10890316829476655,0.3048694424841214,0.03268580767373621,0.12015748616424618,0.0009285740816402332
v1,3,1.0,14.957092529017217,26923,1.0,t1,spark,burstgpt,total,0.1,181.20291436526696,5.658287149053649,shortest_queue,0.3571481632804665,2.2512622730027942,0.34434346524273995,0.2846441947565543,0.5188871968205624,10.520708487852971,21.04123452680167,9.225882479315642,2.4465626390572766,16.775135376769832,27.61757143535725,16.356053703782187,0.5188871968205624,0.00011142888979682799,0.011774319355198157,0.46922705493444267,1.4672213349180998,0.0,0.0,0.035100100286000815,0.014114326040931546,0.007948594138840397,0.0,0.4618356052445864,0.0,0.0,0.0
v1,3,1.0,14.957092529017217,26923,1.0,t1,spark,burstgpt,total,0.1,181.20291436526696,5.658287149053649,capacity_greedy,0.5610630316086618,2.179018568000174,0.5319790344088079,0.449438202247191,0.7912936894105411,63.55750921151048,127.11391621608048,10.047907247432102,1.765959175993558,15.314872629790553,30.05856096377752,13.447286973253938,0.7912936894105411,0.009731456375589644,0.1226089217397764,0.07636593247409278,0.020762916465475616,0.23492924265497903,0.0,0.01058574453069866,0.01058574453069866,0.004382869665341901,0.277903651153289,0.3379638227537793,0.0338372395349701,0.12439178397652564,0.0013742896408275452
v1,3,1.0,14.957092529017217,26923,1.0,t1,spark,burstgpt,total,0.1,181.20291436526696,5.658287149053649,batch_lp@2s,0.5801545147271849,10.057039867002459,0.5465282227771525,0.4700374531835206,0.8125766073617353,64.72727511617813,129.4534277394714,10.02757455423377,2.876001575274131,21.19798377685006,30.055314979780597,15.00833558370698,0.8125766073617353,0.008654310440886975,0.17817479478512796,0.0005942874122497493,0.007020020057200163,0.0,0.00022285777959365599,0.012962894179697657,0.011217174906214017,0.004605727444935557,0.30189800542287265,0.32700664859042455,0.02882293949411284,0.13445752702150576,0.0002600007428592653
v1,3,1.0,14.957092529017217,26923,1.0,t1,spark,burstgpt,total,0.1,181.20291436526696,5.658287149053649,A:knn_capacity_greedy,0.48672139063254466,5.028799629999412,0.4665794132593954,0.4074074074074074,0.687776250789288,73.01148245936383,146.0216987620815,9.148688603716616,1.5509839799936458,24.64570600745831,57.54119184868483,13.55251497332597,0.687776250789288,0.018422909779742227,0.1667719050625859,0.12702893436838392,0.024365783902239722,0.39427255506444303,0.0,0.016825762359321025,0.012182891951119861,0.0069085911674033355,0.2862236749247855,0.2757865022471493,0.029008654310440887,0.07632878951082718,0.0029342940979831373
v1,3,1.0,14.957092529017217,26923,1.0,t1,spark,burstgpt,total,0.5,906.0145718263348,3.4872337036977115,oracle_unconstrained,0.9282769379341084,,,,,,,,,,,,,,,,,,,,,,,,,,
v1,3,1.0,14.957092529017217,26923,1.0,t1,spark,burstgpt,total,0.5,906.0145718263348,3.4872337036977115,predictor_unconstrained,0.816216617761765,,,,,,,,,,,,,,,,,,,,,,,,,,
v1,3,1.0,14.957092529017217,26923,1.0,t1,spark,burstgpt,total,0.5,906.0145718263348,3.4872337036977115,fluid_ceiling,0.8794824293170841,,,,,,,,,,,,,,,,,,,,,,,,,,
v1,3,1.0,14.957092529017217,26923,1.0,t1,spark,burstgpt,total,0.5,906.0145718263348,3.4872337036977115,random,0.3590610258886454,1.6362661420025688,0.33949873936170966,0.28277153558052437,0.5111986034245812,305.8293170371471,611.6533304178101,9.469595554596125,2.779863336424625,86.11423960730792,144.88899998934022,17.271993815803285,0.5111986034245812,0.07974594213126324,0.35438101251717863,0.05467444192697694,0.18567767336478105,0.07933736953534153,0.09189169111911748,0.03350295286557962,0.014782899379712514,0.007540021542918694,0.14322326635218957,0.14794042268692195,0.04056011588604539,0.10700887716822048,0.09638598967425621
v1,3,1.0,14.957092529017217,26923,1.0,t1,spark,burstgpt,total,0.5,906.0145718263348,3.4872337036977115,always_best_api,0.2659064740184972,2.5146513860017876,0.2211563428577524,0.07677902621722846,0.30323515210043456,117.80311721988255,235.60419151179295,4.6477943957429755,6.641663081518232,44.496328583663654,92.78640103376607,7.981908195827941,0.30323515210043456,0.031014374326783792,0.0,0.6657504735727816,2.108011737176392,0.0,0.0,0.0,0.0,0.0,0.0,0.0,0.0,0.3342495264272184,0.0
v1,3,1.0,14.957092529017217,26923,1.0,t1,spark,burstgpt,total,0.5,906.0145718263348,3.4872337036977115,always_best_self,0.007670021914348327,2.2935635180001555,0.0077472996689542,0.0032001248829222604,0.012517178620510345,0.0,0.0,9.424061691517862,29.108547811196587,30.051636714629645,30.108920916679224,537.7009690839118,0.012517178620510345,0.002117148906139732,0.31864948185566244,0.6667161906176875,0.0,2.0672659064740184,0.0,0.0,0.014634327526650077,0.0,0.0,0.0,0.0,0.0,0.0
v1,3,1.0,14.957092529017217,26923,1.0,t1,spark,burstgpt,total,0.5,906.0145718263348,3.4872337036977115,threshold,0.13716896333989526,2.40039617200091,0.08859276442727326,0.016853932584269662,0.17501764290755117,119.69733300327789,239.39259022931358,9.31466070095762,11.762217120558631,64.50422485923455,143.26161905452062,15.803331214536172,0.17501764290755117,0.04271440775545073,0.23106637447535563,0.5512015748616425,0.8945139843256695,0.8349366712476322,0.0,0.0,0.015637187534821528,0.0,0.0,0.0,0.0,0.20209486312818037,0.0
v1,3,1.0,14.957092529017217,26923,1.0,t1,spark,burstgpt,total,0.5,906.0145718263348,3.4872337036977115,static_qc,0.4839542398692568,2.3170281750026334,0.49464098885647273,0.23148148148148148,0.5937674107640307,121.23601477229568,242.46992708370868,9.890631141051488,3.0592879498622096,29.680062128384954,86.96991536759198,12.892358334781761,0.5937674107640307,0.030345800988002825,0.09928314080897374,0.2766036474389927,0.9074397355421016,0.0,0.0,0.0,0.00887716822048063,0.0026371503918582624,0.008691453404152583,0.34342383835382384,0.040745830702373434,0.2197377706793448,0.0
v1,3,1.0,14.957092529017217,26923,1.0,t1,spark,burstgpt,total,0.5,906.0145718263348,3.4872337036977115,static_qc_fallback,0.571685919102626,2.2895942450013536,0.5540668170093374,0.36245810055865924,0.7439364112468893,153.65769052090764,307.3127163279986,9.743363868039363,2.7864496312946585,28.725453941460156,82.02339344517748,12.469753187720016,0.7439364112468893,0.03580581658804739,0.15317758050737287,0.06708019165769045,0.5923188351966719,0.02663150466144189,0.0,0.0,0.008765739330683801,0.0028228652081863093,0.09322883779667943,0.395795416558333,0.04022582921665491,0.21851205289157968,0.020391486832819522
v1,3,1.0,14.957092529017217,26923,1.0,t1,spark,burstgpt,total,0.5,906.0145718263348,3.4872337036977115,shortest_queue,0.3571481632804665,2.3248945680024917,0.34434346524273995,0.2846441947565543,0.5188871968205624,10.520708487852971,21.04123452680167,9.225882479315642,2.4465626390572766,16.775135376769832,27.61757143535725,16.356053703782187,0.5188871968205624,0.00011142888979682799,0.011774319355198157,0.46922705493444267,1.4672213349180998,0.0,0.0,0.035100100286000815,0.014114326040931546,0.007948594138840397,0.0,0.4618356052445864,0.0,0.0,0.0
v1,3,1.0,14.957092529017217,26923,1.0,t1,spark,burstgpt,total,0.5,906.0145718263348,3.4872337036977115,capacity_greedy,0.6970248486424246,2.2298592180013657,0.6590003731765305,0.548689138576779,0.9668313338038109,102.53573277175565,205.06968738074644,10.030728486448979,1.9044394401656959,16.32121829592007,38.19644236854611,13.685190523908261,0.9668313338038109,0.014485755673587638,0.015414329755227872,0.003268580767373621,0.030085800245143558,0.0,0.0,0.0,0.010474315640901831,0.004048582995951417,0.3244066411618319,0.4047468707053449,0.03833153809010883,0.18890911116888906,0.010400029714370613
v1,3,1.0,14.957092529017217,26923,1.0,t1,spark,burstgpt,total,0.5,906.0145718263348,3.4872337036977115,batch_lp@2s,0.700330572373064,5.875190168997506,0.6632430804605459,0.5749063670411985,0.9685770530772945,98.16959560539726,196.33748876507315,10.37059697536347,2.8987625367633854,16.29130750940079,38.02777921424208,14.52617989210107,0.9685770530772945,0.014671470489915685,0.015414329755227872,0.0013371466775619358,0.012145748987854251,0.0,0.0,0.0,0.010994317126620362,0.004531441518404338,0.356721019202912,0.37607250306429446,0.033205809159454744,0.1970062771607919,0.004717156334732385
v1,3,1.0,14.957092529017217,26923,1.0,t1,spark,burstgpt,total,0.5,906.0145718263348,3.4872337036977115,A:knn_capacity_greedy,0.6866805333729525,4.8260612140002195,0.6564774319285277,0.582716049382716,0.9502655721873491,122.09994674517657,244.19777604726258,9.909778996164471,1.6375599928172733,20.793539932693392,63.3238386086783,13.287087499876861,0.9502655721873491,0.027002934294097985,0.015525758645024701,0.00720573487352821,0.04401441146974706,0.0,0.0,0.00033428666939048395,0.01106860305315158,0.007391449689856257,0.391709690599116,0.36615533187237675,0.037922965494187125,0.15299186569104484,0.009694313412324036
v1,3,1.3,19.444220287722384,35000,1.0,t1,spark,burstgpt,total,0.1,235.56378867484705,5.658287149053649,oracle_unconstrained,0.9282571428571429,,,,,,,,,,,,,,,,,,,,,,,,,,
v1,3,1.3,19.444220287722384,35000,1.0,t1,spark,burstgpt,total,0.1,235.56378867484705,5.658287149053649,predictor_unconstrained,0.8156428571428571,,,,,,,,,,,,,,,,,,,,,,,,,,
v1,3,1.3,19.444220287722384,35000,1.0,t1,spark,burstgpt,total,0.1,235.56378867484705,5.658287149053649,fluid_ceiling,0.8789021690251975,,,,,,,,,,,,,,,,,,,,,,,,,,
v1,3,1.3,19.444220287722384,35000,1.0,t1,spark,burstgpt,total,0.1,235.56378867484705,5.658287149053649,random,0.101,3.0572662109989324,0.10004898911235714,0.08041716945354249,0.15594285714285713,117.88101673730307,235.75931559574047,9.478902487947572,3.346842679795941,84.61078861906411,144.30384402959712,22.951811818746933,0.15594285714285713,0.02602857142857143,0.4274,0.39062857142857144,0.04242857142857143,0.31674285714285716,1.1182571428571428,0.023142857142857142,0.010571428571428572,0.0054285714285714284,0.0366,0.03757142857142857,0.010085714285714286,0.029857142857142856,0.028714285714285713
v1,3,1.3,19.444220287722384,35000,1.0,t1,spark,burstgpt,total,0.1,235.56378867484705,5.658287149053649,always_best_api,0.12462857142857142,3.2411463190001086,0.09953989383246886,0.026509572901325478,0.14054285714285714,111.16992247611051,222.33728180514987,4.755754233026568,6.449884154583657,71.07194705131694,205.30381920270264,7.709682021150684,0.14054285714285714,0.026514285714285716,0.0,0.8329428571428571,1.2212285714285713,0.0,1.3375142857142857,0.0,0.0,0.0,0.0,0.0,0.0,0.16705714285714285,0.0
v1,3,1.3,19.444220287722384,35000,1.0,t1,spark,burstgpt,total,0.1,235.56378867484705,5.658287149053649,always_best_self,0.006214285714285714,2.9917608779978764,0.006391784287353089,0.002594111969111969,0.009714285714285713,0.0,0.0,8.87281896006306,17.921312790563434,30.041234526475556,30.076802707586957,613.0755364643084,0.009714285714285713,0.001257142857142857,0.2545428571428571,0.7344857142857143,0.0,2.312114285714286,0.0,0.0,0.010971428571428571,0.0,0.0,0.0,0.0,0.0,0.0
v1,3,1.3,19.444220287722384,35000,1.0,t1,spark,burstgpt,total,0.1,235.56378867484705,5.658287149053649,threshold,0.029114285714285714,3.061709551999229,0.02344099508456431,0.006103286384976526,0.043114285714285716,95.65598626015708,191.30976706441783,9.40139036679611,29.90437679158765,71.1993796441427,102.3710642980759,43.65282924986174,0.043114285714285716,0.04122857142857143,0.2472,0.6684571428571429,0.04171428571428572,2.0018857142857143,0.06222857142857143,0.0,0.010942857142857143,0.0,0.0,0.0,0.0,0.0734,0.0
v1,3,1.3,19.444220287722384,35000,1.0,t1,spark,burstgpt,total,0.1,235.56378867484705,5.658287149053649,static_qc,0.3999857142857143,2.8655559530016035,0.3866871346906216,0.20422535211267606,0.5208,92.29686205830149,184.59159610907727,9.937443713724946,2.5784160442472057,19.37895510937525,77.40946740144427,13.99834986076479,0.5208,0.014542857142857142,0.147,0.31765714285714286,0.44502857142857144,0.09265714285714285,0.4616857142857143,0.0,0.008257142857142857,0.002085714285714286,0.04102857142857143,0.3264285714285714,0.03282857142857143,0.12471428571428571,0.0
v1,3,1.3,19.444220287722384,35000,1.0,t1,spark,burstgpt,total,0.1,235.56378867484705,5.658287149053649,static_qc_fallback,0.4243142857142857,2.8560914089975995,0.40857613644799445,0.22901223926909153,0.5695714285714286,100.87341555184503,201.74450535411796,10.348667999439625,2.3304654755566503,21.056400557890314,74.10619750451873,13.680734879050647,0.5695714285714286,0.01814285714285714,0.2098,0.2024857142857143,0.23594285714285715,0.09734285714285715,0.5860571428571428,0.0,0.008457142857142858,0.0021142857142857144,0.11071428571428571,0.31182857142857145,0.029914285714285713,0.12417142857142857,0.0005142857142857143
v1,3,1.3,19.444220287722384,35000,1.0,t1,spark,burstgpt,total,0.1,235.56378867484705,5.658287149053649,shortest_queue,0.3075,2.8928096979980182,0.2939714807468386,0.24005891016200295,0.4427142857142857,11.897766088379285,23.795257860436102,9.093670146463078,2.420265299368907,8.494596965860069,26.56576517269787,16.522730325223193,0.4427142857142857,2.857142857142857e-05,0.007828571428571428,0.5494285714285714,1.7146,0.0,0.0,0.02522857142857143,0.010685714285714286,0.0057714285714285714,0.0,0.40105714285714283,0.0,0.0,0.0
v1,3,1.3,19.444220287722384,35000,1.0,t1,spark,burstgpt,total,0.1,235.56378867484705,5.658287149053649,capacity_greedy,0.5943,2.866130634000001,0.5604262707950474,0.47717231222385864,0.8428285714285715,86.19846594487899,172.39494448758475,9.973323895187837,1.7465840586210106,13.491921805821903,30.02801272392805,13.186998063576993,0.8428285714285715,0.008914285714285715,0.08248571428571429,0.06577142857142858,0.021914285714285716,0.21425714285714287,0.0,0.010685714285714286,0.00877142857142857,0.0031142857142857144,0.309,0.3563142857142857,0.02977142857142857,0.13314285714285715,0.0009428571428571429
v1,3,1.3,19.444220287722384,35000,1.0,t1,spark,burstgpt,total,0.1,235.56378867484705,5.658287149053649,batch_lp@2s,0.6291142857142857,14.866579647001345,0.5911851596010881,0.49779086892488955,0.8898857142857143,88.04710044768217,176.09217087085224,9.513135927129323,2.8375104029802856,17.97450552555966,29.919301002971064,14.485798328074821,0.8898857142857143,0.008742857142857142,0.10025714285714285,0.0011142857142857144,0.009,0.0,0.0074285714285714285,0.011142857142857144,0.008314285714285715,0.0035714285714285713,0.3768,0.33534285714285716,0.025028571428571428,0.13822857142857142,0.0002
v1,3,1.3,19.444220287722384,35000,1.0,t1,spark,burstgpt,total,0.1,235.56378867484705,5.658287149053649,A:knn_capacity_greedy,0.5086142857142857,5.34020776500256,0.4840290875968356,0.428169014084507,0.7181714285714286,103.70347779479198,207.40456458975723,9.812285948319351,1.6128108323147217,22.347327949151154,61.17439857824907,13.414645220772968,0.7181714285714286,0.018742857142857144,0.10425714285714285,0.15882857142857143,0.019314285714285714,0.49397142857142856,0.0,0.012371428571428571,0.0088,0.0058,0.29122857142857145,0.3041714285714286,0.02697142857142857,0.08468571428571428,0.0028857142857142857
v1,3,1.3,19.444220287722384,35000,1.0,t1,spark,burstgpt,total,0.5,1177.8189433742352,3.4872337036977115,oracle_unconstrained,0.9282571428571429,,,,,,,,,,,,,,,,,,,,,,,,,,
v1,3,1.3,19.444220287722384,35000,1.0,t1,spark,burstgpt,total,0.5,1177.8189433742352,3.4872337036977115,predictor_unconstrained,0.8156428571428571,,,,,,,,,,,,,,,,,,,,,,,,,,
v1,3,1.3,19.444220287722384,35000,1.0,t1,spark,burstgpt,total,0.5,1177.8189433742352,3.4872337036977115,fluid_ceiling,0.8789021690251977,,,,,,,,,,,,,,,,,,,,,,,,,,
v1,3,1.3,19.444220287722384,35000,1.0,t1,spark,burstgpt,total,0.5,1177.8189433742352,3.4872337036977115,random,0.37532857142857146,2.2146945599997707,0.3521413043878247,0.2768777614138439,0.5297428571428572,390.0313520807176,780.0537115517843,9.633731366653567,2.6061741128219182,83.60313743877963,142.12939675766805,16.04294344447362,0.5297428571428572,0.07782857142857143,0.3414,0.05102857142857143,0.2570857142857143,0.10962857142857142,0.0,0.024285714285714285,0.010914285714285715,0.005914285714285714,0.16431428571428572,0.16622857142857142,0.0336,0.10817142857142857,0.09414285714285714
v1,3,1.3,19.444220287722384,35000,1.0,t1,spark,burstgpt,total,0.5,1177.8189433742352,3.4872337036977115,always_best_api,0.22617142857142858,3.1634252930016373,0.18185247047339673,0.05154639175257732,0.2552285714285714,116.73780785367126,233.47292418643804,4.754105569725042,6.129767656279796,42.533779566756856,96.60322169789939,7.339298498641824,0.2552285714285714,0.02142857142857143,0.0,0.7233428571428572,2.2692,0.0,0.0,0.0,0.0,0.0,0.0,0.0,0.0,0.2766571428571429,0.0
v1,3,1.3,19.444220287722384,35000,1.0,t1,spark,burstgpt,total,0.5,1177.8189433742352,3.4872337036977115,always_best_self,0.006214285714285714,2.976506999999401,0.006391784287353089,0.002594111969111969,0.009714285714285713,0.0,0.0,8.87281896006306,17.921312790563434,30.041234526475556,30.076802707586957,613.0755364643084,0.009714285714285713,0.001257142857142857,0.2545428571428571,0.7344857142857143,0.0,2.312114285714286,0.0,0.0,0.010971428571428571,0.0,0.0,0.0,0.0,0.0,0.0
v1,3,1.3,19.444220287722384,35000,1.0,t1,spark,burstgpt,total,0.5,1177.8189433742352,3.4872337036977115,threshold,0.12232857142857143,2.9910699860010936,0.0762811571191515,0.008836524300441826,0.15522857142857144,118.91852180380374,237.83430180790052,9.255748979367363,9.983214298861057,57.439942682914044,142.78735462645002,13.2739256103159,0.15522857142857144,0.030314285714285714,0.2122,0.6022571428571428,0.9758857142857142,0.9166857142857143,0.0,0.0,0.011485714285714285,0.0,0.0,0.0,0.0,0.17405714285714285,0.0
v1,3,1.3,19.444220287722384,35000,1.0,t1,spark,burstgpt,total,0.5,1177.8189433742352,3.4872337036977115,static_qc,0.44415714285714286,2.9799970999993093,0.45257099756113667,0.19014084507042253,0.5456,129.03441042775194,258.06584582265504,9.611301456934662,3.032774941959815,24.660949685841295,81.44174418665492,12.42457028574745,0.5456,0.023114285714285716,0.10168571428571428,0.3296,1.0666857142857142,0.0017428571428571428,0.0,0.0,0.006828571428571429,0.002,0.008657142857142856,0.3220857142857143,0.03434285714285714,0.1948,0.0
v1,3,1.3,19.444220287722384,35000,1.0,t1,spark,burstgpt,total,0.5,1177.8189433742352,3.4872337036977115,static_qc_fallback,0.5380571428571429,3.1240321720033535,0.5081560205290941,0.3432166867781417,0.7053714285714285,179.33529435170385,358.66645392734387,9.628642456551185,2.6693771735007203,26.589454654846914,78.35602520474313,12.059883793569838,0.7053714285714285,0.030485714285714286,0.16237142857142858,0.10177142857142857,0.7499428571428571,0.04705714285714286,0.0,0.0,0.006914285714285714,0.0020285714285714286,0.1178,0.35528571428571426,0.034542857142857146,0.1939142857142857,0.025371428571428573
v1,3,1.3,19.444220287722384,35000,1.0,t1,spark,burstgpt,total,0.5,1177.8189433742352,3.4872337036977115,shortest_queue,0.3075,3.153895752999233,0.2939714807468386,0.24005891016200295,0.4427142857142857,11.897766088379285,23.795257860436102,9.093670146463078,2.420265299368907,8.494596965860069,26.56576517269787,16.522730325223193,0.4427142857142857,2.857142857142857e-05,0.007828571428571428,0.5494285714285714,1.7146,0.0,0.0,0.02522857142857143,0.010685714285714286,0.0057714285714285714,0.0,0.40105714285714283,0.0,0.0,0.0
v1,3,1.3,19.444220287722384,35000,1.0,t1,spark,burstgpt,total,0.5,1177.8189433742352,3.4872337036977115,capacity_greedy,0.6951571428571428,2.69050585900186,0.6562046713080277,0.5537555228276878,0.9726571428571429,128.8814810233289,257.7599905397676,10.033529131690683,1.7451887414185308,15.711972899635384,36.59238878965319,13.167742712466975,0.9726571428571429,0.013228571428571428,0.009571428571428571,0.004542857142857143,0.035371428571428574,0.0,0.0,0.0,0.008457142857142858,0.003085714285714286,0.38265714285714286,0.36634285714285714,0.03145714285714286,0.18048571428571428,0.0134
v1,3,1.3,19.444220287722384,35000,1.0,t1,spark,burstgpt,total,0.5,1177.8189433742352,3.4872337036977115,batch_lp@2s,0.6989857142857143,6.451835092997499,0.6604533830364101,0.5655375552282769,0.9748285714285714,122.75083334905867,245.49883654017557,9.572102978693925,2.746924440948078,15.026337244138006,35.50659136626316,14.089945637864503,0.9748285714285714,0.0142,0.009228571428571428,0.0017428571428571428,0.0166,0.0,0.0,0.0,0.008142857142857143,0.003514285714285714,0.42557142857142854,0.3302,0.0264,0.18974285714285713,0.0054571428571428575
v1,3,1.3,19.444220287722384,35000,1.0,t1,spark,burstgpt,total,0.5,1177.8189433742352,3.4872337036977115,A:knn_capacity_greedy,0.6882,5.320432051998068,0.6532373297887494,0.5784037558685446,0.9601428571428572,148.25115240392915,296.4988867115008,9.738323186404306,1.4886895440184844,18.296206883800046,58.379831337111405,12.852791567163194,0.9601428571428572,0.023514285714285713,0.008857142857142857,0.007485714285714286,0.05097142857142857,0.0,0.0,0.0004,0.0082,0.005228571428571429,0.44885714285714284,0.3352,0.03157142857142857,0.14222857142857143,0.011971428571428572
v1,4,0.3,4.487127758705165,8077,1.0,t1,spark,burstgpt,total,0.1,54.36087430958008,5.5140983663877705,oracle_unconstrained,0.9281292559118485,,,,,,,,,,,,,,,,,,,,,,,,,,
v1,4,0.3,4.487127758705165,8077,1.0,t1,spark,burstgpt,total,0.1,54.36087430958008,5.5140983663877705,predictor_unconstrained,0.8120589327720689,,,,,,,,,,,,,,,,,,,,,,,,,,
v1,4,0.3,4.487127758705165,8077,1.0,t1,spark,burstgpt,total,0.1,54.36087430958008,5.5140983663877705,fluid_ceiling,0.8840053689954858,,,,,,,,,,,,,,,,,,,,,,,,,,
v1,4,0.3,4.487127758705165,8077,1.0,t1,spark,burstgpt,total,0.1,54.36087430958008,5.5140983663877705,random,0.09137055837563451,0.6192446659988491,0.09257434723025132,0.05838243170862346,0.16825554042342453,18.709892504190066,37.418997259451196,9.271065739204088,1.585597544413294,60.939536518791265,137.70356406286666,68.39026060401147,0.16825554042342453,0.02265692707688498,0.5934133960628947,0.21567413643679584,0.006685650612851307,0.0019809335149189055,1.0945895753373778,0.05806611365606042,0.03726631174941191,0.01782840163427015,0.016095084808716107,0.01621889315339854,0.01015228426395939,0.0164665098427634,0.018818868391729603
v1,4,0.3,4.487127758705165,8077,1.0,t1,spark,burstgpt,total,0.1,54.36087430958008,5.5140983663877705,always_best_api,0.13043209112294168,0.7296114500022668,0.11601627223010973,0.031333690412426354,0.14634146341463414,18.136846234148834,36.27292884652956,4.15975794244031,6.6315039960802835,49.412279659083886,141.29676614273075,8.02376184334249,0.14634146341463414,0.014361767983162065,0.0,0.8392967686022038,0.7568404110437044,0.0,1.8137922495976229,0.0,0.0,0.0,0.0,0.0,0.0,0.16070323139779621,0.0
v1,4,0.3,4.487127758705165,8077,1.0,t1,spark,burstgpt,total,0.1,54.36087430958008,5.5140983663877705,always_best_self,0.018633155874705955,0.6132200760002888,0.01844944405383377,0.005623995715050884,0.03553299492385787,0.0,0.0,8.84749852223398,0.06400000303983688,29.875005865566823,30.062258452166212,556.5431896309275,0.03553299492385787,0.0014857001361891792,0.3472824068342206,0.6156988981057323,0.0,1.9304197102884735,0.0,0.0,0.03701869506004705,0.0,0.0,0.0,0.0,0.0,0.0
v1,4,0.3,4.487127758705165,8077,1.0,t1,spark,burstgpt,total,0.1,54.36087430958008,5.5140983663877705,threshold,0.03379967809830382,0.6369180410001718,0.02931456024170905,0.00392156862745098,0.05583756345177665,17.114749961532652,34.22877933496208,9.008212660983116,24.10976245546044,70.64033905485131,101.35955463878717,74.07587639461929,0.05583756345177665,0.03181874458338492,0.34393958152779497,0.5684041104370434,0.0,1.6608889439148198,0.1207131360653708,0.0,0.03714250340472948,0.0,0.0,0.0,0.0,0.05051380463043209,0.0
v1,4,0.3,4.487127758705165,8077,1.0,t1,spark,burstgpt,total,0.1,54.36087430958008,5.5140983663877705,static_qc,0.36969171722174077,0.7156237019989931,0.37053019012769006,0.1843137254901961,0.4853287111551319,15.73193750547216,31.463212643861393,9.893384046823975,2.1583601453960455,16.432861889301762,43.37425822256836,16.64593450166035,0.4853287111551319,0.010276092608641823,0.1438652965209855,0.3605298997152408,0.13680822087408692,0.0,0.9562956543271016,0.0,0.029342577689736287,0.01547604308530395,0.050018571251702365,0.2918162684164913,0.03479014485576328,0.07416119846477652,0.0
v1,4,0.3,4.487127758705165,8077,1.0,t1,spark,burstgpt,total,0.1,54.36087430958008,5.5140983663877705,static_qc_fallback,0.36628698774297386,0.6599960419989657,0.37244181774166857,0.24464944649446493,0.48384301101894267,16.919595515562833,33.83847865967605,9.876208748297953,2.1896537736592308,19.53717860945403,65.68497582369422,16.222590913923504,0.48384301101894267,0.012752259502290454,0.2530642565308902,0.2503404729478767,0.042961495604803765,0.007799925714993191,0.9060294663860344,0.0,0.02959019437910115,0.01547604308530395,0.048285254426148325,0.2945400519995048,0.032313977962114646,0.0763897486690603,0.0
v1,4,0.3,4.487127758705165,8077,1.0,t1,spark,burstgpt,total,0.1,54.36087430958008,5.5140983663877705,shortest_queue,0.4587718212207503,0.6135062120010844,0.4353363177511847,0.3843137254901961,0.692212455119475,3.911647701459515,7.823130709493534,9.497829188059896,2.3057411273077832,9.629036377913508,26.114345654739676,17.67111452381141,0.692212455119475,0.0,0.008418967438405348,0.2993685774421196,0.9888572489785812,0.0,0.0,0.05596137179645908,0.036894886715364617,0.018323635012999877,0.0,0.5810325615946514,0.0,0.0,0.0
v1,4,0.3,4.487127758705165,8077,1.0,t1,spark,burstgpt,total,0.1,54.36087430958008,5.5140983663877705,capacity_greedy,0.49579051628079734,0.6815309929988871,0.48334108942081605,0.4235294117647059,0.6854029961619413,14.08712007253962,28.173647030300714,9.875246780931938,1.9080768167277142,15.380066007264972,30.059756178898798,15.659466320713193,0.6854029961619413,0.009657050885229664,0.1323511204655194,0.17258883248730963,0.01634270149808097,0.5516899839049152,0.0,0.020552185217283647,0.029094961000371424,0.01547604308530395,0.13730345425281665,0.3765011761792745,0.039247245264330814,0.07651355701374273,0.0003714250340472948
v1,4,0.3,4.487127758705165,8077,1.0,t1,spark,burstgpt,total,0.1,54.36087430958008,5.5140983663877705,batch_lp@2s,0.5107713259873715,3.5958543570013717,0.4977893785496263,0.4117647058823529,0.7053361396558128,13.902856687998792,27.805128019322627,10.009127819702574,2.9512179897612896,15.756533628451777,28.542344774304922,16.57468508103193,0.7053361396558128,0.004580908753249969,0.2884734431100656,0.0016095084808716107,0.009409434195864801,0.0,0.0014857001361891792,0.02092361025133094,0.029342577689736287,0.015971276464033676,0.1585984895381949,0.37055837563451777,0.03540918657917544,0.07886591556270893,0.0002476166893648632
v1,4,0.3,4.487127758705165,8077,1.0,t1,spark,burstgpt,total,0.1,54.36087430958008,5.5140983663877705,A:knn_capacity_greedy,0.39290578184969666,3.221251228998881,0.37884608465876646,0.31176470588235294,0.563699393339111,16.366530176794186,32.73237126803568,9.433489522479658,1.6613908463491782,27.288094236513757,53.84380401297074,16.14166533118464,0.563699393339111,0.014609384672526928,0.24093103875201188,0.18076018323635012,0.005695183855391853,0.5934133960628947,0.0,0.029961619413148448,0.033180636374891666,0.016095084808716107,0.16119846477652594,0.25145474805001855,0.024142627213074162,0.06041847220502662,0.0018571251702364738
v1,4,0.3,4.487127758705165,8077,1.0,t1,spark,burstgpt,total,0.5,271.8043715479004,3.350829639177391,oracle_unconstrained,0.9281292559118485,,,,,,,,,,,,,,,,,,,,,,,,,,
v1,4,0.3,4.487127758705165,8077,1.0,t1,spark,burstgpt,total,0.5,271.8043715479004,3.350829639177391,predictor_unconstrained,0.8120589327720689,,,,,,,,,,,,,,,,,,,,,,,,,,
v1,4,0.3,4.487127758705165,8077,1.0,t1,spark,burstgpt,total,0.5,271.8043715479004,3.350829639177391,fluid_ceiling,0.8840053689954858,,,,,,,,,,,,,,,,,,,,,,,,,,
v1,4,0.3,4.487127758705165,8077,1.0,t1,spark,burstgpt,total,0.5,271.8043715479004,3.350829639177391,random,0.2615451281416368,0.5247803700003715,0.24534323933999094,0.1751412429378531,0.3949486195369568,76.16997517434356,152.3367433384733,9.363508653177808,3.062799308820786,86.36901896899687,148.05616147555367,25.832421296847997,0.3949486195369568,0.07391358177541166,0.4345672898353349,0.09657050885229665,0.05942800544756716,0.0,0.49659527052123315,0.05806611365606042,0.03639965333663489,0.019809335149189054,0.07552309025628327,0.08480871610746564,0.0309520861706079,0.08220874086913459,0.0810944657669927
v1,4,0.3,4.487127758705165,8077,1.0,t1,spark,burstgpt,total,0.5,271.8043715479004,3.350829639177391,always_best_api,0.339358672774545,0.6395780309976544,0.30128601713141895,0.08409212640599893,0.3828154017580785,36.1368470073794,72.27217253287328,4.811685639406015,6.511382932603965,30.395830013024014,97.21137384602932,7.853541283681466,0.3828154017580785,0.020552185217283647,0.0,0.5966324130246379,1.925714993190541,0.0,0.0,0.0,0.0,0.0,0.0,0.0,0.0,0.4033675869753621,0.0
v1,4,0.3,4.487127758705165,8077,1.0,t1,spark,burstgpt,total,0.5,271.8043715479004,3.350829639177391,always_best_self,0.018633155874705955,0.5636784580019594,0.01844944405383377,0.005623995715050884,0.03553299492385787,0.0,0.0,8.84749852223398,0.06400000303983688,29.875005865566823,30.062258452166212,556.5431896309275,0.03553299492385787,0.0014857001361891792,0.3472824068342206,0.6156988981057323,0.0,1.9304197102884735,0.0,0.0,0.03701869506004705,0.0,0.0,0.0,0.0,0.0,0.0
v1,4,0.3,4.487127758705165,8077,1.0,t1,spark,burstgpt,total,0.5,271.8043715479004,3.350829639177391,threshold,0.1951838553918534,0.5753260099991166,0.13485481521033718,0.049019607843137254,0.25256902315216045,37.44691370916553,74.89225077826433,8.83748309694156,10.687512692596105,47.321077538330584,141.39515875225504,16.34847049971529,0.25256902315216045,0.030704469481243037,0.30853039494861956,0.408196112417977,0.8596013371301225,0.49510957038504394,0.0,0.0,0.03639965333663489,0.0,0.0,0.0,0.0,0.2468738392967686,0.0
v1,4,0.3,4.487127758705165,8077,1.0,t1,spark,burstgpt,total,0.5,271.8043715479004,3.350829639177391,static_qc,0.5662993685774421,0.6028807359980419,0.569737196992378,0.21372549019607842,0.7032313977962115,40.99047502924259,81.9792242226583,9.934403037138463,3.0925935282759838,21.611037857183554,75.9838843965842,13.686458601908159,0.7032313977962115,0.023523585489662,0.015723659774668813,0.2575213569394577,0.8571251702364739,0.0,0.0,0.0,0.02265692707688498,0.0023523585489662003,0.006561842268168874,0.36511080846849076,0.05658041351987124,0.2734926334034914,0.0
v1,4,0.3,4.487127758705165,8077,1.0,t1,spark,burstgpt,total,0.5,271.8043715479004,3.350829639177391,static_qc_fallback,0.6834839668193636,0.5575768759990751,0.674006244655149,0.5453874538745388,0.8917915067475548,43.65585342695522,87.30986879675586,10.454832695855961,2.796904400975194,20.215873289693455,60.71356914060633,14.144262388030711,0.8917915067475548,0.02550451900458091,0.07738021542651975,0.005323758821344559,0.33440633898724775,0.0,0.0,0.0,0.02550451900458091,0.01015228426395939,0.06314225578804011,0.49040485328711153,0.05583756345177665,0.268787916305559,0.0034666336511080848
v1,4,0.3,4.487127758705165,8077,1.0,t1,spark,burstgpt,total,0.5,271.8043715479004,3.350829639177391,shortest_queue,0.4587718212207503,0.5478603490009846,0.4353363177511847,0.3843137254901961,0.692212455119475,3.911647701459515,7.823130709493534,9.497829188059896,2.3057411273077832,9.629036377913508,26.114345654739676,17.67111452381141,0.692212455119475,0.0,0.008418967438405348,0.2993685774421196,0.9888572489785812,0.0,0.0,0.05596137179645908,0.036894886715364617,0.018323635012999877,0.0,0.5810325615946514,0.0,0.0,0.0
v1,4,0.3,4.487127758705165,8077,1.0,t1,spark,burstgpt,total,0.5,271.8043715479004,3.350829639177391,capacity_greedy,0.7141265321282655,0.5734092099992267,0.6919012083221473,0.6176470588235294,0.9774668812677975,24.405408344971875,48.809789140786016,10.039876258533997,1.9674783798028308,13.110671051553664,32.644214499936886,14.873039281367937,0.9774668812677975,0.011514176055466138,0.006314225578804011,0.004704717097932401,0.03206636127274978,0.0,0.0,0.0,0.029218769345053856,0.01547604308530395,0.22446452890924848,0.5216045561470843,0.04952333787297264,0.1473319301720936,0.0013618917915067476
v1,4,0.3,4.487127758705165,8077,1.0,t1,spark,burstgpt,total,0.5,271.8043715479004,3.350829639177391,batch_lp@2s,0.7170979324006438,1.4830423169987625,0.6977510288175782,0.6,0.9792001980933515,25.957725440466675,51.914357974044194,9.889007103188755,3.0313888634597106,14.467297519723342,31.393430931825087,15.543376009157129,0.9792001980933515,0.011266559366101275,0.006809458957533738,0.002723783583013495,0.018199826668317445,0.0,0.0,0.0,0.029218769345053856,0.015352234740621518,0.25133093970533615,0.48149065246997647,0.04345672898353349,0.16466509842763402,0.004952333787297264
v1,4,0.3,4.487127758705165,8077,1.0,t1,spark,burstgpt,total,0.5,271.8043715479004,3.350829639177391,A:knn_capacity_greedy,0.6808839915810325,3.2260242120028124,0.6626419978609722,0.5823529411764706,0.9450290949610004,47.61188038984983,95.22175616060454,9.690373489837967,1.920842131677773,27.27604681844492,77.39689603473062,14.926166527168562,0.9450290949610004,0.041351987123932156,0.01015228426395939,0.0034666336511080848,0.019066485081094466,0.0,0.0,0.0007428500680945896,0.032313977962114646,0.0164665098427634,0.2841401510461805,0.4017580784944905,0.04395196236226322,0.19957905162807973,0.007428500680945895
v1,4,0.7,10.469964770312052,18846,1.0,t1,spark,burstgpt,total,0.1,126.84204005568688,5.5140983663877705,oracle_unconstrained,0.9290565637270508,,,,,,,,,,,,,,,,,,,,,,,,,,
v1,4,0.7,10.469964770312052,18846,1.0,t1,spark,burstgpt,total,0.1,126.84204005568688,5.5140983663877705,predictor_unconstrained,0.8172556510665393,,,,,,,,,,,,,,,,,,,,,,,,,,
v1,4,0.7,10.469964770312052,18846,1.0,t1,spark,burstgpt,total,0.1,126.84204005568688,5.5140983663877705,fluid_ceiling,0.8851160250309453,,,,,,,,,,,,,,,,,,,,,,,,,,
v1,4,0.7,10.469964770312052,18846,1.0,t1,spark,burstgpt,total,0.1,126.84204005568688,5.5140983663877705,random,0.13705826170009552,1.6639764120009204,0.13388404787887245,0.11060433295324971,0.22455693515865435,53.97900274462518,107.95764222976182,9.064921112048125,2.1643302458787814,53.7075501592012,127.22577942585563,23.186161327264863,0.22455693515865435,0.02005730659025788,0.28319006685768866,0.4721956913933991,0.13822561816831158,0.46651809402525735,1.0581025151225725,0.04255544943224027,0.019155258410272737,0.00939191340337472,0.05799639180728006,0.051098376313276024,0.013902154303300435,0.02584102727369203,0.024673670805475962
v1,4,0.7,10.469964770312052,18846,1.0,t1,spark,burstgpt,total,0.1,126.84204005568688,5.5140983663877705,always_best_api,0.10113551947362835,1.7432136989991704,0.08485012875591937,0.031073446327683617,0.11328663907460469,61.708083282690495,123.41575129192961,4.904388579471362,7.924133189416921,82.27800978370793,215.5139587520942,9.604495770135827,0.11328663907460469,0.02913085004775549,0.0,0.8575825108776398,1.7684919876896954,0.0,0.8388517457285366,0.0,0.0,0.0,0.0,0.0,0.0,0.14241748912236019,0.0
v1,4,0.7,10.469964770312052,18846,1.0,t1,spark,burstgpt,total,0.1,126.84204005568688,5.5140983663877705,always_best_self,0.009736814178074923,1.4525671459996374,0.00900218890573934,0.005131128848346636,0.019049135094980366,0.0,0.0,9.112383447422669,27.540368297620603,30.035365442551036,30.091334371062562,524.5295244983611,0.019049135094980366,0.0020694046482012097,0.2649899182850472,0.7138915419717712,0.0,2.152180834129258,0.0,0.0,0.021118539743181577,0.0,0.0,0.0,0.0,0.0,0.0
v1,4,0.7,10.469964770312052,18846,1.0,t1,spark,burstgpt,total,0.1,126.84204005568688,5.5140983663877705,threshold,0.02475326329194524,1.55516827899919,0.02036804829125597,0.004262574595055414,0.03979624323463865,33.45703249005601,66.91383982618379,9.247964778862864,29.397272036364583,71.14851625973648,101.67144537383288,54.58359302394638,0.03979624323463865,0.027220630372492838,0.2502387774594078,0.6827443489334607,0.10495595882415366,1.9381831688421947,0.01862464183381089,0.0,0.020269553220842618,0.0,0.0,0.0,0.0,0.04674732038628887,0.0
v1,4,0.7,10.469964770312052,18846,1.0,t1,spark,burstgpt,total,0.1,126.84204005568688,5.5140983663877705,static_qc,0.3369945877109201,1.5825125689989363,0.3318445081921479,0.21142369991474852,0.4379709222116099,33.97034213747611,67.94045566663263,9.554702181524885,2.1578514980335157,15.86760868400595,42.68136852214235,13.358748942075373,0.4379709222116099,0.00785312533163536,0.11593972195691393,0.43823623049984084,0.9465669107502919,0.16539318688315824,0.22981003926562665,0.0,0.013477661042130957,0.0066327072057731085,0.07200466942587286,0.2412713573172026,0.03565743393823623,0.0767802186140295,0.0
v1,4,0.7,10.469964770312052,18846,1.0,t1,spark,burstgpt,total,0.1,126.84204005568688,5.5140983663877705,static_qc_fallback,0.37188262761328666,1.7924570879986277,0.3315791463475925,0.2457627118644068,0.5104000848986522,34.75303158828865,69.50582930103612,9.972827344779652,1.6099635739964384,15.386900772623216,41.00776141372337,12.347688503173831,0.5104000848986522,0.0077470020163429906,0.1693728112066221,0.31248010187838265,0.4895468534437016,0.2107609041706463,0.6795606494746896,0.0,0.013530722699777141,0.0072694470975273266,0.2174466730340656,0.18709540486044784,0.026796137111323358,0.061020906293112596,0.004987795818741377
v1,4,0.7,10.469964770312052,18846,1.0,t1,spark,burstgpt,total,0.1,126.84204005568688,5.5140983663877705,shortest_queue,0.27676960628250025,1.5301050529997156,0.27167949761786697,0.23570300157977883,0.42162793165658496,5.664133422196755,11.32822872679027,9.33913129831916,2.4734692519996315,21.84612617528288,28.104288658742043,19.038839904675683,0.42162793165658496,5.3061657646184864e-05,0.00992252997983657,0.5683964767059323,1.7286426827974106,0.0,0.0,0.0518943011779688,0.021065478085535393,0.009285790088082353,0.0,0.3394354239626446,0.0,0.0,0.0
v1,4,0.7,10.469964770312052,18846,1.0,t1,spark,burstgpt,total,0.1,126.84204005568688,5.5140983663877705,capacity_greedy,0.42239732569245464,1.5418270299996948,0.4088681474413572,0.37169650468883203,0.6077682266794014,31.521593564817522,63.04297500052235,10.082687131340464,1.3659739945541225,21.32302337019362,30.014150926278045,13.22612557597664,0.6077682266794014,0.006261275602249814,0.14294810569882202,0.2430223920195267,0.005146980791679932,0.7370264247055078,0.0,0.02387774594078319,0.014326647564469915,0.008171495277512469,0.27931656584951714,0.18916480950864906,0.025469595670168738,0.06871484665180941,0.004987795818741377
v1,4,0.7,10.469964770312052,18846,1.0,t1,spark,burstgpt,total,0.1,126.84204005568688,5.5140983663877705,batch_lp@2s,0.44441791361562133,9.111548491000576,0.42684726044337035,0.38022165387894286,0.631752095935477,31.408534932019393,62.81685849577048,10.11357797764883,2.478651414936934,19.401804061442817,29.717349711292854,14.240505651297306,0.631752095935477,0.005040857476387562,0.3628886766422583,0.0003183699458771092,0.0019102196752626551,0.0,0.001167356468216067,0.02398386925607556,0.013689907672715695,0.008012310304573915,0.3060065796455481,0.18529130850047756,0.024461424174891222,0.07110262124588772,0.004244932611694789
v1,4,0.7,10.469964770312052,18846,1.0,t1,spark,burstgpt,total,0.1,126.84204005568688,5.5140983663877705,A:knn_capacity_greedy,0.4045686087233365,3.9078747359999397,0.3887855895459265,0.3389830508474576,0.5903109413138067,35.703269407324115,71.40629854434451,9.664400316155389,1.248053736404656,25.027011335404534,41.881912290547085,12.985650965161767,0.5903109413138067,0.011036824790406453,0.14119707099649792,0.257455162899289,0.011036824790406453,0.7780430860660087,0.0,0.02212671123845909,0.017085853762071525,0.008914358484559057,0.30563514804202485,0.1686299479995755,0.022710389472567122,0.05178817786267643,0.004457179242279528
v1,4,0.7,10.469964770312052,18846,1.0,t1,spark,burstgpt,total,0.5,634.2102002784343,3.350829639177391,oracle_unconstrained,0.9290565637270508,,,,,,,,,,,,,,,,,,,,,,,,,,
v1,4,0.7,10.469964770312052,18846,1.0,t1,spark,burstgpt,total,0.5,634.2102002784343,3.350829639177391,predictor_unconstrained,0.8172556510665393,,,,,,,,,,,,,,,,,,,,,,,,,,
v1,4,0.7,10.469964770312052,18846,1.0,t1,spark,burstgpt,total,0.5,634.2102002784343,3.350829639177391,fluid_ceiling,0.8851160250309453,,,,,,,,,,,,,,,,,,,,,,,,,,
v1,4,0.7,10.469964770312052,18846,1.0,t1,spark,burstgpt,total,0.5,634.2102002784343,3.350829639177391,random,0.36591319112809084,1.3672722359988256,0.3367836468354029,0.2570621468926554,0.5396370582617,168.10351123110377,336.20589118537015,9.946866950281462,1.7903044417122942,67.92101311761193,136.8825978544023,15.35952573975571,0.5396370582617,0.06202907778839011,0.19988326435317838,0.1984505995967314,0.4719303831051682,0.33529661466624217,0.009285790088082353,0.04059216809933142,0.01878382680674944,0.010134776610421309,0.1983975379390852,0.13472354876366338,0.03841664013583784,0.086968056882097,0.0736495808129046
v1,4,0.7,10.469964770312052,18846,1.0,t1,spark,burstgpt,total,0.5,634.2102002784343,3.350829639177391,always_best_api,0.19383423538151331,1.6318069310000283,0.16357354214735143,0.0702394526795895,0.2205773108351905,108.7173070818535,217.4338825349003,4.904669548555069,8.225014766628087,72.52928109934591,190.253353366695,9.994841512512949,0.2205773108351905,0.05162899288973787,0.0,0.7277936962750716,2.2449856733524354,0.0,0.0,0.0,0.0,0.0,0.0,0.0,0.0,0.2722063037249284,0.0
v1,4,0.7,10.469964770312052,18846,1.0,t1,spark,burstgpt,total,0.5,634.2102002784343,3.350829639177391,always_best_self,0.009736814178074923,1.4196395439976186,0.00900218890573934,0.005131128848346636,0.019049135094980366,0.0,0.0,9.112383447422669,27.540368297620603,30.035365442551036,30.091334371062562,524.5295244983611,0.019049135094980366,0.0020694046482012097,0.2649899182850472,0.7138915419717712,0.0,2.152180834129258,0.0,0.0,0.021118539743181577,0.0,0.0,0.0,0.0,0.0,0.0
v1,4,0.7,10.469964770312052,18846,1.0,t1,spark,burstgpt,total,0.5,634.2102002784343,3.350829639177391,threshold,0.10925395309349464,1.532658223000908,0.07349932451983632,0.025423728813559324,0.13758887827655736,96.8454247751506,193.69019781503968,9.122854174649472,14.684350840168293,86.13870990076728,230.19513113824252,22.369392501061895,0.13758887827655736,0.050620821394460364,0.16995648944073014,0.6418338108882522,1.0274328770030776,0.9315504616364215,0.0,0.0,0.019898121617319325,0.0,0.0,0.0,0.0,0.1683115780536984,0.0
v1,4,0.7,10.469964770312052,18846,1.0,t1,spark,burstgpt,total,0.5,634.2102002784343,3.350829639177391,static_qc,0.35182532102302877,1.8707051590026822,0.3669710249233325,0.1918158567774936,0.4334606813116842,90.97370709591087,181.94680197113166,9.670987034776754,3.003163859153233,44.315244343931695,163.6956947050584,12.976773744666716,0.4334606813116842,0.03199617956064948,0.028122678552477978,0.5064204605751884,1.5685026000212248,0.0030245144858325372,0.0,0.0,0.010081714952775125,0.002759206197601613,0.0064735222328345535,0.23256924546322827,0.04685344370158124,0.16671972832431284,0.0
v1,4,0.7,10.469964770312052,18846,1.0,t1,spark,burstgpt,total,0.5,634.2102002784343,3.350829639177391,static_qc_fallback,0.5023347129364322,1.8718989379995037,0.4568723999538107,0.36828644501278773,0.6591319112809084,110.08216568399803,220.1635905541764,9.74564074524349,2.205648332318219,29.22572049931117,111.6148344713344,12.776955748507845,0.6591319112809084,0.033534967632388835,0.08818847500795925,0.2191446460787435,1.039902366549931,0.11556829035339064,0.0,0.0,0.0115674413668683,0.0056775973681417805,0.17605858007004138,0.2625490820333227,0.047171813647458344,0.1665605433513743,0.023081821076090418
v1,4,0.7,10.469964770312052,18846,1.0,t1,spark,burstgpt,total,0.5,634.2102002784343,3.350829639177391,shortest_queue,0.27676960628250025,1.6172643329991843,0.27167949761786697,0.23570300157977883,0.42162793165658496,5.664133422196755,11.32822872679027,9.33913129831916,2.4734692519996315,21.84612617528288,28.104288658742043,19.038839904675683,0.42162793165658496,5.3061657646184864e-05,0.00992252997983657,0.5683964767059323,1.7286426827974106,0.0,0.0,0.0518943011779688,0.021065478085535393,0.009285790088082353,0.0,0.3394354239626446,0.0,0.0,0.0
v1,4,0.7,10.469964770312052,18846,1.0,t1,spark,burstgpt,total,0.5,634.2102002784343,3.350829639177391,capacity_greedy,0.6956913933991298,1.415465458001563,0.6618377284976383,0.576271186440678,0.9759100074286321,61.36335569230323,122.72629843104914,10.10840100250206,1.2719349786813012,14.305614775647351,28.890386681233974,12.401988913626752,0.9759100074286321,0.008808235169266689,0.013636846015069511,0.0016449113870317309,0.016289928897378753,0.0,0.0,0.0,0.013477661042130957,0.0071633237822349575,0.5031836994587711,0.27830839435423965,0.045420778945134244,0.11604584527220631,0.021118539743181577
v1,4,0.7,10.469964770312052,18846,1.0,t1,spark,burstgpt,total,0.5,634.2102002784343,3.350829639177391,batch_lp@2s,0.6976281439032156,3.820667019001121,0.6651446483573223,0.5903954802259888,0.976175315716863,60.13794265250726,120.2754805980511,10.162395853292589,2.433061289993418,14.431603188614615,29.62874627357815,13.515857448853524,0.976175315716863,0.009126605115143797,0.01395521596094662,0.0007428632070465882,0.004669425872864268,0.0,0.0,0.0,0.013689907672715695,0.0072694470975273266,0.5150164491138703,0.2663164597262018,0.04303300435105593,0.12055608617213202,0.01942056669850366
v1,4,0.7,10.469964770312052,18846,1.0,t1,spark,burstgpt,total,0.5,634.2102002784343,3.350829639177391,A:knn_capacity_greedy,0.6725830414942163,3.7637097879996873,0.6305504289523666,0.519774011299435,0.957497612225406,76.9203370419691,153.84015643742993,9.627824599013172,1.1930438367835166,18.558084235828822,48.843791630658444,12.286581310399363,0.957497612225406,0.022657327814920938,0.01602462060914783,0.0038204393505253103,0.026743075453677174,0.0,0.0,0.0006898015494004033,0.0168205454738406,0.008542926881035763,0.5423432028016555,0.23893664438077045,0.03650642046057519,0.11731932505571474,0.01899607343733418
v1,4,1.0,14.957092529017217,26923,1.0,t1,spark,burstgpt,total,0.1,181.20291436526696,5.5140983663877705,oracle_unconstrained,0.9284626527504364,,,,,,,,,,,,,,,,,,,,,,,,,,
v1,4,1.0,14.957092529017217,26923,1.0,t1,spark,burstgpt,total,0.1,181.20291436526696,5.5140983663877705,predictor_unconstrained,0.8140251829290941,,,,,,,,,,,,,,,,,,,,,,,,,,
v1,4,1.0,14.957092529017217,26923,1.0,t1,spark,burstgpt,total,0.1,181.20291436526696,5.5140983663877705,fluid_ceiling,0.8807368071038227,,,,,,,,,,,,,,,,,,,,,,,,,,
v1,4,1.0,14.957092529017217,26923,1.0,t1,spark,burstgpt,total,0.1,181.20291436526696,5.5140983663877705,random,0.1421646918991197,2.219278027998371,0.13244487459842755,0.09881422924901186,0.2256806448018423,90.7089150099273,181.41625695638928,9.644686470092212,2.376800208022705,60.868627630817976,125.91121588854463,20.71971172088948,0.2256806448018423,0.026668647624707498,0.3163094751699291,0.4313412324035212,0.17386621104631728,0.4248783567953051,0.9661999034282955,0.03725439215540616,0.014522898636853248,0.007577164506184304,0.07161163317609479,0.049474427069791625,0.011254317869479627,0.03201723433495524,0.028637224677784793
v1,4,1.0,14.957092529017217,26923,1.0,t1,spark,burstgpt,total,0.1,181.20291436526696,5.5140983663877705,always_best_api,0.1592690264829328,2.3324256209998566,0.13284418879587356,0.04585118197683643,0.18136908962597037,90.66014447825728,181.31871673882213,4.022332055954169,6.804783882778592,55.191250535128255,128.9778886882498,8.198812814148255,0.18136908962597037,0.02782007948594139,0.0,0.7908108308880882,2.1270660773316497,0.0,0.31040374401069715,0.0,0.0,0.0,0.0,0.0,0.0,0.20918916911191174,0.0
v1,4,1.0,14.957092529017217,26923,1.0,t1,spark,burstgpt,total,0.1,181.20291436526696,5.5140983663877705,always_best_self,0.007298592281692233,2.0656969330011634,0.009232335621148972,0.003252419482785975,0.012888608253166437,0.0,0.0,9.368862807576727,27.02957210979362,30.032604887535292,30.111680210746268,638.6876234440604,0.012888608253166437,0.0011514318612338892,0.26572075920216914,0.7202392006834305,0.0,2.1970434201240576,0.0,0.0,0.014040040114400326,0.0,0.0,0.0,0.0,0.0,0.0
v1,4,1.0,14.957092529017217,26923,1.0,t1,spark,burstgpt,total,0.1,181.20291436526696,5.5140983663877705,threshold,0.025108643167551906,2.102973776996805,0.02052097561115884,0.005931198102016607,0.037848679567655905,59.474531264044344,118.94803112767741,9.434387714974608,29.90882272600544,70.27198106553844,101.39963417079062,46.42800879215912,0.037848679567655905,0.03458009880028229,0.25093785982245664,0.6766333618096052,0.09322883779667943,1.9754485012814322,0.0,0.0,0.014225754930728373,0.0,0.0,0.0,0.0,0.05820302343720982,0.0
v1,4,1.0,14.957092529017217,26923,1.0,t1,spark,burstgpt,total,0.1,181.20291436526696,5.5140983663877705,static_qc,0.3896853991011403,2.181288358002348,0.3791502308764751,0.24733096085409254,0.5071128774653642,58.90202330901593,117.80302514598704,10.03317403187406,2.203863981628615,16.879936631708844,48.278905958976104,13.328849198339071,0.5071128774653642,0.010511458604167441,0.12702893436838392,0.35534672956208446,0.9557627307506593,0.1496118560338744,0.0,0.0,0.009285740816402332,0.004680013371466776,0.07766593618838911,0.29417226906362587,0.03885153957582736,0.09296883705382016,0.0
v1,4,1.0,14.957092529017217,26923,1.0,t1,spark,burstgpt,total,0.1,181.20291436526696,5.5140983663877705,static_qc_fallback,0.4848642424692642,2.422483682999882,0.43312711619510386,0.33201581027667987,0.6642647550421573,68.11481677395022,136.22845230866173,9.700289188889336,1.6650748789700316,15.172826771024331,44.41333156999434,12.327964126138454,0.6642647550421573,0.01110574601641719,0.1584518812910894,0.16617761765033615,0.6056531590090257,0.1739404969728485,0.23240352115291757,0.0,0.009248597853136723,0.004680013371466776,0.27842365263900754,0.2555807302306578,0.03368866768190766,0.0867659621884634,0.006982877093934554
v1,4,1.0,14.957092529017217,26923,1.0,t1,spark,burstgpt,total,0.1,181.20291436526696,5.5140983663877705,shortest_queue,0.2850722430635516,2.2369496370010893,0.27457486248933527,0.233201581027668,0.4235040671544776,8.430780811617296,16.86141541761327,9.284520976191297,2.448714500582355,19.577621887691937,27.465986887556223,17.36218897236745,0.4235040671544776,0.00018571481632804665,0.008505738587824536,0.5678044794413698,1.7415964045611558,0.0,0.0,0.03595438844110983,0.01444861271032203,0.007354306726590648,0.0,0.3659324740927831,0.0,0.0,0.0
v1,4,1.0,14.957092529017217,26923,1.0,t1,spark,burstgpt,total,0.1,181.20291436526696,5.5140983663877705,capacity_greedy,0.575493072837351,2.0429594809975242,0.5484504143825245,0.48023715415019763,0.8249823570924488,59.73816870001792,119.4753014276548,9.910967605224354,1.247312269617197,14.531534859565935,29.863181513299978,12.483050694794242,0.8249823570924488,0.0069085911674033355,0.09542027262935036,0.07268877911079746,0.013705753445009843,0.22118634624670355,0.0,0.013520038628681796,0.01006574304498013,0.005311443746982134,0.44274412212606323,0.24038925825502358,0.02730007800022286,0.08405452587007392,0.008505738587824536
v1,4,1.0,14.957092529017217,26923,1.0,t1,spark,burstgpt,total,0.1,181.20291436526696,5.5140983663877705,batch_lp@2s,0.5980574230212087,8.136677251000947,0.5646210208763363,0.48616600790513836,0.8547710136314676,59.473626848432104,118.94622231213721,9.724212623133793,2.3908617375784615,14.118511155848491,29.30488110899365,13.541546973650327,0.8547710136314676,0.006091445975559931,0.1382089663113323,0.0009285740816402332,0.005942874122497493,0.0,3.714296326560933e-05,0.013148608996025704,0.009508598595995989,0.005385729673513353,0.47672993351409576,0.23481781376518218,0.025294357983879953,0.08906882591093117,0.0069085911674033355
v1,4,1.0,14.957092529017217,26923,1.0,t1,spark,burstgpt,total,0.1,181.20291436526696,5.5140983663877705,A:knn_capacity_greedy,0.5788916539761542,4.587117307000881,0.5499814086838439,0.4881422924901186,0.8410652601864577,70.49648506989979,140.991747597946,9.881592511166554,1.1683861172833483,18.542039130523033,41.380239133721226,12.379069923187842,0.8410652601864577,0.01389146826133789,0.07982022805779446,0.06522304349440998,0.023400066857333878,0.19563198751996436,0.0,0.015785759387883964,0.01222003491438547,0.00612858893882554,0.49504141440404115,0.2228949225569216,0.0238829253797868,0.0712402035434387,0.0077628793225123505
v1,4,1.0,14.957092529017217,26923,1.0,t1,spark,burstgpt,total,0.5,906.0145718263348,3.350829639177391,oracle_unconstrained,0.9284626527504364,,,,,,,,,,,,,,,,,,,,,,,,,,
v1,4,1.0,14.957092529017217,26923,1.0,t1,spark,burstgpt,total,0.5,906.0145718263348,3.350829639177391,predictor_unconstrained,0.8140251829290941,,,,,,,,,,,,,,,,,,,,,,,,,,
v1,4,1.0,14.957092529017217,26923,1.0,t1,spark,burstgpt,total,0.5,906.0145718263348,3.350829639177391,fluid_ceiling,0.8807368071038227,,,,,,,,,,,,,,,,,,,,,,,,,,
v1,4,1.0,14.957092529017217,26923,1.0,t1,spark,burstgpt,total,0.5,906.0145718263348,3.350829639177391,random,0.3587453107008877,1.840784985000937,0.3350596196767765,0.25889328063241107,0.5211529175797646,253.53137687050912,507.0583570293365,9.320379392187972,2.0149798370555345,73.73887413821421,138.11523431788083,15.174466139348397,0.5211529175797646,0.06574304498012852,0.23548638710396316,0.17761765033614382,0.45485272815065186,0.29762656464732756,0.0,0.03391152546150132,0.014894328269509342,0.00772573635924674,0.19656056160160457,0.13271180774802213,0.034245812130891805,0.08929168369052483,0.07755450729859228
v1,4,1.0,14.957092529017217,26923,1.0,t1,spark,burstgpt,total,0.5,906.0145718263348,3.350829639177391,always_best_api,0.19851056717304907,2.27471520600011,0.1661857496656929,0.060209424083769635,0.22627493221409203,115.12392425670987,230.24585204770068,4.117794509731373,7.0390027232006105,54.92389478534981,130.7626374143862,8.497057225716446,0.22627493221409203,0.035174386212532036,0.0,0.7385506815733759,2.2913494038554396,0.0,0.0,0.0,0.0,0.0,0.0,0.0,0.0,0.26144931842662406,0.0
v1,4,1.0,14.957092529017217,26923,1.0,t1,spark,burstgpt,total,0.5,906.0145718263348,3.350829639177391,always_best_self,0.007298592281692233,2.0591516200001934,0.009232335621148972,0.003252419482785975,0.012888608253166437,0.0,0.0,9.368862807576727,27.02957210979362,30.032604887535292,30.111680210746268,638.6876234440604,0.012888608253166437,0.0011514318612338892,0.26572075920216914,0.7202392006834305,0.0,2.1970434201240576,0.0,0.0,0.014040040114400326,0.0,0.0,0.0,0.0,0.0,0.0
v1,4,1.0,14.957092529017217,26923,1.0,t1,spark,burstgpt,total,0.5,906.0145718263348,3.350829639177391,threshold,0.10557887308249451,2.3491925460002676,0.06772947753466922,0.017509727626459144,0.13464324183783383,110.74620923830662,221.4904979287194,9.579178032066329,12.702291467774103,73.1511171795022,191.8542801495804,17.201733927612622,0.13464324183783383,0.04108011737176392,0.17460907031162945,0.6496675704787728,1.0531144374698214,0.9492627121791777,0.0,0.0,0.013037180106228875,0.0,0.0,0.0,0.0,0.16268617910336886,0.0
v1,4,1.0,14.957092529017217,26923,1.0,t1,spark,burstgpt,total,0.5,906.0145718263348,3.350829639177391,static_qc,0.359098168851911,2.655607365999458,0.3681383793633239,0.16725978647686832,0.4427069791627976,118.57358313623081,237.14510998315905,9.823617214099599,3.093300712655555,36.995140380373094,151.47443043119281,12.624417152028315,0.4427069791627976,0.028414366898191136,0.03164580470229915,0.4972328492367121,1.5543215837759536,0.0026371503918582624,0.0,0.0,0.007020020057200163,0.0026371503918582624,0.006314303755153586,0.2444749842142406,0.04108011737176392,0.16959477027077222,0.0
v1,4,1.0,14.957092529017217,26923,1.0,t1,spark,burstgpt,total,0.5,906.0145718263348,3.350829639177391,static_qc_fallback,0.5067600193143409,2.6087477789988043,0.4586962011317568,0.3715415019762846,0.6671619061768748,143.61946180083942,287.2364329696584,10.158658146374721,2.299954673015037,27.01395223260795,100.51919240271792,12.449736095049687,0.6671619061768748,0.030605801730862088,0.09816885191100547,0.20406344018125766,1.0112543178694797,0.10426029788656539,0.0,0.0,0.008097165991902834,0.004531441518404338,0.17163763325038073,0.2825465215614902,0.04126583218809197,0.16989191397689707,0.01979719942056977
v1,4,1.0,14.957092529017217,26923,1.0,t1,spark,burstgpt,total,0.5,906.0145718263348,3.350829639177391,shortest_queue,0.2850722430635516,2.303753121999762,0.27457486248933527,0.233201581027668,0.4235040671544776,8.430780811617296,16.86141541761327,9.284520976191297,2.448714500582355,19.577621887691937,27.465986887556223,17.36218897236745,0.4235040671544776,0.00018571481632804665,0.008505738587824536,0.5678044794413698,1.7415964045611558,0.0,0.0,0.03595438844110983,0.01444861271032203,0.007354306726590648,0.0,0.3659324740927831,0.0,0.0,0.0
v1,4,1.0,14.957092529017217,26923,1.0,t1,spark,burstgpt,total,0.5,906.0145718263348,3.350829639177391,capacity_greedy,0.6936076960219887,2.055473099997471,0.6587019825223753,0.567193675889328,0.9756713590610259,87.72890281032414,175.45628423620832,10.170198746743157,1.3311491863205651,14.227404502432137,30.21486497757519,12.550973307596223,0.9756713590610259,0.010140028971511348,0.010920031200089143,0.003268580767373621,0.022842922408349738,0.0,0.0,0.0,0.009360026742933552,0.004828585224529213,0.4924042640121829,0.29799799427998364,0.03777439364112469,0.12561750176429076,0.01782862236749248
v1,4,1.0,14.957092529017217,26923,1.0,t1,spark,burstgpt,total,0.5,906.0145718263348,3.350829639177391,batch_lp@2s,0.6958177023362924,5.046815157998935,0.6595407801523385,0.5711462450592886,0.977082791665119,88.63220172513684,177.26286640092889,10.01089767853852,2.4690537175324305,14.751851088026024,30.723070793442286,13.538138931934498,0.977082791665119,0.010734316383761097,0.010808602310292315,0.0013742896408275452,0.009248597853136723,0.0,0.0,0.0,0.009545741559261597,0.0047914422612636036,0.5068528767225049,0.2808008022880065,0.03558295880845374,0.1325632358949597,0.017680050514430043
v1,4,1.0,14.957092529017217,26923,1.0,t1,spark,burstgpt,total,0.5,906.0145718263348,3.350829639177391,A:knn_capacity_greedy,0.6734947814136611,4.21623965499748,0.6374386009487079,0.5632411067193676,0.9594770270772203,110.89681441455468,221.79170566943807,10.078050555520344,1.255339084975212,18.66710417732788,48.95199060184683,12.44795780067426,0.9594770270772203,0.023771496489989972,0.012034320098057423,0.004717156334732385,0.03458009880028229,0.0,0.0,0.0007428592653121866,0.011477175649073284,0.0056457304163726185,0.5278015080043086,0.26215503472867063,0.03253723582067378,0.12506035731530663,0.01782862236749248
v1,4,1.3,19.444220287722384,35000,1.0,t1,spark,burstgpt,total,0.1,235.56378867484705,5.5140983663877705,oracle_unconstrained,0.9277857142857143,,,,,,,,,,,,,,,,,,,,,,,,,,
v1,4,1.3,19.444220287722384,35000,1.0,t1,spark,burstgpt,total,0.1,235.56378867484705,5.5140983663877705,predictor_unconstrained,0.8131857142857143,,,,,,,,,,,,,,,,,,,,,,,,,,
v1,4,1.3,19.444220287722384,35000,1.0,t1,spark,burstgpt,total,0.1,235.56378867484705,5.5140983663877705,fluid_ceiling,0.879639000305059,,,,,,,,,,,,,,,,,,,,,,,,,,
v1,4,1.3,19.444220287722384,35000,1.0,t1,spark,burstgpt,total,0.1,235.56378867484705,5.5140983663877705,random,0.1498142857142857,2.8038720180011296,0.14081101879887062,0.11380880121396054,0.22988571428571428,118.06806293800037,236.1334036845754,9.457146580571544,1.9169066713013763,60.5362888896341,135.03642188127318,16.35658305251863,0.22988571428571428,0.024057142857142857,0.31334285714285715,0.4327142857142857,0.2335142857142857,0.44748571428571426,0.8960285714285714,0.02642857142857143,0.011114285714285714,0.0057714285714285714,0.08714285714285715,0.05248571428571429,0.015257142857142858,0.028542857142857144,0.0272
v1,4,1.3,19.444220287722384,35000,1.0,t1,spark,burstgpt,total,0.1,235.56378867484705,5.5140983663877705,always_best_api,0.13492857142857143,3.001629905997106,0.1149811333815538,0.04800339847068819,0.15434285714285714,118.05162725568516,236.1005326988881,4.893587177469424,7.994107558951185,64.19109862889832,186.07774153854197,9.681960681377788,0.15434285714285714,0.026257142857142857,0.0,0.8194,1.7047142857142856,0.0,0.8091142857142857,0.0,0.0,0.0,0.0,0.0,0.0,0.1806,0.0
v1,4,1.3,19.444220287722384,35000,1.0,t1,spark,burstgpt,total,0.1,235.56378867484705,5.5140983663877705,always_best_self,0.004871428571428572,2.6112079090016778,0.0055684005768082195,0.0020026702269692926,0.0092,0.0,0.0,9.280828675126264,28.95850135485051,30.04462195439472,30.094967254193264,629.5095837061082,0.0092,0.0016,0.2605142857142857,0.7286857142857143,0.0,2.241857142857143,0.0,0.0,0.0108,0.0,0.0,0.0,0.0,0.0,0.0
v1,4,1.3,19.444220287722384,35000,1.0,t1,spark,burstgpt,total,0.1,235.56378867484705,5.5140983663877705,threshold,0.021042857142857144,2.6321171980016516,0.017810291880137444,0.005454545454545455,0.033057142857142854,75.38962506409734,150.77751193595373,9.214891736828925,30.014330786131268,75.13908064740016,103.43142185057145,44.40144908538946,0.033057142857142854,0.03351428571428571,0.2525142857142857,0.6809142857142857,0.10394285714285714,1.9920857142857142,0.0,0.0,0.010714285714285714,0.0,0.0,0.0,0.0,0.055857142857142855,0.0
v1,4,1.3,19.444220287722384,35000,1.0,t1,spark,burstgpt,total,0.1,235.56378867484705,5.5140983663877705,static_qc,0.3762714285714286,2.626301912998315,0.36901667399312044,0.2409090909090909,0.48782857142857144,74.51392139879499,149.02612479567776,9.914169828230547,2.2281043109669554,16.769248806029914,64.11473305398813,13.198797196863552,0.48782857142857144,0.010885714285714285,0.12548571428571428,0.3758,1.0026,0.165,0.0,0.0,0.006914285714285714,0.003457142857142857,0.07782857142857143,0.28331428571428574,0.03605714285714286,0.09114285714285714,0.0
v1,4,1.3,19.444220287722384,35000,1.0,t1,spark,burstgpt,total,0.1,235.56378867484705,5.5140983663877705,static_qc_fallback,0.48575714285714283,3.1147653730004095,0.42830214231318725,0.3110773899848255,0.6663714285714286,88.73877757082664,177.4755091697504,9.85406392166993,1.6405568923769351,14.818534612569646,42.44219199202938,12.156160908372897,0.6663714285714286,0.011428571428571429,0.1598857142857143,0.16231428571428572,0.6512,0.18074285714285715,0.20157142857142857,0.0,0.006828571428571429,0.0035714285714285713,0.29322857142857145,0.24848571428571428,0.030914285714285714,0.08668571428571428,0.008085714285714286
v1,4,1.3,19.444220287722384,35000,1.0,t1,spark,burstgpt,total,0.1,235.56378867484705,5.5140983663877705,shortest_queue,0.2857142857142857,2.8576362739986507,0.27822813332835944,0.23953749244973682,0.417,11.410221619225922,22.820180163013156,9.298709966901175,2.430474288548112,15.275038069175023,26.892149842424754,16.93186241322769,0.417,0.00011428571428571428,0.007057142857142857,0.5758285714285715,1.7627428571428572,0.0,0.0,0.029485714285714285,0.011485714285714285,0.005914285714285714,0.0,0.3702285714285714,0.0,0.0,0.0
v1,4,1.3,19.444220287722384,35000,1.0,t1,spark,burstgpt,total,0.1,235.56378867484705,5.5140983663877705,capacity_greedy,0.6180428571428571,2.5015961559984135,0.5845428036316211,0.49013657056145676,0.8837428571428572,83.74383003495859,167.485729262124,9.942281325529288,1.2227288537398286,12.960100346520017,29.84307672995835,12.281058124815495,0.8837428571428572,0.0077428571428571425,0.05397142857142857,0.05454285714285714,0.014685714285714286,0.1594857142857143,0.0,0.009742857142857143,0.007285714285714286,0.004171428571428572,0.49034285714285714,0.2552,0.028171428571428573,0.0872,0.009371428571428572
v1,4,1.3,19.444220287722384,35000,1.0,t1,spark,burstgpt,total,0.1,235.56378867484705,5.5140983663877705,batch_lp@2s,0.6464142857142857,8.019272288001957,0.6103214908802258,0.5128983308042488,0.9203142857142858,83.64420936360693,167.28649021628686,10.138329515913984,2.455665903906649,19.253664560496475,29.601144782921903,13.657452698729458,0.9203142857142858,0.008,0.07054285714285714,0.001142857142857143,0.007257142857142857,0.0,0.0005142857142857143,0.010828571428571429,0.007714285714285714,0.004142857142857143,0.5160571428571429,0.2616857142857143,0.026257142857142857,0.09431428571428571,0.007314285714285714
v1,4,1.3,19.444220287722384,35000,1.0,t1,spark,burstgpt,total,0.1,235.56378867484705,5.5140983663877705,A:knn_capacity_greedy,0.5815571428571429,4.5727034299998195,0.5482157984937975,0.4597875569044006,0.8438285714285715,90.53987436684292,181.07766123547916,9.87899147807384,1.1367569743917727,15.639134662034184,38.22819142196442,12.178946124984492,0.8438285714285715,0.013,0.0804,0.06277142857142858,0.022885714285714287,0.1850857142857143,0.0,0.015057142857142857,0.008914285714285715,0.004971428571428571,0.5106,0.21657142857142858,0.0244,0.06765714285714286,0.008657142857142856
v1,4,1.3,19.444220287722384,35000,1.0,t1,spark,burstgpt,total,0.5,1177.8189433742352,3.350829639177391,oracle_unconstrained,0.9277857142857143,,,,,,,,,,,,,,,,,,,,,,,,,,
v1,4,1.3,19.444220287722384,35000,1.0,t1,spark,burstgpt,total,0.5,1177.8189433742352,3.350829639177391,predictor_unconstrained,0.8131857142857143,,,,,,,,,,,,,,,,,,,,,,,,,,
v1,4,1.3,19.444220287722384,35000,1.0,t1,spark,burstgpt,total,0.5,1177.8189433742352,3.350829639177391,fluid_ceiling,0.879639000305059,,,,,,,,,,,,,,,,,,,,,,,,,,
v1,4,1.3,19.444220287722384,35000,1.0,t1,spark,burstgpt,total,0.5,1177.8189433742352,3.350829639177391,random,0.35295714285714286,2.3197031059971778,0.32403435864045893,0.23672230652503792,0.5085428571428572,308.8144067478279,617.6216934336412,9.674532521562648,2.02081972463328,70.98720334784464,140.09809385123694,14.718623602213768,0.5085428571428572,0.060257142857142856,0.23705714285714286,0.19414285714285714,0.4850857142857143,0.3278285714285714,0.0,0.02614285714285714,0.010685714285714286,0.005628571428571429,0.2018,0.13217142857142858,0.0324,0.08562857142857143,0.07434285714285714
v1,4,1.3,19.444220287722384,35000,1.0,t1,spark,burstgpt,total,0.5,1177.8189433742352,3.350829639177391,always_best_api,0.1964142857142857,2.903427141998691,0.16541311667494576,0.0648743779584901,0.2238,122.65581677359296,245.30880557995775,4.892452126053746,6.915885820625249,45.88610381970666,114.35208510475621,8.34076265551927,0.2238,0.024485714285714284,0.0,0.7517142857142857,2.3352857142857144,0.0,0.0,0.0,0.0,0.0,0.0,0.0,0.0,0.24828571428571428,0.0
v1,4,1.3,19.444220287722384,35000,1.0,t1,spark,burstgpt,total,0.5,1177.8189433742352,3.350829639177391,always_best_self,0.004871428571428572,2.5636162359987793,0.0055684005768082195,0.0020026702269692926,0.0092,0.0,0.0,9.280828675126264,28.95850135485051,30.04462195439472,30.094967254193264,629.5095837061082,0.0092,0.0016,0.2605142857142857,0.7286857142857143,0.0,2.241857142857143,0.0,0.0,0.0108,0.0,0.0,0.0,0.0,0.0,0.0
v1,4,1.3,19.444220287722384,35000,1.0,t1,spark,burstgpt,total,0.5,1177.8189433742352,3.350829639177391,threshold,0.10368571428571428,2.6424776679996285,0.06732464380019237,0.011878247958426132,0.1318,123.24817267945036,246.4935037342437,9.275001075949536,12.79207695704342,67.37168595033135,161.5815740295303,16.792620060770673,0.1318,0.0342,0.18448571428571428,0.6495142857142857,1.0868,0.9253142857142858,0.0,0.0,0.011142857142857144,0.0,0.0,0.0,0.0,0.15485714285714286,0.0
v1,4,1.3,19.444220287722384,35000,1.0,t1,spark,burstgpt,total,0.5,1177.8189433742352,3.350829639177391,static_qc,0.35135714285714287,3.04015904300104,0.36019542062847454,0.15318181818181817,0.43014285714285716,130.30746270768577,260.6119210308766,9.797502470140786,3.059396521699341,32.163227492490996,107.57661863714992,12.82665978886132,0.43014285714285716,0.024057142857142857,0.03331428571428571,0.5124857142857143,1.5998857142857144,0.002057142857142857,0.0,0.0,0.0054571428571428575,0.0024857142857142855,0.006542857142857143,0.23785714285714285,0.03797142857142857,0.16388571428571427,0.0
v1,4,1.3,19.444220287722384,35000,1.0,t1,spark,burstgpt,total,0.5,1177.8189433742352,3.350829639177391,static_qc_fallback,0.4991857142857143,3.237205784997059,0.4493688103322475,0.3581183611532625,0.6573714285714286,162.6339621490224,325.2641745899001,10.44734706711867,2.2729327702166486,25.39748061233566,79.1936805336841,12.427473327372553,0.6573714285714286,0.026342857142857144,0.0992,0.2170857142857143,1.0540571428571428,0.11168571428571429,0.0,0.0,0.006285714285714286,0.0032571428571428573,0.179,0.2718,0.03774285714285714,0.1656857142857143,0.019942857142857144
v1,4,1.3,19.444220287722384,35000,1.0,t1,spark,burstgpt,total,0.5,1177.8189433742352,3.350829639177391,shortest_queue,0.2857142857142857,2.7946849539985124,0.27822813332835944,0.23953749244973682,0.417,11.410221619225922,22.820180163013156,9.298709966901175,2.430474288548112,15.275038069175023,26.892149842424754,16.93186241322769,0.417,0.00011428571428571428,0.007057142857142857,0.5758285714285715,1.7627428571428572,0.0,0.0,0.029485714285714285,0.011485714285714285,0.005914285714285714,0.0,0.3702285714285714,0.0,0.0,0.0
v1,4,1.3,19.444220287722384,35000,1.0,t1,spark,burstgpt,total,0.5,1177.8189433742352,3.350829639177391,capacity_greedy,0.6957857142857143,2.429335008000635,0.6595755793535413,0.5538694992412747,0.9773714285714286,112.07411726394457,224.14565053359445,10.030672546968292,1.3037387908078801,13.732929724669361,30.83818180964145,12.324608925224766,0.9773714285714286,0.0106,0.009485714285714287,0.0025428571428571427,0.0204,0.0,0.0,0.0,0.007171428571428572,0.0034857142857142856,0.5143714285714286,0.2878,0.03397142857142857,0.12425714285714286,0.016914285714285715
v1,4,1.3,19.444220287722384,35000,1.0,t1,spark,burstgpt,total,0.5,1177.8189433742352,3.350829639177391,batch_lp@2s,0.6957285714285715,5.699845696999546,0.6568021165616327,0.5477996965098634,0.9782285714285714,108.45600434157495,216.9095081085009,10.001423394742808,2.477547387316406,13.924451001237907,30.727614200783965,13.389488984828404,0.9782285714285714,0.010828571428571429,0.009114285714285714,0.0018285714285714285,0.010942857142857143,0.0,0.0,0.0,0.007571428571428572,0.003657142857142857,0.5286857142857143,0.27485714285714286,0.030857142857142857,0.12831428571428571,0.015114285714285714
v1,4,1.3,19.444220287722384,35000,1.0,t1,spark,burstgpt,total,0.5,1177.8189433742352,3.350829639177391,A:knn_capacity_greedy,0.6754857142857142,4.685138421002193,0.6369865566077889,0.5402124430955993,0.9626285714285714,135.24788624282155,270.49265419415036,9.677031842393449,1.222692050144114,17.636098555949957,47.26490760020924,12.235017619086648,0.9626285714285714,0.0214,0.010457142857142858,0.005514285714285715,0.03608571428571428,0.0,0.0,0.0006857142857142857,0.0086,0.004542857142857143,0.5539428571428572,0.2522285714285714,0.0298,0.11868571428571428,0.015542857142857143
